x;y;track_id_x;track_type;track_id_type;percent_of_track;completion_group;track_id_y;best_strategy;best_bias
0.0;0.0;1;1;1_1;0.0;1;;brak;
6.646877026746438;-0.1382504942007472;1;1;1_1;0.0019899148939807273;1;;brak;
13.293754053492847;-0.2765009884014944;1;1;1_1;0.003979829787961446;1;;brak;
19.940631080239285;-0.4147514826022416;1;1;1_1;0.005969744681942174;1;;brak;
26.587508106985663;-0.5530019768029888;1;1;1_1;0.007959659575922883;1;;brak;
33.234385133732104;-0.691252471003736;1;1;1_1;0.009949574469903612;1;;brak;
39.88126216047854;-0.8295029652044832;1;1;1_1;0.011939489363884339;1;;brak;
46.52813918722492;-0.9677534594052304;1;1;1_1;0.013929404257865048;1;;brak;
53.17501621397136;-1.1060039536059776;1;1;1_1;0.015919319151845777;1;;brak;
59.960143734918574;5.402622578939827;1;1;1_1;0.018733483782881567;1;;brak;
66.6070207616649;5.26437208473908;1;1;1_1;0.02072339867686226;1;;brak;
73.25389778841134;5.126121590538332;1;1;1_1;0.02271331357084299;1;;brak;
79.90077481515777;4.987871096337585;1;1;1_1;0.024703228464823715;1;;brak;
86.54765184190421;4.849620602136838;1;1;1_1;0.026693143358804444;1;;brak;
93.19452886865064;4.711370107936091;1;1;1_1;0.028683058252785165;1;;brak;
99.84140589539696;4.573119613735344;1;1;1_1;0.03067297314676586;1;;brak;
106.62653341634422;11.08174614628092;1;1;1_1;0.033487137777801615;1;;brak;
113.27341044309064;10.943495652080172;1;1;1_1;0.03547705267178234;1;;brak;
119.92028746983704;10.805245157879426;1;1;1_1;0.03746696756576305;1;;brak;
126.70541499078422;17.31387169042523;1;1;1_1;0.040281132196798845;1;;brak;
133.35229201753066;17.175621196224483;1;1;1_1;0.04227104709077957;1;;brak;
139.99916904427704;17.037370702023736;1;1;1_1;0.04426096198476028;1;;brak;
146.64604607102348;16.89912020782299;1;1;1_1;0.04625087687874101;1;;brak;
153.29292309776991;16.760869713622014;1;1;1_1;0.04824079177272173;1;;brak;
159.9398001245163;16.622619219421267;1;1;1_1;0.05023070666670244;1;;brak;
166.58667715126273;16.48436872522052;1;1;1_1;0.05222062156068317;1;;brak;
173.23355417800917;16.346118231019773;1;1;1_1;0.0542105364546639;1;;brak;
179.88043120475555;16.207867736819026;1;1;1_1;0.05620045134864461;1;;brak;
186.527308231502;16.06961724261828;1;1;1_1;0.05819036624262534;1;;brak;
193.17418525824843;15.931366748417531;1;1;1_1;0.06018028113660606;1;;brak;
199.8210622849948;15.793116254216784;1;1;1_1;0.06217019603058677;1;;brak;
206.46793931174125;15.654865760016037;1;1;1_1;0.0641601109245675;1;;brak;
213.11481633848769;15.51661526581529;1;1;1_1;0.06615002581854823;1;;brak;
219.76169336523407;15.378364771614542;1;1;1_1;0.06813994071252893;1;;brak;
226.4085703919805;15.240114277413795;1;1;1_1;0.07012985560650967;1;;brak;
233.0554474187269;15.101863783213048;1;1;1_1;0.07211977050049038;1;;brak;
239.84057493967407;21.610490315758625;1;1;1_1;0.07493393513152612;1;;brak;
246.4874519664205;21.47223982155788;1;1;1_1;0.07692385002550685;1;;brak;
253.13432899316692;21.33398932735713;1;1;1_1;0.07891376491948758;1;;brak;
259.9194565141141;27.842615859902708;1;1;1_1;0.0817279295505233;1;;brak;
266.5663335408605;27.70436536570196;1;1;1_1;0.08371784444450403;1;;brak;
273.2132105676069;27.566114871501213;1;1;1_1;0.08570775933848473;1;;brak;
279.8600875943534;27.427864377300462;1;1;1_1;0.08769767423246548;1;;brak;
286.5069646210997;27.28961388309972;1;1;1_1;0.08968758912644617;1;;brak;
293.1538416478461;27.15136338889897;1;1;1_1;0.09167750402042689;1;;brak;
299.8007186745926;27.013112894698224;1;1;1_1;0.09366741891440762;1;;brak;
306.447595701339;26.87486240049748;1;1;1_1;0.09565733380838835;1;;brak;
313.0944727280854;26.73661190629673;1;1;1_1;0.09764724870236906;1;;brak;
319.74134975483184;26.598361412095983;1;1;1_1;0.09963716359634979;1;;brak;
326.38822678157817;26.46011091789524;1;1;1_1;0.10162707849033048;2;1_1;SR_1_SM_1;0.7557337894349376
333.0351038083246;26.32186042369449;1;1;1_1;0.10361699338431121;2;1_1;SR_1_SM_1;0.7557337894349376
339.68198083507104;26.18360992949374;1;1;1_1;0.10560690827829194;2;1_1;SR_1_SM_1;0.7557337894349376
346.3288578618175;26.045359435292998;1;1;1_1;0.10759682317227266;2;1_1;SR_1_SM_1;0.7557337894349376
352.9757348885639;25.907108941092247;1;1;1_1;0.1095867380662534;2;1_1;SR_1_SM_1;0.7557337894349376
359.7608624095111;32.41573547363805;1;1;1_1;0.11240090269728918;2;1_1;SR_1_SM_1;0.7557337894349376
366.40773943625743;32.277484979437304;1;1;1_1;0.11439081759126987;2;1_1;SR_1_SM_1;0.7557337894349376
373.1928669572047;38.78611151198288;1;1;1_1;0.11720498222230565;2;1_1;SR_1_SM_1;0.7557337894349376
379.8397439839512;38.64786101778213;1;1;1_1;0.11919489711628639;2;1_1;SR_1_SM_1;0.7557337894349376
386.4866210106976;38.50961052358139;1;1;1_1;0.12118481201026711;2;1_1;SR_1_SM_1;0.7557337894349376
393.133498037444;38.37136002938064;1;1;1_1;0.12317472690424781;2;1_1;SR_1_SM_1;0.7557337894349376
399.7803750641905;38.23310953517989;1;1;1_1;0.12516464179822856;2;1_1;SR_1_SM_1;0.7557337894349376
406.4272520909368;38.094859040979145;1;1;1_1;0.12715455669220926;2;1_1;SR_1_SM_1;0.7557337894349376
413.0741291176832;37.95660854677817;1;1;1_1;0.12914447158618997;2;1_1;SR_1_SM_1;0.7557337894349376
419.7210061444297;37.81835805257742;1;1;1_1;0.1311343864801707;2;1_1;SR_1_SM_1;0.7557337894349376
426.3678831711761;37.68010755837668;1;1;1_1;0.13312430137415143;2;1_1;SR_1_SM_1;0.7557337894349376
433.01476019792256;37.54185706417593;1;1;1_1;0.13511421626813216;2;1_1;SR_1_SM_1;0.7557337894349376
439.6616372246689;37.40360656997518;1;1;1_1;0.13710413116211284;2;1_1;SR_1_SM_1;0.7557337894349376
446.3085142514153;37.265356075774434;1;1;1_1;0.13909404605609357;2;1_1;SR_1_SM_1;0.7557337894349376
452.95539127816176;37.12710558157369;1;1;1_1;0.1410839609500743;2;1_1;SR_1_SM_1;0.7557337894349376
459.6022683049082;36.98885508737294;1;1;1_1;0.14307387584405504;2;1_1;SR_1_SM_1;0.7557337894349376
466.2491453316546;36.85060459317219;1;1;1_1;0.14506379073803574;2;1_1;SR_1_SM_1;0.7557337894349376
472.896022358401;36.712354098971446;1;1;1_1;0.14705370563201647;2;1_1;SR_1_SM_1;0.7557337894349376
479.5428993851474;36.5741036047707;1;1;1_1;0.14904362052599718;2;1_1;SR_1_SM_1;0.7557337894349376
486.3280269060946;43.0827301373165;1;1;1_1;0.15185778515703297;2;1_1;SR_1_SM_1;0.7557337894349376
492.974903932841;42.94447964311576;1;1;1_1;0.1538477000510137;2;1_1;SR_1_SM_1;0.7557337894349376
499.7600314537882;49.45310617566133;1;1;1_1;0.15666186468204943;2;1_1;SR_1_SM_1;0.7557337894349376
506.4069084805346;49.314855681460585;1;1;1_1;0.15865177957603016;2;1_1;SR_1_SM_1;0.7557337894349376
513.0537855072811;49.17660518725984;1;1;1_1;0.16064169447001092;2;1_1;SR_1_SM_1;0.7557337894349376
519.7006625340274;49.03835469305909;1;1;1_1;0.1626316093639916;2;1_1;SR_1_SM_1;0.7557337894349376
526.3475395607738;48.90010419885834;1;1;1_1;0.1646215242579723;2;1_1;SR_1_SM_1;0.7557337894349376
532.9944165875203;48.7618537046576;1;1;1_1;0.16661143915195303;2;1_1;SR_1_SM_1;0.7557337894349376
539.6412936142667;48.62360321045685;1;1;1_1;0.16860135404593374;2;1_1;SR_1_SM_1;0.7557337894349376
546.2881706410132;48.4853527162561;1;1;1_1;0.17059126893991447;2;1_1;SR_1_SM_1;0.7557337894349376
552.9350476677596;48.34710222205536;1;1;1_1;0.1725811838338952;2;1_1;SR_1_SM_1;0.7557337894349376
559.5819246945059;48.20885172785461;1;1;1_1;0.1745710987278759;2;1_1;SR_1_SM_1;0.7557337894349376
566.2288017212524;48.07060123365386;1;1;1_1;0.1765610136218566;2;1_1;SR_1_SM_1;0.7557337894349376
573.0139292421995;54.57922776619944;1;1;1_1;0.17937517825289237;2;1_1;SR_1_SM_1;0.7557337894349376
579.660806268946;54.44097727199869;1;1;1_1;0.1813650931468731;2;1_1;SR_1_SM_1;0.7557337894349376
586.3076832956924;54.30272677779794;1;1;1_1;0.18335500804085383;2;1_1;SR_1_SM_1;0.7557337894349376
592.9545603224389;54.1644762835972;1;1;1_1;0.18534492293483457;2;1_1;SR_1_SM_1;0.7557337894349376
599.6014373491852;54.02622578939645;1;1;1_1;0.18733483782881524;2;1_1;SR_1_SM_1;0.7557337894349376
606.3865648701324;60.53485232194225;1;1;1_1;0.19014900245985106;2;1_1;SR_1_SM_1;0.7557337894349376
613.0334418968788;60.39660182774151;1;1;1_1;0.19213891735383176;2;1_1;SR_1_SM_1;0.7557337894349376
619.6803189236252;60.25835133354076;1;1;1_1;0.1941288322478125;2;1_1;SR_1_SM_1;0.7557337894349376
626.3271959503717;60.12010083934001;1;1;1_1;0.19611874714179323;2;1_1;SR_1_SM_1;0.7557337894349376
632.974072977118;59.981850345139264;1;1;1_1;0.19810866203577393;2;1_1;SR_1_SM_1;0.7557337894349376
639.6209500038644;59.84359985093852;1;1;1_1;0.20009857692975463;3;1_1;SR_0_SM_0;0.38854812993717214
646.2678270306109;59.70534935673777;1;1;1_1;0.20208849182373537;3;1_1;SR_0_SM_0;0.38854812993717214
652.9147040573573;59.56709886253702;1;1;1_1;0.2040784067177161;3;1_1;SR_0_SM_0;0.38854812993717214
659.5615810841038;59.42884836833628;1;1;1_1;0.20606832161169683;3;1_1;SR_0_SM_0;0.38854812993717214
666.3467086050509;65.93747490088185;1;1;1_1;0.20888248624273256;3;1_1;SR_0_SM_0;0.38854812993717214
672.9935856317973;65.79922440668088;1;1;1_1;0.21087240113671324;3;1_1;SR_0_SM_0;0.38854812993717214
679.6404626585437;65.66097391248013;1;1;1_1;0.21286231603069397;3;1_1;SR_0_SM_0;0.38854812993717214
686.4255901794909;72.16960044502594;1;1;1_1;0.21567648066172976;3;1_1;SR_0_SM_0;0.38854812993717214
693.0724672062373;72.03134995082519;1;1;1_1;0.2176663955557105;3;1_1;SR_0_SM_0;0.38854812993717214
699.7193442329838;71.89309945662444;1;1;1_1;0.21965631044969122;3;1_1;SR_0_SM_0;0.38854812993717214
706.3662212597302;71.7548489624237;1;1;1_1;0.22164622534367195;3;1_1;SR_0_SM_0;0.38854812993717214
713.0130982864765;71.61659846822295;1;1;1_1;0.22363614023765263;3;1_1;SR_0_SM_0;0.38854812993717214
719.659975313223;71.4783479740222;1;1;1_1;0.22562605513163336;3;1_1;SR_0_SM_0;0.38854812993717214
726.3068523399694;71.34009747982145;1;1;1_1;0.2276159700256141;3;1_1;SR_0_SM_0;0.38854812993717214
732.9537293667158;71.2018469856207;1;1;1_1;0.22960588491959483;3;1_1;SR_0_SM_0;0.38854812993717214
739.6006063934623;71.06359649141996;1;1;1_1;0.23159579981357553;3;1_1;SR_0_SM_0;0.38854812993717214
746.2474834202087;70.92534599721921;1;1;1_1;0.23358571470755626;3;1_1;SR_0_SM_0;0.38854812993717214
752.894360446955;70.78709550301846;1;1;1_1;0.23557562960153697;3;1_1;SR_0_SM_0;0.38854812993717214
759.6794879679022;77.29572203556404;1;1;1_1;0.23838979423257273;3;1_1;SR_0_SM_0;0.38854812993717214
766.3263649946487;77.1574715413633;1;1;1_1;0.24037970912655346;3;1_1;SR_0_SM_0;0.38854812993717214
772.9732420213951;77.01922104716255;1;1;1_1;0.24236962402053416;3;1_1;SR_0_SM_0;0.38854812993717214
779.6201190481415;76.8809705529618;1;1;1_1;0.2443595389145149;3;1_1;SR_0_SM_0;0.38854812993717214
786.266996074888;76.74272005876105;1;1;1_1;0.24634945380849563;3;1_1;SR_0_SM_0;0.38854812993717214
793.052123595835;83.25134659130686;1;1;1_1;0.24916361843953136;3;1_1;SR_0_SM_0;0.38854812993717214
799.6990006225816;83.11309609710611;1;1;1_1;0.2511535333335121;3;1_1;SR_0_SM_0;0.38854812993717214
806.3458776493279;82.97484560290536;1;1;1_1;0.2531434482274928;3;1_1;SR_0_SM_0;0.38854812993717214
812.9927546760742;82.83659510870461;1;1;1_1;0.2551333631214735;3;1_1;SR_0_SM_0;0.38854812993717214
819.6396317028208;82.69834461450387;1;1;1_1;0.25712327801545426;3;1_1;SR_0_SM_0;0.38854812993717214
826.4247592237679;89.20697114704944;1;1;1_1;0.25993744264649;3;1_1;SR_0_SM_0;0.38854812993717214
833.0716362505144;89.0687206528487;1;1;1_1;0.26192735754047075;3;1_1;SR_0_SM_0;0.38854812993717214
839.7185132772607;88.93047015864795;1;1;1_1;0.26391727243445146;3;1_1;SR_0_SM_0;0.38854812993717214
846.5036407982078;95.43909669119353;1;1;1_1;0.26673143706548713;3;1_1;SR_0_SM_0;0.38854812993717214
853.1505178249544;95.30084619699278;1;1;1_1;0.26872135195946795;3;1_1;SR_0_SM_0;0.38854812993717214
859.7973948517007;95.16259570279205;1;1;1_1;0.27071126685344865;3;1_1;SR_0_SM_0;0.38854812993717214
866.4442718784472;95.02434520859128;1;1;1_1;0.2727011817474294;3;1_1;SR_0_SM_0;0.38854812993717214
873.0911489051936;94.88609471439054;1;1;1_1;0.2746910966414101;3;1_1;SR_0_SM_0;0.38854812993717214
879.8762764261409;101.39472124693634;1;1;1_1;0.2775052612724459;3;1_1;SR_0_SM_0;0.38854812993717214
886.5231534528872;101.2564707527356;1;1;1_1;0.2794951761664266;3;1_1;SR_0_SM_0;0.38854812993717214
893.1700304796335;101.11822025853483;1;1;1_1;0.28148509106040726;3;1_1;SR_0_SM_0;0.38854812993717214
899.8169075063801;100.9799697643341;1;1;1_1;0.283475005954388;3;1_1;SR_0_SM_0;0.38854812993717214
906.4637845331264;100.84171927013335;1;1;1_1;0.2854649208483688;3;1_1;SR_0_SM_0;0.38854812993717214
913.1106615598728;100.7034687759326;1;1;1_1;0.2874548357423495;3;1_1;SR_0_SM_0;0.38854812993717214
919.89578908082;107.21209530847818;1;1;1_1;0.29026900037338527;3;1_1;SR_0_SM_0;0.38854812993717214
926.5426661075664;107.07384481427744;1;1;1_1;0.29225891526736597;3;1_1;SR_0_SM_0;0.38854812993717214
933.3277936285136;113.582471346823;1;1;1_1;0.2950730798984017;3;1_1;SR_0_SM_0;0.38854812993717214
939.97467065526;113.44422085262228;1;1;1_1;0.2970629947923824;3;1_1;SR_0_SM_0;0.38854812993717214
946.6215476820064;113.30597035842152;1;1;1_1;0.2990529096863631;3;1_1;SR_0_SM_0;0.38854812993717214
953.2684247087528;113.16771986422076;1;1;1_1;0.30104282458034387;4;1_1;SR_1_SM_1;0.6051224760815409
959.9153017354994;113.02946937002002;1;1;1_1;0.30303273947432463;4;1_1;SR_1_SM_1;0.6051224760815409
966.7004292564465;119.5380959025656;1;1;1_1;0.3058469041053603;4;1_1;SR_1_SM_1;0.6051224760815409
973.3473062831928;119.39984540836484;1;1;1_1;0.307836818999341;4;1_1;SR_1_SM_1;0.6051224760815409
979.9941833099392;119.2615949141641;1;1;1_1;0.30982673389332177;4;1_1;SR_1_SM_1;0.6051224760815409
986.7793108308864;125.77022144670968;1;1;1_1;0.3126408985243575;4;1_1;SR_1_SM_1;0.6051224760815409
993.426187857633;125.63197095250894;1;1;1_1;0.31463081341833826;4;1_1;SR_1_SM_1;0.6051224760815409
1000.0730648843792;125.4937204583082;1;1;1_1;0.3166207283123189;4;1_1;SR_1_SM_1;0.6051224760815409
1006.7199419111256;125.35546996410744;1;1;1_1;0.31861064320629967;4;1_1;SR_1_SM_1;0.6051224760815409
1013.3668189378722;125.2172194699067;1;1;1_1;0.32060055810028043;4;1_1;SR_1_SM_1;0.6051224760815409
1020.1519464588192;131.7258460024525;1;1;1_1;0.32341472273131616;4;1_1;SR_1_SM_1;0.6051224760815409
1026.7988234855657;131.58759550825175;1;1;1_1;0.32540463762529687;4;1_1;SR_1_SM_1;0.6051224760815409
1033.4457005123122;131.449345014051;1;1;1_1;0.3273945525192776;4;1_1;SR_1_SM_1;0.6051224760815409
1040.2308280332595;137.95797154659658;1;1;1_1;0.33020871715031336;4;1_1;SR_1_SM_1;0.6051224760815409
1046.8777050600056;137.81972105239583;1;1;1_1;0.332198632044294;4;1_1;SR_1_SM_1;0.6051224760815409
1053.5245820867522;137.6814705581951;1;1;1_1;0.33418854693827477;4;1_1;SR_1_SM_1;0.6051224760815409
1060.1714591134987;137.54322006399434;1;1;1_1;0.3361784618322555;4;1_1;SR_1_SM_1;0.6051224760815409
1066.8183361402448;137.4049695697936;1;1;1_1;0.3381683767262362;4;1_1;SR_1_SM_1;0.6051224760815409
1073.603463661192;143.9135961023394;1;1;1_1;0.34098254135727196;4;1_1;SR_1_SM_1;0.6051224760815409
1080.250340687939;143.77534560813865;1;1;1_1;0.34297245625125283;4;1_1;SR_1_SM_1;0.6051224760815409
1087.0354682088855;150.28397214068423;1;1;1_1;0.34578662088228845;4;1_1;SR_1_SM_1;0.6051224760815409
1093.682345235632;150.14572164648348;1;1;1_1;0.3477765357762692;4;1_1;SR_1_SM_1;0.6051224760815409
1100.3292222623786;150.00747115228273;1;1;1_1;0.34976645067025;4;1_1;SR_1_SM_1;0.6051224760815409
1107.114349783326;156.51609768482854;1;1;1_1;0.35258061530128576;4;1_1;SR_1_SM_1;0.6051224760815409
1113.761226810072;156.3778471906278;1;1;1_1;0.3545705301952664;4;1_1;SR_1_SM_1;0.6051224760815409
1120.5463543310193;162.88647372317337;1;1;1_1;0.35738469482630214;4;1_1;SR_1_SM_1;0.6051224760815409
1127.193231357766;162.74822322897262;1;1;1_1;0.359374609720283;4;1_1;SR_1_SM_1;0.6051224760815409
1133.840108384512;162.60997273477187;1;1;1_1;0.36136452461426355;4;1_1;SR_1_SM_1;0.6051224760815409
1140.4869854112585;162.47172224057113;1;1;1_1;0.3633544395082443;4;1_1;SR_1_SM_1;0.6051224760815409
1147.133862438005;162.33347174637038;1;1;1_1;0.36534435440222507;4;1_1;SR_1_SM_1;0.6051224760815409
1153.9189899589524;168.84209827891596;1;1;1_1;0.3681585190332608;4;1_1;SR_1_SM_1;0.6051224760815409
1160.5658669856984;168.7038477847152;1;1;1_1;0.37014843392724145;4;1_1;SR_1_SM_1;0.6051224760815409
1167.3509945066455;175.212474317261;1;1;1_1;0.3729625985582772;4;1_1;SR_1_SM_1;0.6051224760815409
1173.9978715333923;175.0742238230603;1;1;1_1;0.37495251345225805;4;1_1;SR_1_SM_1;0.6051224760815409
1180.6447485601384;174.93597332885952;1;1;1_1;0.37694242834623864;4;1_1;SR_1_SM_1;0.6051224760815409
1187.4298760810857;181.4445998614051;1;1;1_1;0.37975659297727443;4;1_1;SR_1_SM_1;0.6051224760815409
1194.0767531078322;181.3063493672041;1;1;1_1;0.3817465078712552;4;1_1;SR_1_SM_1;0.6051224760815409
1200.861880628779;187.81497589974992;1;1;1_1;0.38456067250229087;4;1_1;SR_1_SM_1;0.6051224760815409
1207.5087576555256;187.6767254055492;1;1;1_1;0.3865505873962717;4;1_1;SR_1_SM_1;0.6051224760815409
1214.1556346822722;187.53847491134843;1;1;1_1;0.3885405022902524;4;1_1;SR_1_SM_1;0.6051224760815409
1220.9407622032195;194.047101443894;1;1;1_1;0.39135466692128823;4;1_1;SR_1_SM_1;0.6051224760815409
1227.5876392299656;193.9088509496933;1;1;1_1;0.3933445818152688;4;1_1;SR_1_SM_1;0.6051224760815409
1234.372766750913;200.41747748223884;1;1;1_1;0.3961587464463046;4;1_1;SR_1_SM_1;0.6051224760815409
1241.0196437776594;200.2792269880381;1;1;1_1;0.39814866134028537;4;1_1;SR_1_SM_1;0.6051224760815409
1247.6665208044055;200.14097649383731;1;1;1_1;0.40013857623426596;5;1_1;SR_1_SM_1;0.31711145996860285
1254.4516483253528;206.64960302638315;1;1;1_1;0.4029527408653018;5;1_1;SR_1_SM_1;0.31711145996860285
1261.0985253520994;206.5113525321824;1;1;1_1;0.40494265575928257;5;1_1;SR_1_SM_1;0.31711145996860285
1267.883652873047;213.019979064728;1;1;1_1;0.4077568203903184;5;1_1;SR_1_SM_1;0.31711145996860285
1274.5305298997928;212.88172857052723;1;1;1_1;0.40974673528429895;5;1_1;SR_1_SM_1;0.31711145996860285
1281.31565742074;219.39035510307303;1;1;1_1;0.4125608999153348;5;1_1;SR_1_SM_1;0.31711145996860285
1287.9625344474866;219.2521046088723;1;1;1_1;0.41455081480931555;5;1_1;SR_1_SM_1;0.31711145996860285
1294.747661968434;225.76073114141784;1;1;1_1;0.4173649794403513;5;1_1;SR_1_SM_1;0.31711145996860285
1301.3945389951805;225.62248064721712;1;1;1_1;0.41935489433433204;5;1_1;SR_1_SM_1;0.31711145996860285
1308.0414160219266;225.4842301530164;1;1;1_1;0.4213448092283127;5;1_1;SR_1_SM_1;0.31711145996860285
1314.826543542874;231.99285668556195;1;1;1_1;0.4241589738593485;5;1_1;SR_1_SM_1;0.31711145996860285
1321.4734205696204;231.8546061913612;1;1;1_1;0.4261488887533292;5;1_1;SR_1_SM_1;0.31711145996860285
1328.2585480905673;238.363232723907;1;1;1_1;0.4289630533843648;5;1_1;SR_1_SM_1;0.31711145996860285
1335.0436756115146;244.87185925645255;1;1;1_1;0.4317772180154006;5;1_1;SR_1_SM_1;0.31711145996860285
1341.828803132462;251.3804857889984;1;1;1_1;0.4345913826464365;5;1_1;SR_1_SM_1;0.31711145996860285
1348.4756801592084;251.24223529479764;1;1;1_1;0.43658129754041713;5;1_1;SR_1_SM_1;0.31711145996860285
1355.2608076801553;257.7508618273432;1;1;1_1;0.43939546217145276;5;1_1;SR_1_SM_1;0.31711145996860285
1362.0459352011026;264.259488359889;1;1;1_1;0.44220962680248865;5;1_1;SR_1_SM_1;0.31711145996860285
1362.1841856953033;270.90636538663534;1;1;1_1;0.44419954169646936;5;1_1;SR_1_SM_1;0.31711145996860285
1368.9693132162506;277.4149919191809;1;1;1_1;0.44701370632750514;5;1_1;SR_1_SM_1;0.31711145996860285
1375.7544407371977;283.9236184517267;1;1;1_1;0.4498278709585409;5;1_1;SR_1_SM_1;0.31711145996860285
1382.5395682581448;290.4322449842723;1;1;1_1;0.4526420355895766;5;1_1;SR_1_SM_1;0.31711145996860285
1389.324695779092;296.9408715168181;1;1;1_1;0.4554562002206124;5;1_1;SR_1_SM_1;0.31711145996860285
1389.4629462732928;303.58774854356443;1;1;1_1;0.4574461151145931;5;1_1;SR_1_SM_1;0.31711145996860285
1396.2480737942396;310.09637507611;1;1;1_1;0.4602602797456288;5;1_1;SR_1_SM_1;0.31711145996860285
1396.3863242884404;316.74325210285656;1;1;1_1;0.46225019463960954;5;1_1;SR_1_SM_1;0.31711145996860285
1403.1714518093877;323.25187863540214;1;1;1_1;0.46506435927064527;5;1_1;SR_1_SM_1;0.31711145996860285
1409.956579330335;329.76050516794794;1;1;1_1;0.4678785239016811;5;1_1;SR_1_SM_1;0.31711145996860285
1410.0948298245355;336.40738219469426;1;1;1_1;0.4698684387956618;5;1_1;SR_1_SM_1;0.31711145996860285
1410.2330803187365;343.0542592214408;1;1;1_1;0.4718583536896426;5;1_1;SR_1_SM_1;0.31711145996860285
1410.3713308129372;349.70113624818714;1;1;1_1;0.4738482685836233;5;1_1;SR_1_SM_1;0.31711145996860285
1417.1564583338843;356.2097627807327;1;1;1_1;0.476662433214659;5;1_1;SR_1_SM_1;0.31711145996860285
1417.2947088280853;362.85663980747927;1;1;1_1;0.4786523481086397;5;1_1;SR_1_SM_1;0.31711145996860285
1417.432959322286;369.5035168342256;1;1;1_1;0.4806422630026204;5;1_1;SR_1_SM_1;0.31711145996860285
1417.5712098164868;376.15039386097214;1;1;1_1;0.48263217789660123;5;1_1;SR_1_SM_1;0.31711145996860285
1417.7094603106875;382.79727088771847;1;1;1_1;0.48462209279058194;5;1_1;SR_1_SM_1;0.31711145996860285
1417.8477108048885;389.4441479144648;1;1;1_1;0.48661200768456253;5;1_1;SR_1_SM_1;0.31711145996860285
1417.985961299089;396.09102494121134;1;1;1_1;0.4886019225785433;5;1_1;SR_1_SM_1;0.31711145996860285
1418.1242117932898;402.73790196795767;1;1;1_1;0.490591837472524;5;1_1;SR_1_SM_1;0.31711145996860285
1418.2624622874905;409.3847789947042;1;1;1_1;0.49258175236650475;5;1_1;SR_1_SM_1;0.31711145996860285
1418.4007127816913;416.03165602145054;1;1;1_1;0.49457166726048546;5;1_1;SR_1_SM_1;0.31711145996860285
1418.538963275892;422.67853304819687;1;1;1_1;0.49656158215446616;5;1_1;SR_1_SM_1;0.31711145996860285
1418.6772137700927;429.3254100749434;1;1;1_1;0.4985514970484469;5;1_1;SR_1_SM_1;0.31711145996860285
1418.8154642642935;435.97228710168974;1;1;1_1;0.5005414119424276;6;1_1;SR_1_SM_1;0.8180341169509069
1418.9537147584942;442.6191641284363;1;1;1_1;0.5025313268364083;6;1_1;SR_1_SM_1;0.8180341169509069
1419.091965252695;449.2660411551826;1;1;1_1;0.504521241730389;6;1_1;SR_1_SM_1;0.8180341169509069
1419.2302157468955;455.9129181819292;1;1;1_1;0.5065111566243699;6;1_1;SR_1_SM_1;0.8180341169509069
1419.3684662410965;462.5597952086755;1;1;1_1;0.5085010715183506;6;1_1;SR_1_SM_1;0.8180341169509069
1419.5067167352972;469.2066722354218;1;1;1_1;0.5104909864123313;6;1_1;SR_1_SM_1;0.8180341169509069
1412.9980902027514;475.9917997563691;1;1;1_1;0.513305151043367;6;1_1;SR_1_SM_1;0.8180341169509069
1413.1363406969522;482.6386767831154;1;1;1_1;0.5152950659373478;6;1_1;SR_1_SM_1;0.8180341169509069
1413.274591191153;489.285553809862;1;1;1_1;0.5172849808313285;6;1_1;SR_1_SM_1;0.8180341169509069
1406.7659646586076;496.07068133080907;1;1;1_1;0.5200991454623641;6;1_1;SR_1_SM_1;0.8180341169509069
1406.9042151528083;502.7175583575554;1;1;1_1;0.5220890603563448;6;1_1;SR_1_SM_1;0.8180341169509069
1407.042465647009;509.36443538430194;1;1;1_1;0.5240789752503255;6;1_1;SR_1_SM_1;0.8180341169509069
1400.5338391144633;516.149562905249;1;1;1_1;0.5268931398813613;6;1_1;SR_1_SM_1;0.8180341169509069
1394.0252125819177;522.9346904261963;1;1;1_1;0.5297073045123971;6;1_1;SR_1_SM_1;0.8180341169509069
1387.3783355551714;523.0729409203971;1;1;1_1;0.5316972194063778;6;1_1;SR_1_SM_1;0.8180341169509069
1380.8697090226256;529.8580684413441;1;1;1_1;0.5345113840374135;6;1_1;SR_1_SM_1;0.8180341169509069
1374.3610824900798;536.6431959622914;1;1;1_1;0.5373255486684494;6;1_1;SR_1_SM_1;0.8180341169509069
1367.852455957534;543.4283234832385;1;1;1_1;0.5401397132994851;6;1_1;SR_1_SM_1;0.8180341169509069
1361.205578930788;543.5665739774392;1;1;1_1;0.5421296281934658;6;1_1;SR_1_SM_1;0.8180341169509069
1354.696952398242;550.3517014983863;1;1;1_1;0.5449437928245016;6;1_1;SR_1_SM_1;0.8180341169509069
1348.0500753714955;550.4899519925871;1;1;1_1;0.5469337077184823;6;1_1;SR_1_SM_1;0.8180341169509069
1341.4031983447494;550.6282024867878;1;1;1_1;0.548923622612463;6;1_1;SR_1_SM_1;0.8180341169509069
1334.7563213180028;550.7664529809886;1;1;1_1;0.5509135375064437;6;1_1;SR_1_SM_1;0.8180341169509069
1328.1094442912563;550.9047034751893;1;1;1_1;0.5529034524004245;6;1_1;SR_1_SM_1;0.8180341169509069
1321.4625672645095;551.04295396939;1;1;1_1;0.5548933672944053;6;1_1;SR_1_SM_1;0.8180341169509069
1314.8156902377636;551.1812044635908;1;1;1_1;0.5568832821883859;6;1_1;SR_1_SM_1;0.8180341169509069
1308.168813211017;551.3194549577915;1;1;1_1;0.5588731970823666;6;1_1;SR_1_SM_1;0.8180341169509069
1301.5219361842703;551.4577054519923;1;1;1_1;0.5608631119763474;6;1_1;SR_1_SM_1;0.8180341169509069
1294.8750591575244;551.595955946193;1;1;1_1;0.562853026870328;6;1_1;SR_1_SM_1;0.8180341169509069
1288.228182130778;551.7342064403938;1;1;1_1;0.5648429417643087;6;1_1;SR_1_SM_1;0.8180341169509069
1281.5813051040311;551.8724569345945;1;1;1_1;0.5668328566582896;6;1_1;SR_1_SM_1;0.8180341169509069
1274.9344280772852;552.0107074287953;1;1;1_1;0.5688227715522701;6;1_1;SR_1_SM_1;0.8180341169509069
1268.2875510505387;552.148957922996;1;1;1_1;0.5708126864462509;6;1_1;SR_1_SM_1;0.8180341169509069
1261.5024235295914;545.6403313904505;1;1;1_1;0.5736268510772866;6;1_1;SR_1_SM_1;0.8180341169509069
1254.8555465028448;545.7785818846512;1;1;1_1;0.5756167659712674;6;1_1;SR_1_SM_1;0.8180341169509069
1248.2086694760987;545.916832378852;1;1;1_1;0.577606680865248;6;1_1;SR_1_SM_1;0.8180341169509069
1241.5617924493522;546.0550828730527;1;1;1_1;0.5795965957592288;6;1_1;SR_1_SM_1;0.8180341169509069
1234.9149154226056;546.1933333672534;1;1;1_1;0.5815865106532095;6;1_1;SR_1_SM_1;0.8180341169509069
1228.2680383958595;546.3315838614542;1;1;1_1;0.5835764255471902;6;1_1;SR_1_SM_1;0.8180341169509069
1221.4829108749122;539.8229573289086;1;1;1_1;0.5863905901782259;6;1_1;SR_1_SM_1;0.8180341169509069
1214.8360338481657;539.9612078231094;1;1;1_1;0.5883805050722067;6;1_1;SR_1_SM_1;0.8180341169509069
1208.1891568214191;540.0994583173101;1;1;1_1;0.5903704199661874;6;1_1;SR_1_SM_1;0.8180341169509069
1201.542279794673;540.2377088115109;1;1;1_1;0.5923603348601681;6;1_1;SR_1_SM_1;0.8180341169509069
1194.8954027679265;540.3759593057118;1;1;1_1;0.5943502497541489;6;1_1;SR_1_SM_1;0.8180341169509069
1188.1102752469792;533.867332773166;1;1;1_1;0.5971644143851846;6;1_1;SR_1_SM_1;0.8180341169509069
1181.463398220233;534.0055832673668;1;1;1_1;0.5991543292791653;6;1_1;SR_1_SM_1;0.8180341169509069
1174.8165211934866;534.1438337615675;1;1;1_1;0.601144244173146;7;1_1;SR_0_SM_0;0.7765863263779708
1168.16964416674;534.2820842557683;1;1;1_1;0.6031341590671269;7;1_1;SR_0_SM_0;0.7765863263779708
1161.3845166457932;527.7734577232227;1;1;1_1;0.6059483236981625;7;1_1;SR_0_SM_0;0.7765863263779708
1154.7376396190466;527.9117082174234;1;1;1_1;0.6079382385921432;7;1_1;SR_0_SM_0;0.7765863263779708
1148.0907625923;528.0499587116242;1;1;1_1;0.6099281534861241;7;1_1;SR_0_SM_0;0.7765863263779708
1141.4438855655535;528.1882092058249;1;1;1_1;0.6119180683801048;7;1_1;SR_0_SM_0;0.7765863263779708
1134.6587580446069;521.6795826732791;1;1;1_1;0.6147322330111405;7;1_1;SR_0_SM_0;0.7765863263779708
1128.01188101786;521.8178331674799;1;1;1_1;0.6167221479051213;7;1_1;SR_0_SM_0;0.7765863263779708
1121.2267534969128;515.3092066349343;1;1;1_1;0.619536312536157;7;1_1;SR_0_SM_0;0.7765863263779708
1114.5798764701667;515.447457129135;1;1;1_1;0.6215262274301377;7;1_1;SR_0_SM_0;0.7765863263779708
1107.9329994434202;515.5857076233358;1;1;1_1;0.6235161423241184;7;1_1;SR_0_SM_0;0.7765863263779708
1101.1478719224729;509.07708109079;1;1;1_1;0.6263303069551541;7;1_1;SR_0_SM_0;0.7765863263779708
1094.5009948957263;509.21533158499074;1;1;1_1;0.6283202218491352;7;1_1;SR_0_SM_0;0.7765863263779708
1087.7158673747797;502.7067050524452;1;1;1_1;0.6311343864801706;7;1_1;SR_0_SM_0;0.7765863263779708
1081.068990348033;502.8449555466459;1;1;1_1;0.6331243013741515;7;1_1;SR_0_SM_0;0.7765863263779708
1074.2838628270856;496.33632901410033;1;1;1_1;0.6359384660051873;7;1_1;SR_0_SM_0;0.7765863263779708
1067.6369858003395;496.4745795083011;1;1;1_1;0.6379283808991677;7;1_1;SR_0_SM_0;0.7765863263779708
1060.8518582793922;489.9659529757553;1;1;1_1;0.6407425455302038;7;1_1;SR_0_SM_0;0.7765863263779708
1054.2049812526457;490.104203469956;1;1;1_1;0.6427324604241844;7;1_1;SR_0_SM_0;0.7765863263779708
1047.4198537316988;483.5955769374104;1;1;1_1;0.6455466250552201;7;1_1;SR_0_SM_0;0.7765863263779708
1040.7729767049525;483.7338274316112;1;1;1_1;0.6475365399492008;7;1_1;SR_0_SM_0;0.7765863263779708
1033.987849184005;477.2252008990654;1;1;1_1;0.6503507045802367;7;1_1;SR_0_SM_0;0.7765863263779708
1027.3409721572584;477.3634513932661;1;1;1_1;0.6523406194742174;7;1_1;SR_0_SM_0;0.7765863263779708
1020.5558446363112;470.85482486072056;1;1;1_1;0.6551547841052531;7;1_1;SR_0_SM_0;0.7765863263779708
1013.9089676095648;470.9930753549213;1;1;1_1;0.6571446989992338;7;1_1;SR_0_SM_0;0.7765863263779708
1007.2620905828184;471.1313258491221;1;1;1_1;0.6591346138932145;7;1_1;SR_0_SM_0;0.7765863263779708
1000.4769630618712;464.6226993165765;1;1;1_1;0.6619487785242503;7;1_1;SR_0_SM_0;0.7765863263779708
993.8300860351249;464.7609498107772;1;1;1_1;0.6639386934182311;7;1_1;SR_0_SM_0;0.7765863263779708
987.0449585141776;458.2523232782314;1;1;1_1;0.666752858049267;7;1_1;SR_0_SM_0;0.7765863263779708
980.3980814874312;458.39057377243216;1;1;1_1;0.6687427729432477;7;1_1;SR_0_SM_0;0.7765863263779708
973.612953966484;451.8819472398866;1;1;1_1;0.6715569375742835;7;1_1;SR_0_SM_0;0.7765863263779708
966.9660769397376;452.0201977340873;1;1;1_1;0.6735468524682642;7;1_1;SR_0_SM_0;0.7765863263779708
960.1809494187904;445.5115712015415;1;1;1_1;0.6763610170992999;7;1_1;SR_0_SM_0;0.7765863263779708
953.534072392044;445.6498216957423;1;1;1_1;0.6783509319932806;7;1_1;SR_0_SM_0;0.7765863263779708
946.8871953652975;445.788072189943;1;1;1_1;0.6803408468872613;7;1_1;SR_0_SM_0;0.7765863263779708
940.2403183385512;445.92632268414377;1;1;1_1;0.682330761781242;7;1_1;SR_0_SM_0;0.7765863263779708
933.455190817604;439.4176961515984;1;1;1_1;0.6851449264122778;7;1_1;SR_0_SM_0;0.7765863263779708
926.8083137908576;439.5559466457992;1;1;1_1;0.6871348413062585;7;1_1;SR_0_SM_0;0.7765863263779708
920.1614367641112;439.6941971399999;1;1;1_1;0.6891247562002392;7;1_1;SR_0_SM_0;0.7765863263779708
913.5145597373648;439.8324476342007;1;1;1_1;0.6911146710942198;7;1_1;SR_0_SM_0;0.7765863263779708
906.8676827106184;439.9706981284014;1;1;1_1;0.6931045859882005;7;1_1;SR_0_SM_0;0.7765863263779708
900.2208056838718;440.10894862260216;1;1;1_1;0.6950945008821812;7;1_1;SR_0_SM_0;0.7765863263779708
893.5739286571255;440.2471991168029;1;1;1_1;0.6970844157761619;7;1_1;SR_0_SM_0;0.7765863263779708
886.7888011361784;433.7385725842571;1;1;1_1;0.6998985804071977;7;1_1;SR_0_SM_0;0.7765863263779708
880.2801746036326;440.5237001052044;1;1;1_1;0.7027127450382336;8;1_1;SR_0_SM_0;0.7728327220414988
873.6332975768863;440.6619505994052;1;1;1_1;0.7047026599322143;8;1_1;SR_0_SM_0;0.7728327220414988
866.9864205501398;440.8002010936059;1;1;1_1;0.7066925748261951;8;1_1;SR_0_SM_0;0.7728327220414988
860.3395435233934;440.9384515878066;1;1;1_1;0.7086824897201758;8;1_1;SR_0_SM_0;0.7728327220414988
853.6926664966469;441.0767020820074;1;1;1_1;0.7106724046141565;8;1_1;SR_0_SM_0;0.7728327220414988
847.0457894699006;441.2149525762081;1;1;1_1;0.7126623195081372;8;1_1;SR_0_SM_0;0.7728327220414988
840.3989124431542;441.3532030704089;1;1;1_1;0.7146522344021178;8;1_1;SR_0_SM_0;0.7728327220414988
833.7520354164077;441.4914535646096;1;1;1_1;0.7166421492960985;8;1_1;SR_0_SM_0;0.7728327220414988
827.1051583896614;441.6297040588104;1;1;1_1;0.7186320641900792;8;1_1;SR_0_SM_0;0.7728327220414988
820.4582813629149;441.7679545530111;1;1;1_1;0.72062197908406;8;1_1;SR_0_SM_0;0.7728327220414988
813.8114043361686;441.9062050472119;1;1;1_1;0.7226118939780407;8;1_1;SR_0_SM_0;0.7728327220414988
807.1645273094223;442.0444555414126;1;1;1_1;0.7246018088720214;8;1_1;SR_0_SM_0;0.7728327220414988
800.6559007768765;448.8295830623597;1;1;1_1;0.7274159735030572;8;1_1;SR_0_SM_0;0.7728327220414988
794.0090237501302;448.9678335565605;1;1;1_1;0.7294058883970379;8;1_1;SR_0_SM_0;0.7728327220414988
787.3621467233837;449.1060840507612;1;1;1_1;0.7313958032910186;8;1_1;SR_0_SM_0;0.7728327220414988
780.7152696966373;449.24433454496193;1;1;1_1;0.7333857181849994;8;1_1;SR_0_SM_0;0.7728327220414988
774.0683926698908;449.3825850391627;1;1;1_1;0.7353756330789801;8;1_1;SR_0_SM_0;0.7728327220414988
767.4215156431444;449.5208355333634;1;1;1_1;0.7373655479729608;8;1_1;SR_0_SM_0;0.7728327220414988
760.774638616398;449.6590860275642;1;1;1_1;0.7393554628669414;8;1_1;SR_0_SM_0;0.7728327220414988
754.1277615896516;449.7973365217649;1;1;1_1;0.7413453777609221;8;1_1;SR_0_SM_0;0.7728327220414988
747.619135057106;456.5824640427122;1;1;1_1;0.744159542391958;8;1_1;SR_0_SM_0;0.7728327220414988
740.9722580303595;456.72071453691296;1;1;1_1;0.7461494572859387;8;1_1;SR_0_SM_0;0.7728327220414988
734.3253810036131;456.8589650311137;1;1;1_1;0.7481393721799194;8;1_1;SR_0_SM_0;0.7728327220414988
727.6785039768666;456.99721552531446;1;1;1_1;0.7501292870739001;8;1_1;SR_0_SM_0;0.7728327220414988
721.169877444321;463.78234304626153;1;1;1_1;0.7529434517049359;8;1_1;SR_0_SM_0;0.7728327220414988
714.5230004175746;463.9205935404623;1;1;1_1;0.7549333665989166;8;1_1;SR_0_SM_0;0.7728327220414988
707.8761233908282;464.058844034663;1;1;1_1;0.7569232814928974;8;1_1;SR_0_SM_0;0.7728327220414988
701.3674968582825;470.8439715556103;1;1;1_1;0.7597374461239331;8;1_1;SR_0_SM_0;0.7728327220414988
694.720619831536;470.9822220498111;1;1;1_1;0.7617273610179138;8;1_1;SR_0_SM_0;0.7728327220414988
688.0737428047896;471.1204725440118;1;1;1_1;0.7637172759118945;8;1_1;SR_0_SM_0;0.7728327220414988
681.5651162722439;477.9056000649589;1;1;1_1;0.7665314405429303;8;1_1;SR_0_SM_0;0.7728327220414988
674.9182392454976;478.0438505591599;1;1;1_1;0.768521355436911;8;1_1;SR_0_SM_0;0.7728327220414988
668.2713622187512;478.1821010533606;1;1;1_1;0.7705112703308917;8;1_1;SR_0_SM_0;0.7728327220414988
661.6244851920047;478.32035154756136;1;1;1_1;0.7725011852248724;8;1_1;SR_0_SM_0;0.7728327220414988
655.115858659459;485.1054790685084;1;1;1_1;0.7753153498559081;8;1_1;SR_0_SM_0;0.7728327220414988
648.6072321269133;491.8906065894557;1;1;1_1;0.7781295144869439;8;1_1;SR_0_SM_0;0.7728327220414988
642.0986055943677;498.6757341104028;1;1;1_1;0.7809436791179797;8;1_1;SR_0_SM_0;0.7728327220414988
635.4517285676213;498.8139846046036;1;1;1_1;0.7829335940119604;8;1_1;SR_0_SM_0;0.7728327220414988
628.8048515408749;498.9522350988043;1;1;1_1;0.7849235089059411;8;1_1;SR_0_SM_0;0.7728327220414988
622.2962250083292;505.7373626197516;1;1;1_1;0.7877376735369768;8;1_1;SR_0_SM_0;0.7728327220414988
615.7875984757835;512.5224901406987;1;1;1_1;0.7905518381680126;8;1_1;SR_0_SM_0;0.7728327220414988
609.2789719432378;519.3076176616457;1;1;1_1;0.7933660027990483;8;1_1;SR_0_SM_0;0.7728327220414988
602.7703454106922;526.092745182593;1;1;1_1;0.7961801674300841;8;1_1;SR_0_SM_0;0.7728327220414988
596.1234683839458;526.2309956767938;1;1;1_1;0.7981700823240647;8;1_1;SR_0_SM_0;0.7728327220414988
589.6148418514001;533.0161231977409;1;1;1_1;0.8009842469551005;9;1_1;SR_1_SM_1;0.832579185520362
583.1062153188544;539.8012507186882;1;1;1_1;0.8037984115861363;9;1_1;SR_1_SM_1;0.832579185520362
576.5975887863088;546.5863782396352;1;1;1_1;0.8066125762171721;9;1_1;SR_1_SM_1;0.832579185520362
570.0889622537632;553.3715057605825;1;1;1_1;0.809426740848208;9;1_1;SR_1_SM_1;0.832579185520362
563.5803357212176;560.1566332815296;1;1;1_1;0.8122409054792435;9;1_1;SR_1_SM_1;0.832579185520362
557.0717091886719;566.9417608024767;1;1;1_1;0.8150550701102793;9;1_1;SR_1_SM_1;0.832579185520362
550.5630826561262;573.726888323424;1;1;1_1;0.8178692347413152;9;1_1;SR_1_SM_1;0.832579185520362
544.0544561235805;580.512015844371;1;1;1_1;0.8206833993723508;9;1_1;SR_1_SM_1;0.832579185520362
537.5458295910348;587.2971433653183;1;1;1_1;0.8234975640033867;9;1_1;SR_1_SM_1;0.832579185520362
537.6840800852356;593.9440203920647;1;1;1_1;0.8254874788973674;9;1_1;SR_1_SM_1;0.832579185520362
531.1754535526899;600.7291479130117;1;1;1_1;0.8283016435284031;9;1_1;SR_1_SM_1;0.832579185520362
531.3137040468906;607.3760249397583;1;1;1_1;0.830291558422384;9;1_1;SR_1_SM_1;0.832579185520362
524.805077514345;614.1611524607054;1;1;1_1;0.8331057230534197;9;1_1;SR_1_SM_1;0.832579185520362
524.9433280085458;620.8080294874519;1;1;1_1;0.8350956379474005;9;1_1;SR_1_SM_1;0.832579185520362
518.4347014760001;627.593157008399;1;1;1_1;0.8379098025784362;9;1_1;SR_1_SM_1;0.832579185520362
511.9260749434544;634.378284529346;1;1;1_1;0.840723967209472;9;1_1;SR_1_SM_1;0.832579185520362
505.4174484109087;641.1634120502933;1;1;1_1;0.8435381318405077;9;1_1;SR_1_SM_1;0.832579185520362
505.5556989051095;647.8102890770397;1;1;1_1;0.8455280467344884;9;1_1;SR_1_SM_1;0.832579185520362
505.6939493993102;654.4571661037862;1;1;1_1;0.8475179616284692;9;1_1;SR_1_SM_1;0.832579185520362
499.1853228667645;661.2422936247333;1;1;1_1;0.8503321262595048;9;1_1;SR_1_SM_1;0.832579185520362
499.32357336096527;667.8891706514798;1;1;1_1;0.8523220411534855;9;1_1;SR_1_SM_1;0.832579185520362
499.461823855166;674.5360476782262;1;1;1_1;0.8543119560474662;9;1_1;SR_1_SM_1;0.832579185520362
499.6000743493668;681.1829247049725;1;1;1_1;0.8563018709414469;9;1_1;SR_1_SM_1;0.832579185520362
493.0914478168212;687.9680522259198;1;1;1_1;0.8591160355724827;9;1_1;SR_1_SM_1;0.832579185520362
493.22969831102193;694.6149292526661;1;1;1_1;0.8611059504664634;9;1_1;SR_1_SM_1;0.832579185520362
493.3679488052227;701.2618062794127;1;1;1_1;0.8630958653604442;9;1_1;SR_1_SM_1;0.832579185520362
493.5061992994234;707.908683306159;1;1;1_1;0.865085780254425;9;1_1;SR_1_SM_1;0.832579185520362
500.2913268203706;714.4173098387046;1;1;1_1;0.8678999448854605;9;1_1;SR_1_SM_1;0.832579185520362
500.42957731457136;721.0641868654511;1;1;1_1;0.8698898597794416;9;1_1;SR_1_SM_1;0.832579185520362
500.5678278087721;727.7110638921974;1;1;1_1;0.8718797746734221;9;1_1;SR_1_SM_1;0.832579185520362
500.70607830297286;734.357940918944;1;1;1_1;0.8738696895674029;9;1_1;SR_1_SM_1;0.832579185520362
500.8443287971736;741.0048179456903;1;1;1_1;0.8758596044613836;9;1_1;SR_1_SM_1;0.832579185520362
507.6294563181208;747.5134444782361;1;1;1_1;0.8786737690924193;9;1_1;SR_1_SM_1;0.832579185520362
507.76770681232153;754.1603215049824;1;1;1_1;0.8806636839864;9;1_1;SR_1_SM_1;0.832579185520362
507.9059573065223;760.8071985317288;1;1;1_1;0.8826535988803808;9;1_1;SR_1_SM_1;0.832579185520362
508.04420780072303;767.4540755584753;1;1;1_1;0.8846435137743615;9;1_1;SR_1_SM_1;0.832579185520362
514.8293353216702;773.9627020910209;1;1;1_1;0.8874576784053971;9;1_1;SR_1_SM_1;0.832579185520362
521.6144628426174;780.4713286235667;1;1;1_1;0.8902718430364329;9;1_1;SR_1_SM_1;0.832579185520362
521.7527133368181;787.118205650313;1;1;1_1;0.8922617579304136;9;1_1;SR_1_SM_1;0.832579185520362
528.5378408577653;793.6268321828586;1;1;1_1;0.8950759225614494;9;1_1;SR_1_SM_1;0.832579185520362
535.1847178845117;793.4885816886579;1;1;1_1;0.8970658374554301;9;1_1;SR_1_SM_1;0.832579185520362
541.9698454054588;799.9972082212037;1;1;1_1;0.8998800020864658;9;1_1;SR_1_SM_1;0.832579185520362
548.7549729264061;806.5058347537492;1;1;1_1;0.9026941667175016;10;1_1;SR_1_SM_0;1.0
555.5401004473533;813.014461286295;1;1;1_1;0.9055083313485375;10;1_1;SR_1_SM_0;1.0
562.1869774740998;812.8762107920943;1;1;1_1;0.9074982462425182;10;1_1;SR_1_SM_0;1.0
568.972104995047;819.3848373246399;1;1;1_1;0.910312410873554;10;1_1;SR_1_SM_0;1.0
575.6189820217933;819.2465868304391;1;1;1_1;0.9123023257675347;10;1_1;SR_1_SM_0;1.0
582.2658590485397;819.1083363362384;1;1;1_1;0.9142922406615153;10;1_1;SR_1_SM_0;1.0
589.0509865694869;825.6169628687842;1;1;1_1;0.9171064052925512;10;1_1;SR_1_SM_0;1.0
595.6978635962333;825.4787123745834;1;1;1_1;0.9190963201865319;10;1_1;SR_1_SM_0;1.0
602.4829911171805;831.987338907129;1;1;1_1;0.9219104848175677;10;1_1;SR_1_SM_0;1.0
609.129868143927;831.8490884129283;1;1;1_1;0.9239003997115484;10;1_1;SR_1_SM_0;1.0
615.7767451706733;831.7108379187275;1;1;1_1;0.9258903146055291;10;1_1;SR_1_SM_0;1.0
622.4236221974197;831.5725874245268;1;1;1_1;0.9278802294995098;10;1_1;SR_1_SM_0;1.0
629.0704992241662;831.434336930326;1;1;1_1;0.9298701443934905;10;1_1;SR_1_SM_0;1.0
635.7173762509126;831.2960864361253;1;1;1_1;0.9318600592874713;10;1_1;SR_1_SM_0;1.0
642.364253277659;831.1578359419245;1;1;1_1;0.933849974181452;10;1_1;SR_1_SM_0;1.0
649.0111303044054;831.0195854477238;1;1;1_1;0.9358398890754327;10;1_1;SR_1_SM_0;1.0
655.6580073311518;830.881334953523;1;1;1_1;0.9378298039694133;10;1_1;SR_1_SM_0;1.0
662.443134852099;837.3899614860686;1;1;1_1;0.9406439686004491;10;1_1;SR_1_SM_0;1.0
669.0900118788454;837.2517109918679;1;1;1_1;0.9426338834944299;10;1_1;SR_1_SM_0;1.0
675.7368889055919;837.1134604976671;1;1;1_1;0.9446237983884106;10;1_1;SR_1_SM_0;1.0
682.3837659323383;836.9752100034664;1;1;1_1;0.9466137132823913;10;1_1;SR_1_SM_0;1.0
689.0306429590846;836.8369595092654;1;1;1_1;0.948603628176372;10;1_1;SR_1_SM_0;1.0
695.677519985831;836.6987090150647;1;1;1_1;0.9505935430703527;10;1_1;SR_1_SM_0;1.0
702.3243970125775;836.5604585208639;1;1;1_1;0.9525834579643334;10;1_1;SR_1_SM_0;1.0
708.9712740393239;836.4222080266632;1;1;1_1;0.9545733728583142;10;1_1;SR_1_SM_0;1.0
715.6181510660704;836.2839575324624;1;1;1_1;0.9565632877522948;10;1_1;SR_1_SM_0;1.0
722.2650280928168;836.1457070382617;1;1;1_1;0.9585532026462756;10;1_1;SR_1_SM_0;1.0
728.9119051195631;836.0074565440609;1;1;1_1;0.9605431175402563;10;1_1;SR_1_SM_0;1.0
735.5587821463096;835.8692060498602;1;1;1_1;0.9625330324342372;10;1_1;SR_1_SM_0;1.0
742.205659173056;835.7309555556594;1;1;1_1;0.9645229473282179;10;1_1;SR_1_SM_0;1.0
748.8525361998024;835.5927050614587;1;1;1_1;0.9665128622221986;10;1_1;SR_1_SM_0;1.0
755.4994132265489;835.4544545672579;1;1;1_1;0.9685027771161792;10;1_1;SR_1_SM_0;1.0
762.1462902532953;835.3162040730572;1;1;1_1;0.9704926920101599;10;1_1;SR_1_SM_0;1.0
768.7931672800416;835.1779535788564;1;1;1_1;0.9724826069041406;10;1_1;SR_1_SM_0;1.0
775.4400443067881;835.0397030846557;1;1;1_1;0.9744725217981213;10;1_1;SR_1_SM_0;1.0
782.0869213335345;834.9014525904549;1;1;1_1;0.9764624366921021;10;1_1;SR_1_SM_0;1.0
788.733798360281;834.7632020962542;1;1;1_1;0.9784523515860829;10;1_1;SR_1_SM_0;1.0
795.3806753870274;834.6249516020534;1;1;1_1;0.9804422664800636;10;1_1;SR_1_SM_0;1.0
802.0275524137738;834.4867011078527;1;1;1_1;0.9824321813740443;10;1_1;SR_1_SM_0;1.0
808.6744294405202;834.348450613652;1;1;1_1;0.984422096268025;10;1_1;SR_1_SM_0;1.0
815.183055973066;827.5633230927049;1;1;1_1;0.9872362608990608;10;1_1;SR_1_SM_0;1.0
821.8299329998123;827.4250725985041;1;1;1_1;0.9892261757930415;10;1_1;SR_1_SM_0;1.0
828.4768100265586;827.2868221043034;1;1;1_1;0.9912160906870222;10;1_1;SR_1_SM_0;1.0
835.1236870533052;827.1485716101026;1;1;1_1;0.9932060055810028;10;1_1;SR_1_SM_0;1.0
841.7705640800515;827.0103211159019;1;1;1_1;0.9951959204749835;10;1_1;SR_1_SM_0;1.0
848.2791906125973;820.2251935949548;1;1;1_1;0.9980100851060193;10;1_1;SR_1_SM_0;1.0
854.9260676393436;820.0869431007541;1;1;1_1;1.0;10;1_1;SR_1_SM_0;1.0
0.0;0.0;1;2;1_2;0.0;1;;brak;
6.646877026746438;-0.1382504942007472;1;2;1_2;0.0007698830210048737;1;;brak;
13.293754053492847;-0.2765009884014944;1;2;1_2;0.0015397660420097441;1;;brak;
19.940631080239285;-0.4147514826022416;1;2;1_2;0.002309649063014618;1;;brak;
26.587508106985663;-0.5530019768029888;1;2;1_2;0.003079532084019485;1;;brak;
33.234385133732104;-0.691252471003736;1;2;1_2;0.003849415105024359;1;;brak;
39.88126216047854;-0.8295029652044832;1;2;1_2;0.004619298126029233;1;;brak;
46.52813918722492;-0.9677534594052304;1;2;1_2;0.0053891811470341;1;;brak;
53.17501621397136;-1.1060039536059776;1;2;1_2;0.006159064168038973;1;;brak;
59.960143734918574;5.402622578939827;1;2;1_2;0.007247843177784847;1;;brak;
66.6070207616649;5.26437208473908;1;2;1_2;0.008017726198789708;1;;brak;
73.25389778841134;5.126121590538332;1;2;1_2;0.008787609219794582;1;;brak;
79.90077481515777;4.987871096337585;1;2;1_2;0.009557492240799454;1;;brak;
86.54765184190421;4.849620602136838;1;2;1_2;0.010327375261804328;1;;brak;
93.19452886865064;4.711370107936091;1;2;1_2;0.0110972582828092;1;;brak;
99.84140589539696;4.573119613735344;1;2;1_2;0.01186714130381406;1;;brak;
106.62653341634422;11.08174614628092;1;2;1_2;0.01295592031355992;1;;brak;
113.27341044309064;10.943495652080172;1;2;1_2;0.013725803334564792;1;;brak;
119.92028746983704;10.805245157879426;1;2;1_2;0.014495686355569661;1;;brak;
126.70541499078422;17.31387169042523;1;2;1_2;0.015584465365315535;1;;brak;
133.35229201753066;17.175621196224483;1;2;1_2;0.016354348386320407;1;;brak;
139.99916904427704;17.037370702023736;1;2;1_2;0.017124231407325274;1;;brak;
146.64604607102348;16.89912020782299;1;2;1_2;0.01789411442833015;1;;brak;
153.29292309776991;16.760869713622014;1;2;1_2;0.018663997449335022;1;;brak;
159.9398001245163;16.622619219421267;1;2;1_2;0.01943388047033989;1;;brak;
166.58667715126273;16.48436872522052;1;2;1_2;0.020203763491344763;1;;brak;
173.23355417800917;16.346118231019773;1;2;1_2;0.020973646512349637;1;;brak;
179.88043120475555;16.207867736819026;1;2;1_2;0.021743529533354504;1;;brak;
186.527308231502;16.06961724261828;1;2;1_2;0.022513412554359378;1;;brak;
193.17418525824843;15.931366748417531;1;2;1_2;0.023283295575364252;1;;brak;
199.8210622849948;15.793116254216784;1;2;1_2;0.02405317859636912;1;;brak;
206.46793931174125;15.654865760016037;1;2;1_2;0.024823061617373993;1;;brak;
213.11481633848769;15.51661526581529;1;2;1_2;0.025592944638378867;1;;brak;
219.76169336523407;15.378364771614542;1;2;1_2;0.026362827659383734;1;;brak;
226.4085703919805;15.240114277413795;1;2;1_2;0.027132710680388607;1;;brak;
233.0554474187269;15.101863783213048;1;2;1_2;0.027902593701393478;1;;brak;
239.84057493967407;21.610490315758625;1;2;1_2;0.028991372711139326;1;;brak;
246.4874519664205;21.47223982155788;1;2;1_2;0.029761255732144203;1;;brak;
253.13432899316692;21.33398932735713;1;2;1_2;0.030531138753149077;1;;brak;
259.9194565141141;27.842615859902708;1;2;1_2;0.031619917762894925;1;;brak;
266.5663335408605;27.70436536570196;1;2;1_2;0.032389800783899796;1;;brak;
273.2132105676069;27.566114871501213;1;2;1_2;0.033159683804904666;1;;brak;
279.8600875943534;27.427864377300462;1;2;1_2;0.03392956682590954;1;;brak;
286.5069646210997;27.28961388309972;1;2;1_2;0.03469944984691441;1;;brak;
293.1538416478461;27.15136338889897;1;2;1_2;0.03546933286791927;1;;brak;
299.8007186745926;27.013112894698224;1;2;1_2;0.036239215888924155;1;;brak;
306.447595701339;26.87486240049748;1;2;1_2;0.037009098909929025;1;;brak;
313.0944727280854;26.73661190629673;1;2;1_2;0.037778981930933896;1;;brak;
319.74134975483184;26.598361412095983;1;2;1_2;0.038548864951938766;1;;brak;
326.38822678157817;26.46011091789524;1;2;1_2;0.03931874797294363;1;;brak;
333.0351038083246;26.32186042369449;1;2;1_2;0.0400886309939485;1;;brak;
339.68198083507104;26.18360992949374;1;2;1_2;0.04085851401495338;1;;brak;
346.3288578618175;26.045359435292998;1;2;1_2;0.04162839703595825;1;;brak;
352.9757348885639;25.907108941092247;1;2;1_2;0.04239828005696312;1;;brak;
359.7608624095111;32.41573547363805;1;2;1_2;0.043487059066708994;1;;brak;
366.40773943625743;32.277484979437304;1;2;1_2;0.04425694208771386;1;;brak;
373.1928669572047;38.78611151198288;1;2;1_2;0.04534572109745972;1;;brak;
379.8397439839512;38.64786101778213;1;2;1_2;0.046115604118464604;1;;brak;
386.4866210106976;38.50961052358139;1;2;1_2;0.04688548713946947;1;;brak;
393.133498037444;38.37136002938064;1;2;1_2;0.04765537016047434;1;;brak;
399.7803750641905;38.23310953517989;1;2;1_2;0.048425253181479215;1;;brak;
406.4272520909368;38.094859040979145;1;2;1_2;0.04919513620248408;1;;brak;
413.0741291176832;37.95660854677817;1;2;1_2;0.04996501922348894;1;;brak;
419.7210061444297;37.81835805257742;1;2;1_2;0.050734902244493826;1;;brak;
426.3678831711761;37.68010755837668;1;2;1_2;0.0515047852654987;1;;brak;
433.01476019792256;37.54185706417593;1;2;1_2;0.052274668286503574;1;;brak;
439.6616372246689;37.40360656997518;1;2;1_2;0.05304455130750843;1;;brak;
446.3085142514153;37.265356075774434;1;2;1_2;0.05381443432851331;1;;brak;
452.95539127816176;37.12710558157369;1;2;1_2;0.05458431734951818;1;;brak;
459.6022683049082;36.98885508737294;1;2;1_2;0.05535420037052305;1;;brak;
466.2491453316546;36.85060459317219;1;2;1_2;0.05612408339152792;1;;brak;
472.896022358401;36.712354098971446;1;2;1_2;0.05689396641253279;1;;brak;
479.5428993851474;36.5741036047707;1;2;1_2;0.05766384943353766;1;;brak;
486.3280269060946;43.0827301373165;1;2;1_2;0.058752628443283536;1;;brak;
492.974903932841;42.94447964311576;1;2;1_2;0.059522511464288407;1;;brak;
499.7600314537882;49.45310617566133;1;2;1_2;0.060611290474034255;1;;brak;
506.4069084805346;49.314855681460585;1;2;1_2;0.061381173495039125;1;;brak;
513.0537855072811;49.17660518725984;1;2;1_2;0.062151056516044016;1;;brak;
519.7006625340274;49.03835469305909;1;2;1_2;0.06292093953704887;1;;brak;
526.3475395607738;48.90010419885834;1;2;1_2;0.06369082255805374;1;;brak;
532.9944165875203;48.7618537046576;1;2;1_2;0.06446070557905861;1;;brak;
539.6412936142667;48.62360321045685;1;2;1_2;0.06523058860006348;1;;brak;
546.2881706410132;48.4853527162561;1;2;1_2;0.06600047162106835;1;;brak;
552.9350476677596;48.34710222205536;1;2;1_2;0.06677035464207323;1;;brak;
559.5819246945059;48.20885172785461;1;2;1_2;0.0675402376630781;1;;brak;
566.2288017212524;48.07060123365386;1;2;1_2;0.06831012068408296;1;;brak;
573.0139292421995;54.57922776619944;1;2;1_2;0.06939889969382883;1;;brak;
579.660806268946;54.44097727199869;1;2;1_2;0.07016878271483369;1;;brak;
586.3076832956924;54.30272677779794;1;2;1_2;0.07093866573583857;1;;brak;
592.9545603224389;54.1644762835972;1;2;1_2;0.07170854875684345;1;;brak;
599.6014373491852;54.02622578939645;1;2;1_2;0.07247843177784831;1;;brak;
606.3865648701324;60.53485232194225;1;2;1_2;0.07356721078759418;1;;brak;
613.0334418968788;60.39660182774151;1;2;1_2;0.07433709380859906;1;;brak;
619.6803189236252;60.25835133354076;1;2;1_2;0.07510697682960392;1;;brak;
626.3271959503717;60.12010083934001;1;2;1_2;0.0758768598506088;1;;brak;
632.974072977118;59.981850345139264;1;2;1_2;0.07664674287161366;1;;brak;
639.6209500038644;59.84359985093852;1;2;1_2;0.07741662589261854;1;;brak;
646.2678270306109;59.70534935673777;1;2;1_2;0.0781865089136234;1;;brak;
652.9147040573573;59.56709886253702;1;2;1_2;0.07895639193462828;1;;brak;
659.5615810841038;59.42884836833628;1;2;1_2;0.07972627495563316;1;;brak;
666.3467086050509;65.93747490088185;1;2;1_2;0.080815053965379;1;;brak;
672.9935856317973;65.79922440668088;1;2;1_2;0.08158493698638386;1;;brak;
679.6404626585437;65.66097391248013;1;2;1_2;0.08235482000738874;1;;brak;
686.4255901794909;72.16960044502594;1;2;1_2;0.0834435990171346;1;;brak;
693.0724672062373;72.03134995082519;1;2;1_2;0.08421348203813948;1;;brak;
699.7193442329838;71.89309945662444;1;2;1_2;0.08498336505914436;1;;brak;
706.3662212597302;71.7548489624237;1;2;1_2;0.08575324808014922;1;;brak;
713.0130982864765;71.61659846822295;1;2;1_2;0.08652313110115409;1;;brak;
719.659975313223;71.4783479740222;1;2;1_2;0.08729301412215897;1;;brak;
726.3068523399694;71.34009747982145;1;2;1_2;0.08806289714316383;1;;brak;
732.9537293667158;71.2018469856207;1;2;1_2;0.0888327801641687;1;;brak;
739.6006063934623;71.06359649141996;1;2;1_2;0.08960266318517358;1;;brak;
746.2474834202087;70.92534599721921;1;2;1_2;0.09037254620617846;1;;brak;
752.894360446955;70.78709550301846;1;2;1_2;0.09114242922718331;1;;brak;
759.6794879679022;77.29572203556404;1;2;1_2;0.09223120823692918;1;;brak;
766.3263649946487;77.1574715413633;1;2;1_2;0.09300109125793406;1;;brak;
772.9732420213951;77.01922104716255;1;2;1_2;0.09377097427893892;1;;brak;
779.6201190481415;76.8809705529618;1;2;1_2;0.0945408572999438;1;;brak;
786.266996074888;76.74272005876105;1;2;1_2;0.09531074032094868;1;;brak;
793.052123595835;83.25134659130686;1;2;1_2;0.09639951933069452;1;;brak;
799.6990006225816;83.11309609710611;1;2;1_2;0.09716940235169941;1;;brak;
806.3458776493279;82.97484560290536;1;2;1_2;0.09793928537270427;1;;brak;
812.9927546760742;82.83659510870461;1;2;1_2;0.09870916839370912;1;;brak;
819.6396317028208;82.69834461450387;1;2;1_2;0.09947905141471401;1;;brak;
826.4247592237679;89.20697114704944;1;2;1_2;0.10056783042445985;2;;brak;
833.0716362505144;89.0687206528487;1;2;1_2;0.10133771344546474;2;;brak;
839.7185132772607;88.93047015864795;1;2;1_2;0.10210759646646961;2;;brak;
846.5036407982078;95.43909669119353;1;2;1_2;0.10319637547621545;2;;brak;
853.1505178249544;95.30084619699278;1;2;1_2;0.10396625849722035;2;;brak;
859.7973948517007;95.16259570279205;1;2;1_2;0.10473614151822522;2;;brak;
866.4442718784472;95.02434520859128;1;2;1_2;0.1055060245392301;2;;brak;
873.0911489051936;94.88609471439054;1;2;1_2;0.10627590756023496;2;;brak;
879.8762764261409;101.39472124693634;1;2;1_2;0.10736468656998084;2;;brak;
886.5231534528872;101.2564707527356;1;2;1_2;0.10813456959098569;2;;brak;
893.1700304796335;101.11822025853483;1;2;1_2;0.10890445261199055;2;;brak;
899.8169075063801;100.9799697643341;1;2;1_2;0.10967433563299545;2;;brak;
906.4637845331264;100.84171927013335;1;2;1_2;0.11044421865400031;2;;brak;
913.1106615598728;100.7034687759326;1;2;1_2;0.11121410167500519;2;;brak;
919.89578908082;107.21209530847818;1;2;1_2;0.11230288068475106;2;;brak;
926.5426661075664;107.07384481427744;1;2;1_2;0.11307276370575592;2;;brak;
933.3277936285136;113.582471346823;1;2;1_2;0.11416154271550177;2;;brak;
939.97467065526;113.44422085262228;1;2;1_2;0.11493142573650662;2;;brak;
946.6215476820064;113.30597035842152;1;2;1_2;0.1157013087575115;2;;brak;
953.2684247087528;113.16771986422076;1;2;1_2;0.11647119177851638;2;;brak;
959.9153017354994;113.02946937002002;1;2;1_2;0.11724107479952127;2;;brak;
966.7004292564465;119.5380959025656;1;2;1_2;0.1183298538092671;2;;brak;
973.3473062831928;119.39984540836484;1;2;1_2;0.11909973683027196;2;;brak;
979.9941833099392;119.2615949141641;1;2;1_2;0.11986961985127685;2;;brak;
986.7793108308864;125.77022144670968;1;2;1_2;0.1209583988610227;2;;brak;
993.426187857633;125.63197095250894;1;2;1_2;0.1217282818820276;2;;brak;
1000.0730648843792;125.4937204583082;1;2;1_2;0.12249816490303242;2;;brak;
1006.7199419111256;125.35546996410744;1;2;1_2;0.12326804792403731;2;;brak;
1013.3668189378722;125.2172194699067;1;2;1_2;0.1240379309450422;2;;brak;
1020.1519464588192;131.7258460024525;1;2;1_2;0.12512670995478806;2;;brak;
1026.7988234855657;131.58759550825175;1;2;1_2;0.12589659297579292;2;;brak;
1033.4457005123122;131.449345014051;1;2;1_2;0.1266664759967978;2;;brak;
1040.2308280332595;137.95797154659658;1;2;1_2;0.12775525500654367;2;;brak;
1046.8777050600056;137.81972105239583;1;2;1_2;0.1285251380275485;2;;brak;
1053.5245820867522;137.6814705581951;1;2;1_2;0.1292950210485534;2;;brak;
1060.1714591134987;137.54322006399434;1;2;1_2;0.13006490406955828;2;;brak;
1066.8183361402448;137.4049695697936;1;2;1_2;0.13083478709056312;2;;brak;
1073.603463661192;143.9135961023394;1;2;1_2;0.131923566100309;2;;brak;
1080.250340687939;143.77534560813865;1;2;1_2;0.1326934491213139;2;;brak;
1087.0354682088855;150.28397214068423;1;2;1_2;0.13378222813105972;2;;brak;
1093.682345235632;150.14572164648348;1;2;1_2;0.1345521111520646;2;;brak;
1100.3292222623786;150.00747115228273;1;2;1_2;0.13532199417306948;2;;brak;
1107.114349783326;156.51609768482854;1;2;1_2;0.1364107731828154;2;;brak;
1113.761226810072;156.3778471906278;1;2;1_2;0.13718065620382022;2;;brak;
1120.5463543310193;162.88647372317337;1;2;1_2;0.13826943521356608;2;;brak;
1127.193231357766;162.74822322897262;1;2;1_2;0.13903931823457097;2;;brak;
1133.840108384512;162.60997273477187;1;2;1_2;0.13980920125557578;2;;brak;
1140.4869854112585;162.47172224057113;1;2;1_2;0.14057908427658067;2;;brak;
1147.133862438005;162.33347174637038;1;2;1_2;0.14134896729758556;2;;brak;
1153.9189899589524;168.84209827891596;1;2;1_2;0.14243774630733141;2;;brak;
1160.5658669856984;168.7038477847152;1;2;1_2;0.14320762932833625;2;;brak;
1167.3509945066455;175.212474317261;1;2;1_2;0.1442964083380821;2;;brak;
1173.9978715333923;175.0742238230603;1;2;1_2;0.14506629135908702;2;;brak;
1180.6447485601384;174.93597332885952;1;2;1_2;0.14583617438009186;2;;brak;
1187.4298760810857;181.4445998614051;1;2;1_2;0.14692495338983771;2;;brak;
1194.0767531078322;181.3063493672041;1;2;1_2;0.1476948364108426;2;;brak;
1200.861880628779;187.81497589974992;1;2;1_2;0.14878361542058843;2;;brak;
1207.5087576555256;187.6767254055492;1;2;1_2;0.14955349844159335;2;;brak;
1214.1556346822722;187.53847491134843;1;2;1_2;0.15032338146259822;2;;brak;
1220.9407622032195;194.047101443894;1;2;1_2;0.1514121604723441;2;;brak;
1227.5876392299656;193.9088509496933;1;2;1_2;0.15218204349334893;2;;brak;
1234.372766750913;200.41747748223884;1;2;1_2;0.1532708225030948;2;;brak;
1241.0196437776594;200.2792269880381;1;2;1_2;0.15404070552409968;2;;brak;
1247.6665208044055;200.14097649383731;1;2;1_2;0.15481058854510452;2;;brak;
1254.4516483253528;206.64960302638315;1;2;1_2;0.1558993675548504;2;;brak;
1261.0985253520994;206.5113525321824;1;2;1_2;0.1566692505758553;2;;brak;
1267.883652873047;213.019979064728;1;2;1_2;0.15775802958560117;2;;brak;
1274.5305298997928;212.88172857052723;1;2;1_2;0.15852791260660598;2;;brak;
1281.31565742074;219.39035510307303;1;2;1_2;0.15961669161635186;2;;brak;
1287.9625344474866;219.2521046088723;1;2;1_2;0.16038657463735675;2;;brak;
1294.747661968434;225.76073114141784;1;2;1_2;0.1614753536471026;2;;brak;
1301.3945389951805;225.62248064721712;1;2;1_2;0.1622452366681075;2;;brak;
1308.0414160219266;225.4842301530164;1;2;1_2;0.16301511968911234;2;;brak;
1314.826543542874;231.99285668556195;1;2;1_2;0.16410389869885822;2;;brak;
1321.4734205696204;231.8546061913612;1;2;1_2;0.16487378171986308;2;;brak;
1328.2585480905673;238.363232723907;1;2;1_2;0.16596256072960888;2;;brak;
1335.0436756115146;244.87185925645255;1;2;1_2;0.16705133973935476;2;;brak;
1341.6905526382611;244.73360876225183;1;2;1_2;0.16782122276035966;2;;brak;
1348.4756801592084;251.24223529479764;1;2;1_2;0.16891000177010554;2;;brak;
1355.2608076801553;257.7508618273432;1;2;1_2;0.16999878077985137;2;;brak;
1361.9076847069018;257.61261133314247;1;2;1_2;0.17076866380085626;2;;brak;
1368.6928122278491;264.1212378656883;1;2;1_2;0.17185744281060214;2;;brak;
1375.3396892545952;263.9829873714875;1;2;1_2;0.17262732583160698;2;;brak;
1382.1248167755425;270.4916139040331;1;2;1_2;0.17371610484135283;2;;brak;
1388.9099442964898;277.0002404365787;1;2;1_2;0.17480488385109869;2;;brak;
1395.556821323236;276.86198994237793;1;2;1_2;0.17557476687210352;2;;brak;
1402.3419488441832;283.37061647492374;1;2;1_2;0.1766635458818494;2;;brak;
1409.1270763651305;289.8792430074693;1;2;1_2;0.17775232489159526;2;;brak;
1415.9122038860778;296.3878695400151;1;2;1_2;0.17884110390134114;2;;brak;
1422.6973314070246;302.8964960725607;1;2;1_2;0.179929882911087;2;;brak;
1429.482458927972;309.40512260510627;1;2;1_2;0.18101866192083285;2;;brak;
1436.1293359547185;309.2668721109055;1;2;1_2;0.18178854494183772;2;;brak;
1442.9144634756651;315.77549864345133;1;2;1_2;0.18287732395158354;2;;brak;
1449.6995909966126;322.2841251759969;1;2;1_2;0.18396610296132943;2;;brak;
1456.3464680233592;322.14587468179616;1;2;1_2;0.18473598598233432;2;;brak;
1463.1315955443065;328.65450121434174;1;2;1_2;0.18582476499208017;2;;brak;
1469.916723065253;335.1631277468873;1;2;1_2;0.18691354400182597;2;;brak;
1476.563600092;335.02487725268657;1;2;1_2;0.1876834270228309;2;;brak;
1483.3487276129472;341.5335037852324;1;2;1_2;0.18877220603257677;2;;brak;
1490.133855133894;348.04213031777795;1;2;1_2;0.18986098504232263;2;;brak;
1496.918982654841;354.5507568503235;1;2;1_2;0.19094976405206845;2;;brak;
1503.7041101757886;361.0593833828693;1;2;1_2;0.19203854306181437;2;;brak;
1510.4892376967357;367.5680099154149;1;2;1_2;0.19312732207156022;2;;brak;
1517.136114723482;367.42975942121416;1;2;1_2;0.19389720509256508;2;;brak;
1523.921242244429;373.93838595376;1;2;1_2;0.19498598410231094;2;;brak;
1524.05949273863;380.5852629805063;1;2;1_2;0.1957558671233158;2;;brak;
1530.8446202595774;387.0938895130519;1;2;1_2;0.19684464613306166;2;;brak;
1537.6297477805242;393.60251604559767;1;2;1_2;0.19793342514280748;2;;brak;
1544.4148753014715;400.1111425781432;1;2;1_2;0.19902220415255337;2;;brak;
1551.061752328218;399.9728920839425;1;2;1_2;0.19979208717355823;2;;brak;
1557.846879849165;406.4815186164883;1;2;1_2;0.2008808661833041;3;1_2;SR_1_SM_1;0.5301645338208409
1564.6320073701122;412.9901451490339;1;2;1_2;0.20196964519304997;3;1_2;SR_1_SM_1;0.5301645338208409
1564.770257864313;419.6370221757802;1;2;1_2;0.20273952821405483;3;1_2;SR_1_SM_1;0.5301645338208409
1571.5553853852605;426.145648708326;1;2;1_2;0.20382830722380071;3;1_2;SR_1_SM_1;0.5301645338208409
1571.693635879461;432.79252573507233;1;2;1_2;0.20459819024480558;3;1_2;SR_1_SM_1;0.5301645338208409
1578.4787634004083;439.3011522676181;1;2;1_2;0.20568696925455143;3;1_2;SR_1_SM_1;0.5301645338208409
1585.2638909213551;445.8097788001637;1;2;1_2;0.20677574826429726;3;1_2;SR_1_SM_1;0.5301645338208409
1592.0490184423024;452.3184053327095;1;2;1_2;0.20786452727404314;3;1_2;SR_1_SM_1;0.5301645338208409
1598.8341459632495;458.8270318652551;1;2;1_2;0.208953306283789;3;1_2;SR_1_SM_1;0.5301645338208409
1598.9723964574505;465.4739088920014;1;2;1_2;0.20972318930479383;3;1_2;SR_1_SM_1;0.5301645338208409
1605.7575239783978;471.9825354245472;1;2;1_2;0.21081196831453974;3;1_2;SR_1_SM_1;0.5301645338208409
1612.542651499345;478.4911619570928;1;2;1_2;0.21190074732428563;3;1_2;SR_1_SM_1;0.5301645338208409
1612.6809019935458;485.13803898383935;1;2;1_2;0.2126706303452905;3;1_2;SR_1_SM_1;0.5301645338208409
1619.466029514493;491.6466655163849;1;2;1_2;0.21375940935503632;3;1_2;SR_1_SM_1;0.5301645338208409
1626.25115703544;498.1552920489305;1;2;1_2;0.21484818836478217;3;1_2;SR_1_SM_1;0.5301645338208409
1626.3894075296407;504.80216907567706;1;2;1_2;0.21561807138578706;3;1_2;SR_1_SM_1;0.5301645338208409
1633.174535050588;511.3107956082226;1;2;1_2;0.21670685039553292;3;1_2;SR_1_SM_1;0.5301645338208409
1633.3127855447888;517.9576726349692;1;2;1_2;0.2174767334165378;3;1_2;SR_1_SM_1;0.5301645338208409
1640.0979130657356;524.4662991675148;1;2;1_2;0.21856551242628364;3;1_2;SR_1_SM_1;0.5301645338208409
1646.883040586683;530.9749257000606;1;2;1_2;0.21965429143602952;3;1_2;SR_1_SM_1;0.5301645338208409
1647.0212910808837;537.6218027268069;1;2;1_2;0.22042417445703438;3;1_2;SR_1_SM_1;0.5301645338208409
1647.1595415750844;544.2686797535532;1;2;1_2;0.22119405747803925;3;1_2;SR_1_SM_1;0.5301645338208409
1653.9446690960317;550.777306286099;1;2;1_2;0.22228283648778513;3;1_2;SR_1_SM_1;0.5301645338208409
1660.729796616979;557.2859328186446;1;2;1_2;0.22337161549753098;3;1_2;SR_1_SM_1;0.5301645338208409
1660.8680471111795;563.9328098453911;1;2;1_2;0.22414149851853588;3;1_2;SR_1_SM_1;0.5301645338208409
1667.6531746321266;570.4414363779367;1;2;1_2;0.2252302775282817;3;1_2;SR_1_SM_1;0.5301645338208409
1667.791425126327;577.088313404683;1;2;1_2;0.22600016054928657;3;1_2;SR_1_SM_1;0.5301645338208409
1667.929675620528;583.7351904314296;1;2;1_2;0.22677004357029146;3;1_2;SR_1_SM_1;0.5301645338208409
1674.7148031414754;590.2438169639752;1;2;1_2;0.2278588225800373;3;1_2;SR_1_SM_1;0.5301645338208409
1674.853053635676;596.8906939907217;1;2;1_2;0.2286287056010422;3;1_2;SR_1_SM_1;0.5301645338208409
1681.6381811566234;603.3993205232673;1;2;1_2;0.2297174846107881;3;1_2;SR_1_SM_1;0.5301645338208409
1681.7764316508242;610.0461975500136;1;2;1_2;0.23048736763179295;3;1_2;SR_1_SM_1;0.5301645338208409
1681.914682145025;616.6930745767602;1;2;1_2;0.23125725065279784;3;1_2;SR_1_SM_1;0.5301645338208409
1688.6998096659718;623.2017011093058;1;2;1_2;0.23234602966254367;3;1_2;SR_1_SM_1;0.5301645338208409
1695.484937186919;629.7103276418516;1;2;1_2;0.23343480867228955;3;1_2;SR_1_SM_1;0.5301645338208409
1695.6231876811198;636.3572046685979;1;2;1_2;0.23420469169329441;3;1_2;SR_1_SM_1;0.5301645338208409
1695.7614381753206;643.0040816953444;1;2;1_2;0.2349745747142993;3;1_2;SR_1_SM_1;0.5301645338208409
1695.8996886695213;649.6509587220908;1;2;1_2;0.23574445773530417;3;1_2;SR_1_SM_1;0.5301645338208409
1696.037939163722;656.2978357488371;1;2;1_2;0.23651434075630903;3;1_2;SR_1_SM_1;0.5301645338208409
1696.1761896579228;662.9447127755836;1;2;1_2;0.23728422377731387;3;1_2;SR_1_SM_1;0.5301645338208409
1702.96131717887;669.4533393081292;1;2;1_2;0.23837300278705972;3;1_2;SR_1_SM_1;0.5301645338208409
1703.0995676730709;676.1002163348758;1;2;1_2;0.2391428858080647;3;1_2;SR_1_SM_1;0.5301645338208409
1703.2378181672716;682.7470933616221;1;2;1_2;0.23991276882906956;3;1_2;SR_1_SM_1;0.5301645338208409
1710.0229456882184;689.2557198941677;1;2;1_2;0.2410015478388153;3;1_2;SR_1_SM_1;0.5301645338208409
1710.1611961824192;695.9025969209142;1;2;1_2;0.24177143085982022;3;1_2;SR_1_SM_1;0.5301645338208409
1710.29944667662;702.5494739476605;1;2;1_2;0.2425413138808251;3;1_2;SR_1_SM_1;0.5301645338208409
1710.437697170821;709.1963509744071;1;2;1_2;0.24331119690182998;3;1_2;SR_1_SM_1;0.5301645338208409
1710.5759476650214;715.8432280011534;1;2;1_2;0.24408107992283484;3;1_2;SR_1_SM_1;0.5301645338208409
1717.3610751859692;722.3518545336992;1;2;1_2;0.2451698589325807;3;1_2;SR_1_SM_1;0.5301645338208409
1717.49932568017;728.9987315604453;1;2;1_2;0.24593974195358556;3;1_2;SR_1_SM_1;0.5301645338208409
1717.637576174371;735.6456085871919;1;2;1_2;0.24670962497459042;3;1_2;SR_1_SM_1;0.5301645338208409
1717.7758266685714;742.2924856139384;1;2;1_2;0.2474795079955954;3;1_2;SR_1_SM_1;0.5301645338208409
1717.9140771627722;748.9393626406845;1;2;1_2;0.24824939101660015;3;1_2;SR_1_SM_1;0.5301645338208409
1724.699204683719;755.4479891732303;1;2;1_2;0.249338170026346;3;1_2;SR_1_SM_1;0.5301645338208409
1724.8374551779198;762.0948661999769;1;2;1_2;0.25010805304735095;3;1_2;SR_1_SM_1;0.5301645338208409
1724.9757056721205;768.741743226723;1;2;1_2;0.25087793606835573;3;1_2;SR_1_SM_1;0.5301645338208409
1725.1139561663213;775.3886202534695;1;2;1_2;0.2516478190893607;3;1_2;SR_1_SM_1;0.5301645338208409
1725.252206660522;782.0354972802161;1;2;1_2;0.25241770211036557;3;1_2;SR_1_SM_1;0.5301645338208409
1725.3904571547228;788.6823743069626;1;2;1_2;0.2531875851313704;3;1_2;SR_1_SM_1;0.5301645338208409
1725.5287076489235;795.3292513337087;1;2;1_2;0.2539574681523753;3;1_2;SR_1_SM_1;0.5301645338208409
1732.3138351698708;801.8378778662545;1;2;1_2;0.25504624716212115;3;1_2;SR_1_SM_1;0.5301645338208409
1732.4520856640715;808.4847548930009;1;2;1_2;0.255816130183126;3;1_2;SR_1_SM_1;0.5301645338208409
1732.5903361582723;815.1316319197472;1;2;1_2;0.2565860132041309;3;1_2;SR_1_SM_1;0.5301645338208409
1732.728586652473;821.7785089464937;1;2;1_2;0.2573558962251357;3;1_2;SR_1_SM_1;0.5301645338208409
1732.8668371466738;828.42538597324;1;2;1_2;0.2581257792461406;3;1_2;SR_1_SM_1;0.5301645338208409
1733.0050876408743;835.0722629999866;1;2;1_2;0.25889566226714555;3;1_2;SR_1_SM_1;0.5301645338208409
1733.1433381350753;841.7191400267329;1;2;1_2;0.2596655452881504;3;1_2;SR_1_SM_1;0.5301645338208409
1733.281588629276;848.3660170534793;1;2;1_2;0.2604354283091553;3;1_2;SR_1_SM_1;0.5301645338208409
1733.4198391234768;855.0128940802258;1;2;1_2;0.2612053113301601;3;1_2;SR_1_SM_1;0.5301645338208409
1733.5580896176775;861.6597711069721;1;2;1_2;0.261975194351165;3;1_2;SR_1_SM_1;0.5301645338208409
1733.6963401118785;868.3066481337187;1;2;1_2;0.26274507737216984;3;1_2;SR_1_SM_1;0.5301645338208409
1740.4814676328256;874.8152746662643;1;2;1_2;0.2638338563819157;3;1_2;SR_1_SM_1;0.5301645338208409
1740.6197181270263;881.4621516930108;1;2;1_2;0.2646037394029206;3;1_2;SR_1_SM_1;0.5301645338208409
1740.757968621227;888.1090287197571;1;2;1_2;0.2653736224239254;3;1_2;SR_1_SM_1;0.5301645338208409
1740.8962191154278;894.7559057465037;1;2;1_2;0.2661435054449303;3;1_2;SR_1_SM_1;0.5301645338208409
1741.0344696096286;901.40278277325;1;2;1_2;0.2669133884659352;3;1_2;SR_1_SM_1;0.5301645338208409
1741.1727201038293;908.0496597999964;1;2;1_2;0.2676832714869401;3;1_2;SR_1_SM_1;0.5301645338208409
1741.31097059803;914.6965368267428;1;2;1_2;0.26845315450794494;3;1_2;SR_1_SM_1;0.5301645338208409
1741.4492210922308;921.3434138534892;1;2;1_2;0.2692230375289498;3;1_2;SR_1_SM_1;0.5301645338208409
1741.5874715864315;927.9902908802358;1;2;1_2;0.2699929205499547;3;1_2;SR_1_SM_1;0.5301645338208409
1741.7257220806323;934.6371679069822;1;2;1_2;0.27076280357095955;3;1_2;SR_1_SM_1;0.5301645338208409
1741.863972574833;941.2840449337284;1;2;1_2;0.27153268659196445;3;1_2;SR_1_SM_1;0.5301645338208409
1742.0022230690338;947.930921960475;1;2;1_2;0.2723025696129693;3;1_2;SR_1_SM_1;0.5301645338208409
1742.1404735632343;954.5777989872214;1;2;1_2;0.2730724526339741;3;1_2;SR_1_SM_1;0.5301645338208409
1742.2787240574353;961.2246760139678;1;2;1_2;0.273842335654979;3;1_2;SR_1_SM_1;0.5301645338208409
1742.416974551636;967.8715530407144;1;2;1_2;0.2746122186759839;3;1_2;SR_1_SM_1;0.5301645338208409
1742.5552250458368;974.5184300674608;1;2;1_2;0.2753821016969888;3;1_2;SR_1_SM_1;0.5301645338208409
1742.6934755400375;981.165307094207;1;2;1_2;0.2761519847179936;3;1_2;SR_1_SM_1;0.5301645338208409
1742.8317260342385;987.8121841209536;1;2;1_2;0.2769218677389986;3;1_2;SR_1_SM_1;0.5301645338208409
1736.323099501693;994.5973116419008;1;2;1_2;0.2780106467487444;3;1_2;SR_1_SM_1;0.5301645338208409
1736.4613499958937;1001.2441886686472;1;2;1_2;0.27878052976974926;3;1_2;SR_1_SM_1;0.5301645338208409
1736.5996004900944;1007.8910656953936;1;2;1_2;0.27955041279075415;3;1_2;SR_1_SM_1;0.5301645338208409
1736.7378509842952;1014.53794272214;1;2;1_2;0.280320295811759;3;1_2;SR_1_SM_1;0.5301645338208409
1736.876101478496;1021.1848197488864;1;2;1_2;0.2810901788327638;3;1_2;SR_1_SM_1;0.5301645338208409
1737.0143519726969;1027.8316967756327;1;2;1_2;0.2818600618537687;3;1_2;SR_1_SM_1;0.5301645338208409
1737.1526024668974;1034.4785738023793;1;2;1_2;0.28262994487477355;3;1_2;SR_1_SM_1;0.5301645338208409
1737.2908529610982;1041.1254508291256;1;2;1_2;0.28339982789577844;3;1_2;SR_1_SM_1;0.5301645338208409
1737.429103455299;1047.772327855872;1;2;1_2;0.2841697109167833;3;1_2;SR_1_SM_1;0.5301645338208409
1737.5673539494996;1054.4192048826185;1;2;1_2;0.2849395939377882;3;1_2;SR_1_SM_1;0.5301645338208409
1737.7056044437004;1061.0660819093648;1;2;1_2;0.28570947695879306;3;1_2;SR_1_SM_1;0.5301645338208409
1731.1969779111546;1067.851209430312;1;2;1_2;0.286798255968539;3;1_2;SR_1_SM_1;0.5301645338208409
1731.335228405355;1074.4980864570584;1;2;1_2;0.28756813898954386;3;1_2;SR_1_SM_1;0.5301645338208409
1731.473478899556;1081.144963483805;1;2;1_2;0.2883380220105487;3;1_2;SR_1_SM_1;0.5301645338208409
1731.6117293937568;1087.7918405105513;1;2;1_2;0.28910790503155354;3;1_2;SR_1_SM_1;0.5301645338208409
1725.103102861211;1094.5769680314984;1;2;1_2;0.29019668404129945;3;1_2;SR_1_SM_1;0.5301645338208409
1725.2413533554118;1101.223845058245;1;2;1_2;0.29096656706230434;3;1_2;SR_1_SM_1;0.5301645338208409
1718.732726822866;1108.008972579192;1;2;1_2;0.2920553460720502;3;1_2;SR_1_SM_1;0.5301645338208409
1718.8709773170667;1114.6558496059383;1;2;1_2;0.29282522909305503;3;1_2;SR_1_SM_1;0.5301645338208409
1719.0092278112677;1121.3027266326849;1;2;1_2;0.2935951121140599;3;1_2;SR_1_SM_1;0.5301645338208409
1719.1474783054682;1127.9496036594314;1;2;1_2;0.2943649951350648;3;1_2;SR_1_SM_1;0.5301645338208409
1719.285728799669;1134.5964806861775;1;2;1_2;0.2951348781560697;3;1_2;SR_1_SM_1;0.5301645338208409
1719.4239792938697;1141.243357712924;1;2;1_2;0.29590476117707454;3;1_2;SR_1_SM_1;0.5301645338208409
1719.5622297880705;1147.8902347396706;1;2;1_2;0.29667464419807943;3;1_2;SR_1_SM_1;0.5301645338208409
1713.053603255525;1154.6753622606177;1;2;1_2;0.2977634232078253;3;1_2;SR_1_SM_1;0.5301645338208409
1713.191853749726;1161.322239287364;1;2;1_2;0.2985333062288301;3;1_2;SR_1_SM_1;0.5301645338208409
1713.3301042439266;1167.9691163141106;1;2;1_2;0.299303189249835;3;1_2;SR_1_SM_1;0.5301645338208409
1713.4683547381271;1174.615993340857;1;2;1_2;0.30007307227083985;4;1_2;SR_0_SM_0;0.8231981981981982
1706.9597282055815;1181.401120861804;1;2;1_2;0.3011618512805857;4;1_2;SR_0_SM_0;0.8231981981981982
1700.4511016730355;1188.1862483827513;1;2;1_2;0.30225063029033156;4;1_2;SR_0_SM_0;0.8231981981981982
1700.5893521672365;1194.8331254094978;1;2;1_2;0.30302051331133656;4;1_2;SR_0_SM_0;0.8231981981981982
1700.7276026614372;1201.480002436244;1;2;1_2;0.3037903963323413;4;1_2;SR_0_SM_0;0.8231981981981982
1700.865853155638;1208.1268794629905;1;2;1_2;0.30456027935334623;4;1_2;SR_0_SM_0;0.8231981981981982
1701.0041036498387;1214.773756489737;1;2;1_2;0.3053301623743511;4;1_2;SR_0_SM_0;0.8231981981981982
1701.1423541440397;1221.4206335164831;1;2;1_2;0.30610004539535596;4;1_2;SR_0_SM_0;0.8231981981981982
1694.633727611494;1228.2057610374304;1;2;1_2;0.3071888244051018;4;1_2;SR_0_SM_0;0.8231981981981982
1694.7719781056949;1234.852638064177;1;2;1_2;0.3079587074261067;4;1_2;SR_0_SM_0;0.8231981981981982
1688.263351573149;1241.6377655851245;1;2;1_2;0.30904748643585256;4;1_2;SR_0_SM_0;0.8231981981981982
1681.7547250406035;1248.4228931060711;1;2;1_2;0.3101362654455984;4;1_2;SR_0_SM_0;0.8231981981981982
1681.8929755348045;1255.0697701328177;1;2;1_2;0.31090614846660325;4;1_2;SR_0_SM_0;0.8231981981981982
1682.0312260290052;1261.7166471595642;1;2;1_2;0.31167603148760814;4;1_2;SR_0_SM_0;0.8231981981981982
1675.5225994964594;1268.5017746805113;1;2;1_2;0.312764810497354;4;1_2;SR_0_SM_0;0.8231981981981982
1669.0139729639136;1275.2869022014586;1;2;1_2;0.31385358950709996;4;1_2;SR_0_SM_0;0.8231981981981982
1669.1522234581143;1281.933779228205;1;2;1_2;0.3146234725281048;4;1_2;SR_0_SM_0;0.8231981981981982
1669.290473952315;1288.5806562549512;1;2;1_2;0.3153933555491097;4;1_2;SR_0_SM_0;0.8231981981981982
1662.7818474197695;1295.3657837758983;1;2;1_2;0.31648213455885554;4;1_2;SR_0_SM_0;0.8231981981981982
1656.273220887224;1302.1509112968456;1;2;1_2;0.3175709135686014;4;1_2;SR_0_SM_0;0.8231981981981982
1656.4114713814247;1308.7977883235922;1;2;1_2;0.3183407965896063;4;1_2;SR_0_SM_0;0.8231981981981982
1656.5497218756254;1315.4446653503387;1;2;1_2;0.3191106796106111;4;1_2;SR_0_SM_0;0.8231981981981982
1650.0410953430796;1322.2297928712858;1;2;1_2;0.320199458620357;4;1_2;SR_0_SM_0;0.8231981981981982
1643.5324688105345;1329.0149203922329;1;2;1_2;0.32128823763010284;4;1_2;SR_0_SM_0;0.8231981981981982
1643.670719304735;1335.6617974189794;1;2;1_2;0.3220581206511077;4;1_2;SR_0_SM_0;0.8231981981981982
1637.1620927721892;1342.4469249399265;1;2;1_2;0.3231468996608536;4;1_2;SR_0_SM_0;0.8231981981981982
1630.6534662396434;1349.2320524608735;1;2;1_2;0.32423567867059944;4;1_2;SR_0_SM_0;0.8231981981981982
1630.7917167338442;1355.87892948762;1;2;1_2;0.32500556169160427;4;1_2;SR_0_SM_0;0.8231981981981982
1630.929967228045;1362.5258065143666;1;2;1_2;0.3257754447126092;4;1_2;SR_0_SM_0;0.8231981981981982
1624.421340695499;1369.3109340353135;1;2;1_2;0.326864223722355;4;1_2;SR_0_SM_0;0.8231981981981982
1617.9127141629538;1376.0960615562608;1;2;1_2;0.3279530027321009;4;1_2;SR_0_SM_0;0.8231981981981982
1611.404087630408;1382.881189077208;1;2;1_2;0.3290417817418468;4;1_2;SR_0_SM_0;0.8231981981981982
1604.8954610978622;1389.6663165981552;1;2;1_2;0.33013056075159264;4;1_2;SR_0_SM_0;0.8231981981981982
1598.3868345653168;1396.4514441191022;1;2;1_2;0.33121933976133844;4;1_2;SR_0_SM_0;0.8231981981981982
1598.5250850595176;1403.0983211458488;1;2;1_2;0.3319892227823434;4;1_2;SR_0_SM_0;0.8231981981981982
1592.0164585269715;1409.883448666796;1;2;1_2;0.3330780017920893;4;1_2;SR_0_SM_0;0.8231981981981982
1585.507831994426;1416.668576187743;1;2;1_2;0.3341667808018351;4;1_2;SR_0_SM_0;0.8231981981981982
1578.99920546188;1423.4537037086902;1;2;1_2;0.335255559811581;4;1_2;SR_0_SM_0;0.8231981981981982
1572.4905789293348;1430.2388312296375;1;2;1_2;0.3363443388213268;4;1_2;SR_0_SM_0;0.8231981981981982
1572.6288294235355;1436.885708256384;1;2;1_2;0.3371142218423317;4;1_2;SR_0_SM_0;0.8231981981981982
1566.1202028909895;1443.670835777331;1;2;1_2;0.33820300085207755;4;1_2;SR_0_SM_0;0.8231981981981982
1559.611576358444;1450.4559632982782;1;2;1_2;0.3392917798618234;4;1_2;SR_0_SM_0;0.8231981981981982
1553.1029498258986;1457.2410908192253;1;2;1_2;0.3403805588715693;4;1_2;SR_0_SM_0;0.8231981981981982
1546.5943232933528;1464.0262183401726;1;2;1_2;0.34146933788131517;4;1_2;SR_0_SM_0;0.8231981981981982
1546.7325737875535;1470.673095366919;1;2;1_2;0.34223922090232;4;1_2;SR_0_SM_0;0.8231981981981982
1540.2239472550075;1477.4582228878662;1;2;1_2;0.34332799991206586;4;1_2;SR_0_SM_0;0.8231981981981982
1533.5770702282612;1477.596473382067;1;2;1_2;0.34409788293307075;4;1_2;SR_0_SM_0;0.8231981981981982
1527.0684436957158;1484.381600903014;1;2;1_2;0.3451866619428166;4;1_2;SR_0_SM_0;0.8231981981981982
1520.55981716317;1491.166728423961;1;2;1_2;0.34627544095256246;4;1_2;SR_0_SM_0;0.8231981981981982
1514.0511906306242;1497.9518559449084;1;2;1_2;0.34736421996230826;4;1_2;SR_0_SM_0;0.8231981981981982
1507.5425640980789;1504.7369834658557;1;2;1_2;0.3484529989720541;4;1_2;SR_0_SM_0;0.8231981981981982
1501.033937565533;1511.5221109868028;1;2;1_2;0.3495417779818;4;1_2;SR_0_SM_0;0.8231981981981982
1494.5253110329877;1518.3072385077498;1;2;1_2;0.35063055699154577;4;1_2;SR_0_SM_0;0.8231981981981982
1488.016684500442;1525.0923660286971;1;2;1_2;0.3517193360012917;4;1_2;SR_0_SM_0;0.8231981981981982
1481.508057967896;1531.8774935496442;1;2;1_2;0.35280811501103754;4;1_2;SR_0_SM_0;0.8231981981981982
1474.9994314353507;1538.6626210705913;1;2;1_2;0.3538968940207834;4;1_2;SR_0_SM_0;0.8231981981981982
1468.490804902805;1545.4477485915386;1;2;1_2;0.35498567303052925;4;1_2;SR_0_SM_0;0.8231981981981982
1461.8439278760584;1545.585999085739;1;2;1_2;0.35575555605153414;4;1_2;SR_0_SM_0;0.8231981981981982
1455.335301343513;1552.3711266066866;1;2;1_2;0.35684433506128;4;1_2;SR_0_SM_0;0.8231981981981982
1448.6884243167665;1552.5093771008874;1;2;1_2;0.3576142180822849;4;1_2;SR_0_SM_0;0.8231981981981982
1442.179797784221;1559.2945046218344;1;2;1_2;0.35870299709203074;4;1_2;SR_0_SM_0;0.8231981981981982
1435.6711712516749;1566.0796321427815;1;2;1_2;0.35979177610177665;4;1_2;SR_0_SM_0;0.8231981981981982
1429.1625447191295;1572.8647596637288;1;2;1_2;0.3608805551115225;4;1_2;SR_0_SM_0;0.8231981981981982
1422.515667692383;1573.0030101579296;1;2;1_2;0.36165043813252734;4;1_2;SR_0_SM_0;0.8231981981981982
1416.0070411598372;1579.7881376788766;1;2;1_2;0.3627392171422732;4;1_2;SR_0_SM_0;0.8231981981981982
1409.4984146272918;1586.573265199824;1;2;1_2;0.36382799615201905;4;1_2;SR_0_SM_0;0.8231981981981982
1402.989788094746;1593.358392720771;1;2;1_2;0.3649167751617649;4;1_2;SR_0_SM_0;0.8231981981981982
1396.3429110679997;1593.4966432149718;1;2;1_2;0.3656866581827698;4;1_2;SR_0_SM_0;0.8231981981981982
1389.8342845354537;1600.281770735919;1;2;1_2;0.3667754371925157;4;1_2;SR_0_SM_0;0.8231981981981982
1383.1874075087076;1600.4200212301198;1;2;1_2;0.3675453202135205;4;1_2;SR_0_SM_0;0.8231981981981982
1376.6787809761618;1607.2051487510669;1;2;1_2;0.3686340992232664;4;1_2;SR_0_SM_0;0.8231981981981982
1370.170154443616;1613.990276272014;1;2;1_2;0.36972287823301225;4;1_2;SR_0_SM_0;0.8231981981981982
1363.52327741687;1614.1285267662147;1;2;1_2;0.37049276125401703;4;1_2;SR_0_SM_0;0.8231981981981982
1357.014650884324;1620.913654287162;1;2;1_2;0.37158154026376294;4;1_2;SR_0_SM_0;0.8231981981981982
1350.3677738575775;1621.0519047813627;1;2;1_2;0.3723514232847679;4;1_2;SR_0_SM_0;0.8231981981981982
1343.8591473250317;1627.83703230231;1;2;1_2;0.37344020229451375;4;1_2;SR_0_SM_0;0.8231981981981982
1337.2122702982856;1627.9752827965108;1;2;1_2;0.3742100853155186;4;1_2;SR_0_SM_0;0.8231981981981982
1330.565393271539;1628.1135332907115;1;2;1_2;0.3749799683365235;4;1_2;SR_0_SM_0;0.8231981981981982
1324.0567667389932;1634.8986608116586;1;2;1_2;0.3760687473462693;4;1_2;SR_0_SM_0;0.8231981981981982
1317.4098897122471;1635.0369113058591;1;2;1_2;0.37683863036727416;4;1_2;SR_0_SM_0;0.8231981981981982
1310.9012631797011;1641.8220388268064;1;2;1_2;0.3779274093770201;4;1_2;SR_0_SM_0;0.8231981981981982
1304.2543861529548;1641.9602893210072;1;2;1_2;0.3786972923980249;4;1_2;SR_0_SM_0;0.8231981981981982
1297.7457596204094;1648.7454168419545;1;2;1_2;0.3797860714077707;4;1_2;SR_0_SM_0;0.8231981981981982
1291.098882593663;1648.8836673361552;1;2;1_2;0.3805559544287756;4;1_2;SR_0_SM_0;0.8231981981981982
1284.590256061117;1655.6687948571025;1;2;1_2;0.3816447334385215;4;1_2;SR_0_SM_0;0.8231981981981982
1277.9433790343703;1655.8070453513033;1;2;1_2;0.3824146164595264;4;1_2;SR_0_SM_0;0.8231981981981982
1271.4347525018252;1662.5921728722503;1;2;1_2;0.38350339546927226;4;1_2;SR_0_SM_0;0.8231981981981982
1264.7878754750786;1662.730423366451;1;2;1_2;0.3842732784902771;4;1_2;SR_0_SM_0;0.8231981981981982
1258.2792489425328;1669.515550887398;1;2;1_2;0.38536205750002295;4;1_2;SR_0_SM_0;0.8231981981981982
1251.6323719157867;1669.653801381599;1;2;1_2;0.38613194052102784;4;1_2;SR_0_SM_0;0.8231981981981982
1244.9854948890402;1669.7920518757996;1;2;1_2;0.3869018235420327;4;1_2;SR_0_SM_0;0.8231981981981982
1238.4768683564944;1676.577179396747;1;2;1_2;0.38799060255177853;4;1_2;SR_0_SM_0;0.8231981981981982
1231.8299913297478;1676.7154298909477;1;2;1_2;0.3887604855727835;4;1_2;SR_0_SM_0;0.8231981981981982
1225.1831143030015;1676.8536803851484;1;2;1_2;0.3895303685937883;4;1_2;SR_0_SM_0;0.8231981981981982
1218.674487770456;1683.6388079060955;1;2;1_2;0.39061914760353417;4;1_2;SR_0_SM_0;0.8231981981981982
1212.0276107437094;1683.7770584002965;1;2;1_2;0.39138903062453906;4;1_2;SR_0_SM_0;0.8231981981981982
1205.518984211164;1690.5621859212436;1;2;1_2;0.39247780963428486;4;1_2;SR_0_SM_0;0.8231981981981982
1198.8721071844177;1690.7004364154443;1;2;1_2;0.3932476926552897;4;1_2;SR_0_SM_0;0.8231981981981982
1192.225230157671;1690.838686909645;1;2;1_2;0.3940175756762947;4;1_2;SR_0_SM_0;0.8231981981981982
1185.5783531309248;1690.9769374038458;1;2;1_2;0.39478745869729953;4;1_2;SR_0_SM_0;0.8231981981981982
1179.069726598379;1697.7620649247929;1;2;1_2;0.3958762377070454;4;1_2;SR_0_SM_0;0.8231981981981982
1172.4228495716325;1697.9003154189936;1;2;1_2;0.3966461207280503;4;1_2;SR_0_SM_0;0.8231981981981982
1165.775972544886;1698.0385659131944;1;2;1_2;0.3974160037490551;4;1_2;SR_0_SM_0;0.8231981981981982
1159.2673460123406;1704.8236934341417;1;2;1_2;0.39850478275880097;4;1_2;SR_0_SM_0;0.8231981981981982
1152.620468985594;1704.9619439283424;1;2;1_2;0.39927466577980586;4;1_2;SR_0_SM_0;0.8231981981981982
1145.9735919588477;1705.1001944225432;1;2;1_2;0.4000445488008107;5;1_2;SR_0_SM_0;0.6857855361596009
1139.3267149321014;1705.238444916744;1;2;1_2;0.40081443182181553;5;1_2;SR_0_SM_0;0.6857855361596009
1132.6798379053548;1705.3766954109446;1;2;1_2;0.4015843148428204;5;1_2;SR_0_SM_0;0.6857855361596009
1126.171211372809;1712.1618229318915;1;2;1_2;0.4026730938525663;5;1_2;SR_0_SM_0;0.6857855361596009
1119.5243343460625;1712.3000734260925;1;2;1_2;0.40344297687357117;5;1_2;SR_0_SM_0;0.6857855361596009
1112.8774573193164;1712.4383239202932;1;2;1_2;0.404212859894576;5;1_2;SR_0_SM_0;0.6857855361596009
1106.2305802925698;1712.576574414494;1;2;1_2;0.4049827429155809;5;1_2;SR_0_SM_0;0.6857855361596009
1099.5837032658233;1712.7148249086947;1;2;1_2;0.40575262593658584;5;1_2;SR_0_SM_0;0.6857855361596009
1093.075076733278;1719.499952429642;1;2;1_2;0.4068414049463317;5;1_2;SR_0_SM_0;0.6857855361596009
1086.4281997065314;1719.6382029238428;1;2;1_2;0.40761128796733653;5;1_2;SR_0_SM_0;0.6857855361596009
1079.9195731739856;1726.4233304447898;1;2;1_2;0.4087000669770824;5;1_2;SR_0_SM_0;0.6857855361596009
1073.2726961472397;1726.5615809389906;1;2;1_2;0.4094699499980872;5;1_2;SR_0_SM_0;0.6857855361596009
1066.625819120493;1726.699831433191;1;2;1_2;0.4102398330190921;5;1_2;SR_0_SM_0;0.6857855361596009
1059.9789420937464;1726.838081927392;1;2;1_2;0.411009716040097;5;1_2;SR_0_SM_0;0.6857855361596009
1053.3320650669998;1726.9763324215928;1;2;1_2;0.4117795990611019;5;1_2;SR_0_SM_0;0.6857855361596009
1046.6851880402537;1727.1145829157936;1;2;1_2;0.4125494820821067;5;1_2;SR_0_SM_0;0.6857855361596009
1040.0383110135072;1727.2528334099943;1;2;1_2;0.4133193651031117;5;1_2;SR_0_SM_0;0.6857855361596009
1033.3914339867606;1727.391083904195;1;2;1_2;0.4140892481241165;5;1_2;SR_0_SM_0;0.6857855361596009
1026.7445569600145;1727.5293343983958;1;2;1_2;0.4148591311451214;5;1_2;SR_0_SM_0;0.6857855361596009
1020.0976799332678;1727.6675848925966;1;2;1_2;0.41562901416612624;5;1_2;SR_0_SM_0;0.6857855361596009
1013.5890534007224;1734.4527124135438;1;2;1_2;0.4167177931758721;5;1_2;SR_0_SM_0;0.6857855361596009
1006.9421763739756;1734.5909629077446;1;2;1_2;0.41748767619687704;5;1_2;SR_0_SM_0;0.6857855361596009
1000.2952993472294;1734.7292134019451;1;2;1_2;0.4182575592178818;5;1_2;SR_0_SM_0;0.6857855361596009
993.6484223204832;1734.867463896146;1;2;1_2;0.4190274422388867;5;1_2;SR_0_SM_0;0.6857855361596009
987.0015452937364;1735.0057143903468;1;2;1_2;0.4197973252598916;5;1_2;SR_0_SM_0;0.6857855361596009
980.3546682669902;1735.1439648845476;1;2;1_2;0.4205672082808964;5;1_2;SR_0_SM_0;0.6857855361596009
973.7077912402436;1735.2822153787483;1;2;1_2;0.4213370913019014;5;1_2;SR_0_SM_0;0.6857855361596009
967.0609142134972;1735.420465872949;1;2;1_2;0.4221069743229062;5;1_2;SR_0_SM_0;0.6857855361596009
960.4140371867508;1735.5587163671498;1;2;1_2;0.4228768573439111;5;1_2;SR_0_SM_0;0.6857855361596009
953.9054106542052;1742.3438438880971;1;2;1_2;0.42396563635365697;5;1_2;SR_0_SM_0;0.6857855361596009
947.2585336274587;1742.482094382298;1;2;1_2;0.4247355193746618;5;1_2;SR_0_SM_0;0.6857855361596009
940.6116566007124;1742.6203448764986;1;2;1_2;0.4255054023956667;5;1_2;SR_0_SM_0;0.6857855361596009
933.964779573966;1742.7585953706994;1;2;1_2;0.42627528541667153;5;1_2;SR_0_SM_0;0.6857855361596009
927.3179025472194;1742.8968458649;1;2;1_2;0.4270451684376765;5;1_2;SR_0_SM_0;0.6857855361596009
920.6710255204732;1743.0350963591009;1;2;1_2;0.4278150514586813;5;1_2;SR_0_SM_0;0.6857855361596009
914.0241484937268;1743.1733468533016;1;2;1_2;0.42858493447968615;5;1_2;SR_0_SM_0;0.6857855361596009
907.3772714669802;1743.3115973475024;1;2;1_2;0.4293548175006911;5;1_2;SR_0_SM_0;0.6857855361596009
900.730394440234;1743.449847841703;1;2;1_2;0.4301247005216959;5;1_2;SR_0_SM_0;0.6857855361596009
894.0835174134874;1743.588098335904;1;2;1_2;0.4308945835427008;5;1_2;SR_0_SM_0;0.6857855361596009
887.436640386741;1743.7263488301046;1;2;1_2;0.43166446656370566;5;1_2;SR_0_SM_0;0.6857855361596009
880.7897633599945;1743.8645993243051;1;2;1_2;0.43243434958471055;5;1_2;SR_0_SM_0;0.6857855361596009
874.1428863332482;1744.002849818506;1;2;1_2;0.4332042326057154;5;1_2;SR_0_SM_0;0.6857855361596009
867.4960093065018;1744.1411003127068;1;2;1_2;0.4339741156267202;5;1_2;SR_0_SM_0;0.6857855361596009
860.7108817855545;1737.632473780161;1;2;1_2;0.43506289463646614;5;1_2;SR_0_SM_0;0.6857855361596009
854.0640047588082;1737.7707242743618;1;2;1_2;0.43583277765747097;5;1_2;SR_0_SM_0;0.6857855361596009
847.4171277320617;1737.9089747685628;1;2;1_2;0.43660266067847586;5;1_2;SR_0_SM_0;0.6857855361596009
840.7702507053153;1738.0472252627635;1;2;1_2;0.43737254369948075;5;1_2;SR_0_SM_0;0.6857855361596009
834.123373678569;1738.1854757569645;1;2;1_2;0.4381424267204856;5;1_2;SR_0_SM_0;0.6857855361596009
827.4764966518225;1738.323726251165;1;2;1_2;0.43891230974149054;5;1_2;SR_0_SM_0;0.6857855361596009
820.8296196250762;1738.4619767453655;1;2;1_2;0.43968219276249537;5;1_2;SR_0_SM_0;0.6857855361596009
814.1827425983298;1738.6002272395665;1;2;1_2;0.44045207578350026;5;1_2;SR_0_SM_0;0.6857855361596009
807.5358655715834;1738.7384777337672;1;2;1_2;0.4412219588045051;5;1_2;SR_0_SM_0;0.6857855361596009
800.8889885448369;1738.876728227968;1;2;1_2;0.44199184182550993;5;1_2;SR_0_SM_0;0.6857855361596009
794.2421115180905;1739.0149787221687;1;2;1_2;0.4427617248465148;5;1_2;SR_0_SM_0;0.6857855361596009
787.4569839971433;1732.5063521896232;1;2;1_2;0.4438505038562607;5;1_2;SR_0_SM_0;0.6857855361596009
780.810106970397;1732.644602683824;1;2;1_2;0.4446203868772655;5;1_2;SR_0_SM_0;0.6857855361596009
774.1632299436505;1732.7828531780249;1;2;1_2;0.44539026989827046;5;1_2;SR_0_SM_0;0.6857855361596009
767.5163529169041;1732.9211036722254;1;2;1_2;0.4461601529192753;5;1_2;SR_0_SM_0;0.6857855361596009
760.8694758901577;1733.059354166426;1;2;1_2;0.44693003594028025;5;1_2;SR_0_SM_0;0.6857855361596009
754.0843483692105;1726.5507276338803;1;2;1_2;0.44801881495002605;5;1_2;SR_0_SM_0;0.6857855361596009
747.437471342464;1726.688978128081;1;2;1_2;0.44878869797103094;5;1_2;SR_0_SM_0;0.6857855361596009
740.7905943157177;1726.8272286222818;1;2;1_2;0.44955858099203583;5;1_2;SR_0_SM_0;0.6857855361596009
734.1437172889713;1726.9654791164826;1;2;1_2;0.45032846401304066;5;1_2;SR_0_SM_0;0.6857855361596009
727.4968402622249;1727.103729610683;1;2;1_2;0.45109834703404555;5;1_2;SR_0_SM_0;0.6857855361596009
720.7117127412777;1720.5951030781378;1;2;1_2;0.4521871260437914;5;1_2;SR_0_SM_0;0.6857855361596009
714.0648357145312;1720.7333535723385;1;2;1_2;0.45295700906479625;5;1_2;SR_0_SM_0;0.6857855361596009
707.4179586877848;1720.8716040665392;1;2;1_2;0.45372689208580114;5;1_2;SR_0_SM_0;0.6857855361596009
700.7710816610385;1721.00985456074;1;2;1_2;0.454496775106806;5;1_2;SR_0_SM_0;0.6857855361596009
694.124204634292;1721.1481050549407;1;2;1_2;0.4552666581278108;5;1_2;SR_0_SM_0;0.6857855361596009
687.4773276075456;1721.2863555491415;1;2;1_2;0.4560365411488157;5;1_2;SR_0_SM_0;0.6857855361596009
680.8304505807992;1721.4246060433422;1;2;1_2;0.4568064241698206;5;1_2;SR_0_SM_0;0.6857855361596009
674.045323059852;1714.915979510797;1;2;1_2;0.4578952031795664;5;1_2;SR_0_SM_0;0.6857855361596009
667.3984460331055;1715.0542300049974;1;2;1_2;0.4586650862005713;5;1_2;SR_0_SM_0;0.6857855361596009
660.6133185121583;1708.5456034724516;1;2;1_2;0.45975386521031714;5;1_2;SR_0_SM_0;0.6857855361596009
653.9664414854119;1708.6838539666524;1;2;1_2;0.460523748231322;5;1_2;SR_0_SM_0;0.6857855361596009
647.3195644586655;1708.822104460853;1;2;1_2;0.4612936312523269;5;1_2;SR_0_SM_0;0.6857855361596009
640.672687431919;1708.9603549550538;1;2;1_2;0.46206351427333175;5;1_2;SR_0_SM_0;0.6857855361596009
633.8875599109718;1702.4517284225085;1;2;1_2;0.4631522932830776;5;1_2;SR_0_SM_0;0.6857855361596009
627.2406828842255;1702.589978916709;1;2;1_2;0.4639221763040825;5;1_2;SR_0_SM_0;0.6857855361596009
620.5938058574791;1702.7282294109098;1;2;1_2;0.46469205932508734;5;1_2;SR_0_SM_0;0.6857855361596009
613.8086783365319;1696.2196028783642;1;2;1_2;0.4657808383348332;5;1_2;SR_0_SM_0;0.6857855361596009
607.1618013097855;1696.357853372565;1;2;1_2;0.4665507213558381;5;1_2;SR_0_SM_0;0.6857855361596009
600.514924283039;1696.4961038667657;1;2;1_2;0.4673206043768429;5;1_2;SR_0_SM_0;0.6857855361596009
593.7297967620918;1689.98747733422;1;2;1_2;0.4684093833865888;5;1_2;SR_0_SM_0;0.6857855361596009
587.0829197353455;1690.1257278284206;1;2;1_2;0.46917926640759366;5;1_2;SR_0_SM_0;0.6857855361596009
580.4360427085991;1690.2639783226214;1;2;1_2;0.46994914942859856;5;1_2;SR_0_SM_0;0.6857855361596009
573.7891656818526;1690.402228816822;1;2;1_2;0.47071903244960345;5;1_2;SR_0_SM_0;0.6857855361596009
567.0040381609055;1683.8936022842763;1;2;1_2;0.47180781145934936;5;1_2;SR_0_SM_0;0.6857855361596009
560.357161134159;1684.0318527784773;1;2;1_2;0.47257769448035414;5;1_2;SR_0_SM_0;0.6857855361596009
553.5720336132118;1677.5232262459317;1;2;1_2;0.4736664734901;5;1_2;SR_0_SM_0;0.6857855361596009
546.9251565864655;1677.6614767401325;1;2;1_2;0.4744363565111049;5;1_2;SR_0_SM_0;0.6857855361596009
540.2782795597191;1677.7997272343332;1;2;1_2;0.4752062395321097;5;1_2;SR_0_SM_0;0.6857855361596009
533.4931520387719;1671.2911007017874;1;2;1_2;0.4762950185418556;5;1_2;SR_0_SM_0;0.6857855361596009
526.8462750120254;1671.429351195988;1;2;1_2;0.47706490156286047;5;1_2;SR_0_SM_0;0.6857855361596009
520.0611474910783;1664.9207246634426;1;2;1_2;0.4781536805726063;5;1_2;SR_0_SM_0;0.6857855361596009
513.4142704643318;1665.058975157643;1;2;1_2;0.47892356359361116;5;1_2;SR_0_SM_0;0.6857855361596009
506.6291429433848;1658.5503486250975;1;2;1_2;0.480012342603357;5;1_2;SR_0_SM_0;0.6857855361596009
499.9822659166383;1658.6885991192985;1;2;1_2;0.4807822256243619;5;1_2;SR_0_SM_0;0.6857855361596009
493.1971383956911;1652.179972586753;1;2;1_2;0.48187100463410776;5;1_2;SR_0_SM_0;0.6857855361596009
486.5502613689447;1652.3182230809534;1;2;1_2;0.4826408876551126;5;1_2;SR_0_SM_0;0.6857855361596009
479.7651338479975;1645.809596548408;1;2;1_2;0.48372966666485845;5;1_2;SR_0_SM_0;0.6857855361596009
473.1182568212511;1645.9478470426086;1;2;1_2;0.48449954968586334;5;1_2;SR_0_SM_0;0.6857855361596009
466.4713797945048;1646.0860975368091;1;2;1_2;0.4852694327068682;5;1_2;SR_0_SM_0;0.6857855361596009
459.6862522735576;1639.5774710042638;1;2;1_2;0.48635821171661403;5;1_2;SR_0_SM_0;0.6857855361596009
453.0393752468111;1639.7157214984643;1;2;1_2;0.4871280947376189;5;1_2;SR_0_SM_0;0.6857855361596009
446.25424772586393;1633.2070949659187;1;2;1_2;0.4882168737473648;5;1_2;SR_0_SM_0;0.6857855361596009
439.4691202049168;1626.6984684333731;1;2;1_2;0.48930565275711063;5;1_2;SR_0_SM_0;0.6857855361596009
432.8222431781704;1626.836718927574;1;2;1_2;0.49007553577811547;5;1_2;SR_0_SM_0;0.6857855361596009
426.0371156572232;1620.328092395028;1;2;1_2;0.49116431478786143;5;1_2;SR_0_SM_0;0.6857855361596009
419.25198813627605;1613.8194658624825;1;2;1_2;0.49225309379760723;5;1_2;SR_0_SM_0;0.6857855361596009
412.6051111095296;1613.9577163566832;1;2;1_2;0.49302297681861207;5;1_2;SR_0_SM_0;0.6857855361596009
405.8199835885824;1607.4490898241377;1;2;1_2;0.49411175582835803;5;1_2;SR_0_SM_0;0.6857855361596009
399.0348560676353;1600.940463291592;1;2;1_2;0.4952005348381038;5;1_2;SR_0_SM_0;0.6857855361596009
392.2497285466882;1594.4318367590463;1;2;1_2;0.49628931384784963;5;1_2;SR_0_SM_0;0.6857855361596009
385.60285151994174;1594.570087253247;1;2;1_2;0.49705919686885464;5;1_2;SR_0_SM_0;0.6857855361596009
378.8177239989944;1588.0614607207012;1;2;1_2;0.4981479758786004;5;1_2;SR_0_SM_0;0.6857855361596009
372.03259647804725;1581.5528341881557;1;2;1_2;0.49923675488834635;5;1_2;SR_0_SM_0;0.6857855361596009
365.3857194513008;1581.6910846823564;1;2;1_2;0.5000066379093512;6;1_2;SR_1_SM_1;0.9014337974982298
358.60059193035363;1575.1824581498108;1;2;1_2;0.501095416919097;6;1_2;SR_1_SM_1;0.9014337974982298
351.9537149036073;1575.3207086440116;1;2;1_2;0.5018652999401018;6;1_2;SR_1_SM_1;0.9014337974982298
345.1685873826601;1568.8120821114658;1;2;1_2;0.5029540789498478;6;1_2;SR_1_SM_1;0.9014337974982298
338.38345986171294;1562.3034555789202;1;2;1_2;0.5040428579595936;6;1_2;SR_1_SM_1;0.9014337974982298
331.5983323407657;1555.7948290463746;1;2;1_2;0.5051316369693395;6;1_2;SR_1_SM_1;0.9014337974982298
324.81320481981857;1549.2862025138288;1;2;1_2;0.5062204159790853;6;1_2;SR_1_SM_1;0.9014337974982298
318.0280772988714;1542.7775759812832;1;2;1_2;0.5073091949888312;6;1_2;SR_1_SM_1;0.9014337974982298
311.2429497779243;1536.2689494487377;1;2;1_2;0.508397973998577;6;1_2;SR_1_SM_1;0.9014337974982298
304.59607275117787;1536.4071999429384;1;2;1_2;0.5091678570195818;6;1_2;SR_1_SM_1;0.9014337974982298
297.8109452302307;1529.8985734103926;1;2;1_2;0.5102566360293278;6;1_2;SR_1_SM_1;0.9014337974982298
291.0258177092835;1523.3899468778468;1;2;1_2;0.5113454150390736;6;1_2;SR_1_SM_1;0.9014337974982298
284.2406901883364;1516.8813203453012;1;2;1_2;0.5124341940488195;6;1_2;SR_1_SM_1;0.9014337974982298
277.4555626673892;1510.3726938127556;1;2;1_2;0.5135229730585653;6;1_2;SR_1_SM_1;0.9014337974982298
270.670435146442;1503.8640672802098;1;2;1_2;0.5146117520683112;6;1_2;SR_1_SM_1;0.9014337974982298
263.8853076254949;1497.3554407476645;1;2;1_2;0.515700531078057;6;1_2;SR_1_SM_1;0.9014337974982298
257.10018010454763;1490.846814215119;1;2;1_2;0.5167893100878028;6;1_2;SR_1_SM_1;0.9014337974982298
250.31505258360045;1484.3381876825729;1;2;1_2;0.5178780890975487;6;1_2;SR_1_SM_1;0.9014337974982298
243.5299250626533;1477.8295611500273;1;2;1_2;0.5189668681072946;6;1_2;SR_1_SM_1;0.9014337974982298
243.39167456845257;1471.182684123281;1;2;1_2;0.5197367511282995;6;1_2;SR_1_SM_1;0.9014337974982298
236.6065470475054;1464.6740575907352;1;2;1_2;0.5208255301380454;6;1_2;SR_1_SM_1;0.9014337974982298
236.46829655330464;1458.0271805639888;1;2;1_2;0.5215954131590502;6;1_2;SR_1_SM_1;0.9014337974982298
229.68316903235743;1451.518554031443;1;2;1_2;0.5226841921687961;6;1_2;SR_1_SM_1;0.9014337974982298
222.89804151141036;1445.0099274988977;1;2;1_2;0.5237729711785418;6;1_2;SR_1_SM_1;0.9014337974982298
222.7597910172096;1438.363050472151;1;2;1_2;0.5245428541995468;6;1_2;SR_1_SM_1;0.9014337974982298
215.97466349626237;1431.854423939605;1;2;1_2;0.5256316332092927;6;1_2;SR_1_SM_1;0.9014337974982298
209.18953597531515;1425.3457974070598;1;2;1_2;0.5267204122190385;6;1_2;SR_1_SM_1;0.9014337974982298
209.0512854811144;1418.6989203803132;1;2;1_2;0.5274902952400435;6;1_2;SR_1_SM_1;0.9014337974982298
202.26615796016728;1412.1902938477676;1;2;1_2;0.5285790742497892;6;1_2;SR_1_SM_1;0.9014337974982298
195.4810304392201;1405.681667315222;1;2;1_2;0.5296678532595352;6;1_2;SR_1_SM_1;0.9014337974982298
188.6959029182729;1399.1730407826765;1;2;1_2;0.530756632269281;6;1_2;SR_1_SM_1;0.9014337974982298
188.55765242407216;1392.52616375593;1;2;1_2;0.5315265152902858;6;1_2;SR_1_SM_1;0.9014337974982298
188.4194019298714;1385.8792867291836;1;2;1_2;0.5322963983112907;6;1_2;SR_1_SM_1;0.9014337974982298
181.63427440892428;1379.3706601966378;1;2;1_2;0.5333851773210366;6;1_2;SR_1_SM_1;0.9014337974982298
174.8491468879771;1372.862033664092;1;2;1_2;0.5344739563307825;6;1_2;SR_1_SM_1;0.9014337974982298
174.71089639377635;1366.2151566373457;1;2;1_2;0.5352438393517874;6;1_2;SR_1_SM_1;0.9014337974982298
174.57264589957555;1359.5682796105991;1;2;1_2;0.5360137223727922;6;1_2;SR_1_SM_1;0.9014337974982298
167.78751837862836;1353.0596530780535;1;2;1_2;0.5371025013825381;6;1_2;SR_1_SM_1;0.9014337974982298
161.00239085768123;1346.551026545508;1;2;1_2;0.538191280392284;6;1_2;SR_1_SM_1;0.9014337974982298
160.8641403634805;1339.9041495187616;1;2;1_2;0.5389611634132888;6;1_2;SR_1_SM_1;0.9014337974982298
160.72588986927974;1333.257272492015;1;2;1_2;0.5397310464342937;6;1_2;SR_1_SM_1;0.9014337974982298
153.94076234833256;1326.7486459594693;1;2;1_2;0.5408198254440396;6;1_2;SR_1_SM_1;0.9014337974982298
153.8025118541318;1320.101768932723;1;2;1_2;0.5415897084650444;6;1_2;SR_1_SM_1;0.9014337974982298
147.01738433318462;1313.5931424001774;1;2;1_2;0.5426784874747903;6;1_2;SR_1_SM_1;0.9014337974982298
146.87913383898388;1306.9462653734308;1;2;1_2;0.5434483704957952;6;1_2;SR_1_SM_1;0.9014337974982298
146.74088334478307;1300.2993883466845;1;2;1_2;0.5442182535168;6;1_2;SR_1_SM_1;0.9014337974982298
139.95575582383594;1293.790761814139;1;2;1_2;0.5453070325265459;6;1_2;SR_1_SM_1;0.9014337974982298
139.8175053296352;1287.1438847873924;1;2;1_2;0.5460769155475508;6;1_2;SR_1_SM_1;0.9014337974982298
139.67925483543445;1280.4970077606458;1;2;1_2;0.5468467985685556;6;1_2;SR_1_SM_1;0.9014337974982298
139.5410043412337;1273.8501307338995;1;2;1_2;0.5476166815895605;6;1_2;SR_1_SM_1;0.9014337974982298
132.75587682028652;1267.341504201354;1;2;1_2;0.5487054605993064;6;1_2;SR_1_SM_1;0.9014337974982298
132.61762632608577;1260.6946271746074;1;2;1_2;0.5494753436203113;6;1_2;SR_1_SM_1;0.9014337974982298
125.83249880513858;1254.1860006420618;1;2;1_2;0.550564122630057;6;1_2;SR_1_SM_1;0.9014337974982298
125.69424831093784;1247.5391236153157;1;2;1_2;0.5513340056510618;6;1_2;SR_1_SM_1;0.9014337974982298
125.55599781673708;1240.892246588569;1;2;1_2;0.5521038886720668;6;1_2;SR_1_SM_1;0.9014337974982298
125.41774732253629;1234.2453695618226;1;2;1_2;0.5528737716930717;6;1_2;SR_1_SM_1;0.9014337974982298
125.27949682833554;1227.5984925350765;1;2;1_2;0.5536436547140765;6;1_2;SR_1_SM_1;0.9014337974982298
118.4943693073884;1221.0898660025305;1;2;1_2;0.5547324337238224;6;1_2;SR_1_SM_1;0.9014337974982298
118.35611881318766;1214.442988975784;1;2;1_2;0.5555023167448273;6;1_2;SR_1_SM_1;0.9014337974982298
118.21786831898692;1207.7961119490376;1;2;1_2;0.5562721997658322;6;1_2;SR_1_SM_1;0.9014337974982298
118.07961782478615;1201.1492349222913;1;2;1_2;0.557042082786837;6;1_2;SR_1_SM_1;0.9014337974982298
117.94136733058542;1194.5023578955447;1;2;1_2;0.5578119658078419;6;1_2;SR_1_SM_1;0.9014337974982298
111.15623980963824;1187.9937313629991;1;2;1_2;0.5589007448175879;6;1_2;SR_1_SM_1;0.9014337974982298
111.01798931543748;1181.3468543362528;1;2;1_2;0.5596706278385927;6;1_2;SR_1_SM_1;0.9014337974982298
110.87973882123674;1174.6999773095065;1;2;1_2;0.5604405108595976;6;1_2;SR_1_SM_1;0.9014337974982298
110.74148832703594;1168.0531002827595;1;2;1_2;0.5612103938806025;6;1_2;SR_1_SM_1;0.9014337974982298
110.6032378328352;1161.4062232560136;1;2;1_2;0.5619802769016072;6;1_2;SR_1_SM_1;0.9014337974982298
110.46498733863444;1154.759346229267;1;2;1_2;0.5627501599226121;6;1_2;SR_1_SM_1;0.9014337974982298
110.3267368444337;1148.1124692025203;1;2;1_2;0.563520042943617;6;1_2;SR_1_SM_1;0.9014337974982298
110.18848635023296;1141.4655921757742;1;2;1_2;0.5642899259646219;6;1_2;SR_1_SM_1;0.9014337974982298
110.0502358560322;1134.818715149028;1;2;1_2;0.5650598089856267;6;1_2;SR_1_SM_1;0.9014337974982298
109.91198536183146;1128.171838122281;1;2;1_2;0.5658296920066316;6;1_2;SR_1_SM_1;0.9014337974982298
103.12685784088433;1121.663211589736;1;2;1_2;0.5669184710163775;6;1_2;SR_1_SM_1;0.9014337974982298
102.98860734668358;1115.0163345629894;1;2;1_2;0.5676883540373824;6;1_2;SR_1_SM_1;0.9014337974982298
102.85035685248285;1108.3694575362429;1;2;1_2;0.5684582370583873;6;1_2;SR_1_SM_1;0.9014337974982298
102.71210635828204;1101.7225805094963;1;2;1_2;0.5692281200793922;6;1_2;SR_1_SM_1;0.9014337974982298
102.57385586408128;1095.0757034827502;1;2;1_2;0.5699980031003969;6;1_2;SR_1_SM_1;0.9014337974982298
102.43560536988052;1088.4288264560037;1;2;1_2;0.5707678861214018;6;1_2;SR_1_SM_1;0.9014337974982298
102.2973548756798;1081.781949429257;1;2;1_2;0.5715377691424067;6;1_2;SR_1_SM_1;0.9014337974982298
102.15910438147904;1075.135072402511;1;2;1_2;0.5723076521634116;6;1_2;SR_1_SM_1;0.9014337974982298
102.02085388727828;1068.4881953757645;1;2;1_2;0.5730775351844164;6;1_2;SR_1_SM_1;0.9014337974982298
101.88260339307756;1061.841318349018;1;2;1_2;0.5738474182054213;6;1_2;SR_1_SM_1;0.9014337974982298
101.7443528988768;1055.1944413222716;1;2;1_2;0.5746173012264262;6;1_2;SR_1_SM_1;0.9014337974982298
101.60610240467604;1048.5475642955253;1;2;1_2;0.575387184247431;6;1_2;SR_1_SM_1;0.9014337974982298
108.11472893722164;1041.762436774578;1;2;1_2;0.5764759632571769;6;1_2;SR_1_SM_1;0.9014337974982298
107.97647844302088;1035.1155597478314;1;2;1_2;0.5772458462781819;6;1_2;SR_1_SM_1;0.9014337974982298
107.83822794882012;1028.468682721085;1;2;1_2;0.5780157292991867;6;1_2;SR_1_SM_1;0.9014337974982298
107.6999774546194;1021.8218056943388;1;2;1_2;0.5787856123201915;6;1_2;SR_1_SM_1;0.9014337974982298
107.56172696041864;1015.1749286675922;1;2;1_2;0.5795554953411964;6;1_2;SR_1_SM_1;0.9014337974982298
107.42347646621788;1008.528051640846;1;2;1_2;0.5803253783622013;6;1_2;SR_1_SM_1;0.9014337974982298
107.28522597201714;1001.8811746140996;1;2;1_2;0.5810952613832061;6;1_2;SR_1_SM_1;0.9014337974982298
107.1469754778164;995.234297587353;1;2;1_2;0.581865144404211;6;1_2;SR_1_SM_1;0.9014337974982298
107.00872498361564;988.5874205606066;1;2;1_2;0.5826350274252159;6;1_2;SR_1_SM_1;0.9014337974982298
106.8704744894149;981.94054353386;1;2;1_2;0.5834049104462207;6;1_2;SR_1_SM_1;0.9014337974982298
106.7322239952141;975.2936665071136;1;2;1_2;0.5841747934672256;6;1_2;SR_1_SM_1;0.9014337974982298
106.59397350101337;968.6467894803674;1;2;1_2;0.5849446764882305;6;1_2;SR_1_SM_1;0.9014337974982298
106.4557230068126;961.9999124536208;1;2;1_2;0.5857145595092353;6;1_2;SR_1_SM_1;0.9014337974982298
112.9643495393583;955.2147849326738;1;2;1_2;0.5868033385189813;6;1_2;SR_1_SM_1;0.9014337974982298
112.82609904515756;948.5679079059272;1;2;1_2;0.5875732215399861;6;1_2;SR_1_SM_1;0.9014337974982298
112.6878485509568;941.9210308791808;1;2;1_2;0.588343104560991;6;1_2;SR_1_SM_1;0.9014337974982298
112.54959805675604;935.2741538524344;1;2;1_2;0.5891129875819958;6;1_2;SR_1_SM_1;0.9014337974982298
112.4113475625553;928.627276825688;1;2;1_2;0.5898828706030007;6;1_2;SR_1_SM_1;0.9014337974982298
118.91997409510094;921.8421493047408;1;2;1_2;0.5909716496127466;6;1_2;SR_1_SM_1;0.9014337974982298
118.78172360090014;915.1952722779944;1;2;1_2;0.5917415326337514;6;1_2;SR_1_SM_1;0.9014337974982298
118.6434731066994;908.548395251248;1;2;1_2;0.5925114156547563;6;1_2;SR_1_SM_1;0.9014337974982298
118.50522261249864;901.9015182245016;1;2;1_2;0.5932812986757613;6;1_2;SR_1_SM_1;0.9014337974982298
125.01384914504432;895.1163907035545;1;2;1_2;0.594370077685507;6;1_2;SR_1_SM_1;0.9014337974982298
124.8755986508436;888.4695136768082;1;2;1_2;0.5951399607065119;6;1_2;SR_1_SM_1;0.9014337974982298
124.73734815664284;881.8226366500617;1;2;1_2;0.5959098437275169;6;1_2;SR_1_SM_1;0.9014337974982298
124.59909766244208;875.1757596233153;1;2;1_2;0.5966797267485217;6;1_2;SR_1_SM_1;0.9014337974982298
124.46084716824134;868.528882596569;1;2;1_2;0.5974496097695265;6;1_2;SR_1_SM_1;0.9014337974982298
130.96947370078703;861.7437550756217;1;2;1_2;0.5985383887792725;6;1_2;SR_1_SM_1;0.9014337974982298
130.8312232065863;855.0968780488754;1;2;1_2;0.5993082718002772;6;1_2;SR_1_SM_1;0.9014337974982298
137.33984973913186;848.3117505279281;1;2;1_2;0.6003970508100231;7;1_2;SR_1_SM_1;0.5686962164166423
137.20159924493112;841.6648735011818;1;2;1_2;0.601166933831028;7;1_2;SR_1_SM_1;0.5686962164166423
143.7102257774768;834.8797459802347;1;2;1_2;0.6022557128407738;7;1_2;SR_1_SM_1;0.5686962164166423
150.2188523100225;828.0946184592874;1;2;1_2;0.6033444918505197;7;1_2;SR_1_SM_1;0.5686962164166423
150.08060181582175;821.4477414325411;1;2;1_2;0.6041143748715245;7;1_2;SR_1_SM_1;0.5686962164166423
149.942351321621;814.8008644057945;1;2;1_2;0.6048842578925294;7;1_2;SR_1_SM_1;0.5686962164166423
149.80410082742026;808.1539873790482;1;2;1_2;0.6056541409135343;7;1_2;SR_1_SM_1;0.5686962164166423
149.6658503332195;801.5071103523017;1;2;1_2;0.6064240239345393;7;1_2;SR_1_SM_1;0.5686962164166423
149.52759983901876;794.8602333255553;1;2;1_2;0.6071939069555441;7;1_2;SR_1_SM_1;0.5686962164166423
156.0362263715644;788.0751058046083;1;2;1_2;0.6082826859652899;7;1_2;SR_1_SM_1;0.5686962164166423
162.54485290411003;781.289978283661;1;2;1_2;0.6093714649750357;7;1_2;SR_1_SM_1;0.5686962164166423
169.05347943665572;774.5048507627137;1;2;1_2;0.6104602439847816;7;1_2;SR_1_SM_1;0.5686962164166423
168.91522894245497;767.8579737359671;1;2;1_2;0.6112301270057866;7;1_2;SR_1_SM_1;0.5686962164166423
175.4238554750006;761.07284621502;1;2;1_2;0.6123189060155324;7;1_2;SR_1_SM_1;0.5686962164166423
175.28560498079986;754.4259691882737;1;2;1_2;0.6130887890365373;7;1_2;SR_1_SM_1;0.5686962164166423
181.79423151334555;747.6408416673264;1;2;1_2;0.6141775680462831;7;1_2;SR_1_SM_1;0.5686962164166423
181.6559810191448;740.9939646405801;1;2;1_2;0.614947451067288;7;1_2;SR_1_SM_1;0.5686962164166423
188.1646075516905;734.2088371196328;1;2;1_2;0.6160362300770339;7;1_2;SR_1_SM_1;0.5686962164166423
194.67323408423613;727.4237095986857;1;2;1_2;0.6171250090867797;7;1_2;SR_1_SM_1;0.5686962164166423
201.18186061678185;720.6385820777384;1;2;1_2;0.6182137880965256;7;1_2;SR_1_SM_1;0.5686962164166423
201.043610122581;713.9917050509921;1;2;1_2;0.6189836711175305;7;1_2;SR_1_SM_1;0.5686962164166423
207.5522366551267;707.206577530045;1;2;1_2;0.6200724501272763;7;1_2;SR_1_SM_1;0.5686962164166423
214.06086318767237;700.4214500090977;1;2;1_2;0.6211612291370222;7;1_2;SR_1_SM_1;0.5686962164166423
220.56948972021803;693.6363224881507;1;2;1_2;0.622250008146768;7;1_2;SR_1_SM_1;0.5686962164166423
220.43123922601728;686.9894454614041;1;2;1_2;0.6230198911677729;7;1_2;SR_1_SM_1;0.5686962164166423
226.93986575856297;680.204317940457;1;2;1_2;0.6241086701775187;7;1_2;SR_1_SM_1;0.5686962164166423
233.4484922911086;673.41919041951;1;2;1_2;0.6251974491872646;7;1_2;SR_1_SM_1;0.5686962164166423
233.31024179690783;666.7723133927634;1;2;1_2;0.6259673322082696;7;1_2;SR_1_SM_1;0.5686962164166423
239.81886832945355;659.9871858718163;1;2;1_2;0.6270561112180153;7;1_2;SR_1_SM_1;0.5686962164166423
246.3274948619992;653.202058350869;1;2;1_2;0.6281448902277613;7;1_2;SR_1_SM_1;0.5686962164166423
252.8361213945448;646.416930829922;1;2;1_2;0.629233669237507;7;1_2;SR_1_SM_1;0.5686962164166423
259.3447479270905;639.6318033089747;1;2;1_2;0.630322448247253;7;1_2;SR_1_SM_1;0.5686962164166423
265.8533744596362;632.8466757880276;1;2;1_2;0.6314112272569987;7;1_2;SR_1_SM_1;0.5686962164166423
272.36200099218183;626.0615482670805;1;2;1_2;0.6325000062667446;7;1_2;SR_1_SM_1;0.5686962164166423
278.8706275247275;619.2764207461332;1;2;1_2;0.6335887852764905;7;1_2;SR_1_SM_1;0.5686962164166423
285.3792540572732;612.4912932251862;1;2;1_2;0.6346775642862363;7;1_2;SR_1_SM_1;0.5686962164166423
291.8878805898189;605.7061657042389;1;2;1_2;0.6357663432959823;7;1_2;SR_1_SM_1;0.5686962164166423
298.3965071223645;598.9210381832918;1;2;1_2;0.636855122305728;7;1_2;SR_1_SM_1;0.5686962164166423
305.0433841491109;598.782787689091;1;2;1_2;0.637625005326733;7;1_2;SR_1_SM_1;0.5686962164166423
311.5520106816566;591.997660168144;1;2;1_2;0.6387137843364787;7;1_2;SR_1_SM_1;0.5686962164166423
318.0606372142023;585.2125326471967;1;2;1_2;0.6398025633462248;7;1_2;SR_1_SM_1;0.5686962164166423
324.569263746748;578.4274051262496;1;2;1_2;0.6408913423559706;7;1_2;SR_1_SM_1;0.5686962164166423
331.0778902792937;571.6422776053023;1;2;1_2;0.6419801213657165;7;1_2;SR_1_SM_1;0.5686962164166423
337.58651681183926;564.8571500843552;1;2;1_2;0.6430689003754623;7;1_2;SR_1_SM_1;0.5686962164166423
344.2333938385857;564.7188995901545;1;2;1_2;0.643838783396467;7;1_2;SR_1_SM_1;0.5686962164166423
350.7420203711314;557.9337720692074;1;2;1_2;0.6449275624062131;7;1_2;SR_1_SM_1;0.5686962164166423
357.25064690367697;551.1486445482601;1;2;1_2;0.6460163414159588;7;1_2;SR_1_SM_1;0.5686962164166423
363.8975239304235;551.0103940540594;1;2;1_2;0.6467862244369637;7;1_2;SR_1_SM_1;0.5686962164166423
370.4061504629691;544.2252665331123;1;2;1_2;0.6478750034467097;7;1_2;SR_1_SM_1;0.5686962164166423
377.0530274897154;544.0870160389115;1;2;1_2;0.6486448864677145;7;1_2;SR_1_SM_1;0.5686962164166423
383.5616540222611;537.3018885179642;1;2;1_2;0.6497336654774603;7;1_2;SR_1_SM_1;0.5686962164166423
390.0702805548068;530.5167609970172;1;2;1_2;0.6508224444872062;7;1_2;SR_1_SM_1;0.5686962164166423
396.5789070873525;523.7316334760699;1;2;1_2;0.6519112234969521;7;1_2;SR_1_SM_1;0.5686962164166423
403.2257841140989;523.5933829818691;1;2;1_2;0.652681106517957;7;1_2;SR_1_SM_1;0.5686962164166423
409.7344106466446;516.808255460922;1;2;1_2;0.6537698855277028;7;1_2;SR_1_SM_1;0.5686962164166423
416.3812876733909;516.6700049667213;1;2;1_2;0.6545397685487077;7;1_2;SR_1_SM_1;0.5686962164166423
422.88991420593663;509.884877445774;1;2;1_2;0.6556285475584536;7;1_2;SR_1_SM_1;0.5686962164166423
429.5367912326831;509.74662695157326;1;2;1_2;0.6563984305794583;7;1_2;SR_1_SM_1;0.5686962164166423
436.0454177652288;502.961499430626;1;2;1_2;0.6574872095892043;7;1_2;SR_1_SM_1;0.5686962164166423
442.6922947919752;502.8232489364252;1;2;1_2;0.6582570926102091;7;1_2;SR_1_SM_1;0.5686962164166423
449.2009213245208;496.0381214154781;1;2;1_2;0.659345871619955;7;1_2;SR_1_SM_1;0.5686962164166423
455.8477983512672;495.8998709212774;1;2;1_2;0.6601157546409598;7;1_2;SR_1_SM_1;0.5686962164166423
462.3564248838129;489.1147434003301;1;2;1_2;0.6612045336507056;7;1_2;SR_1_SM_1;0.5686962164166423
468.8650514163586;482.329615879383;1;2;1_2;0.6622933126604515;7;1_2;SR_1_SM_1;0.5686962164166423
475.511928443105;482.1913653851823;1;2;1_2;0.6630631956814566;7;1_2;SR_1_SM_1;0.5686962164166423
482.0205549756507;475.4062378642352;1;2;1_2;0.6641519746912022;7;1_2;SR_1_SM_1;0.5686962164166423
488.66743200239705;475.26798737003446;1;2;1_2;0.6649218577122071;7;1_2;SR_1_SM_1;0.5686962164166423
495.3143090291435;475.1297368758337;1;2;1_2;0.665691740733212;7;1_2;SR_1_SM_1;0.5686962164166423
501.8229355616892;468.3446093548864;1;2;1_2;0.6667805197429578;7;1_2;SR_1_SM_1;0.5686962164166423
508.4698125884356;468.20635886068567;1;2;1_2;0.6675504027639628;7;1_2;SR_1_SM_1;0.5686962164166423
515.116689615182;468.0681083664849;1;2;1_2;0.6683202857849677;7;1_2;SR_1_SM_1;0.5686962164166423
521.7635666419285;467.9298578722842;1;2;1_2;0.6690901688059725;7;1_2;SR_1_SM_1;0.5686962164166423
528.2721931744741;461.1447303513371;1;2;1_2;0.6701789478157183;7;1_2;SR_1_SM_1;0.5686962164166423
534.9190702012205;461.0064798571364;1;2;1_2;0.6709488308367232;7;1_2;SR_1_SM_1;0.5686962164166423
541.565947227967;460.8682293629356;1;2;1_2;0.6717187138577281;7;1_2;SR_1_SM_1;0.5686962164166423
548.0745737605126;454.0831018419883;1;2;1_2;0.672807492867474;7;1_2;SR_1_SM_1;0.5686962164166423
554.7214507872591;453.9448513477876;1;2;1_2;0.6735773758884789;7;1_2;SR_1_SM_1;0.5686962164166423
561.3683278140055;453.8066008535868;1;2;1_2;0.6743472589094837;7;1_2;SR_1_SM_1;0.5686962164166423
567.8769543465511;447.0214733326397;1;2;1_2;0.6754360379192296;7;1_2;SR_1_SM_1;0.5686962164166423
574.5238313732975;446.883222838439;1;2;1_2;0.6762059209402345;7;1_2;SR_1_SM_1;0.5686962164166423
581.170708400044;446.7449723442383;1;2;1_2;0.6769758039612392;7;1_2;SR_1_SM_1;0.5686962164166423
587.8175854267904;446.6067218500375;1;2;1_2;0.6777456869822441;7;1_2;SR_1_SM_1;0.5686962164166423
594.4644624535368;446.4684713558368;1;2;1_2;0.6785155700032491;7;1_2;SR_1_SM_1;0.5686962164166423
600.9730889860825;439.6833438348895;1;2;1_2;0.6796043490129948;7;1_2;SR_1_SM_1;0.5686962164166423
607.6199660128289;439.5450933406887;1;2;1_2;0.6803742320339997;7;1_2;SR_1_SM_1;0.5686962164166423
614.2668430395753;439.406842846488;1;2;1_2;0.6811441150550047;7;1_2;SR_1_SM_1;0.5686962164166423
620.9137200663217;439.2685923522872;1;2;1_2;0.6819139980760095;7;1_2;SR_1_SM_1;0.5686962164166423
627.5605970930682;439.13034185808647;1;2;1_2;0.6826838810970144;7;1_2;SR_1_SM_1;0.5686962164166423
634.2074741198146;438.9920913638857;1;2;1_2;0.6834537641180193;7;1_2;SR_1_SM_1;0.5686962164166423
640.8543511465609;438.853840869685;1;2;1_2;0.6842236471390242;7;1_2;SR_1_SM_1;0.5686962164166423
647.3629776791066;432.0687133487379;1;2;1_2;0.68531242614877;7;1_2;SR_1_SM_1;0.5686962164166423
654.0098547058531;431.9304628545372;1;2;1_2;0.6860823091697749;7;1_2;SR_1_SM_1;0.5686962164166423
660.6567317325995;431.7922123603364;1;2;1_2;0.6868521921907798;7;1_2;SR_1_SM_1;0.5686962164166423
667.3036087593459;431.65396186613566;1;2;1_2;0.6876220752117845;7;1_2;SR_1_SM_1;0.5686962164166423
673.9504857860924;431.5157113719349;1;2;1_2;0.6883919582327894;7;1_2;SR_1_SM_1;0.5686962164166423
680.5973628128387;431.37746087773394;1;2;1_2;0.6891618412537943;7;1_2;SR_1_SM_1;0.5686962164166423
687.2442398395851;431.2392103835332;1;2;1_2;0.6899317242747991;7;1_2;SR_1_SM_1;0.5686962164166423
693.8911168663316;431.1009598893325;1;2;1_2;0.6907016072958041;7;1_2;SR_1_SM_1;0.5686962164166423
700.537993893078;430.9627093951317;1;2;1_2;0.691471490316809;7;1_2;SR_1_SM_1;0.5686962164166423
707.0466204256237;424.1775818741846;1;2;1_2;0.6925602693265548;7;1_2;SR_1_SM_1;0.5686962164166423
713.6934974523701;424.0393313799839;1;2;1_2;0.6933301523475597;7;1_2;SR_1_SM_1;0.5686962164166423
720.3403744791165;423.90108088578313;1;2;1_2;0.6941000353685646;7;1_2;SR_1_SM_1;0.5686962164166423
726.9872515058629;423.7628303915824;1;2;1_2;0.6948699183895695;7;1_2;SR_1_SM_1;0.5686962164166423
733.6341285326093;423.6245798973816;1;2;1_2;0.6956398014105742;7;1_2;SR_1_SM_1;0.5686962164166423
740.2810055593558;423.4863294031809;1;2;1_2;0.6964096844315791;7;1_2;SR_1_SM_1;0.5686962164166423
746.9278825861022;423.34807890898014;1;2;1_2;0.6971795674525841;7;1_2;SR_1_SM_1;0.5686962164166423
753.5747596128487;423.2098284147794;1;2;1_2;0.6979494504735889;7;1_2;SR_1_SM_1;0.5686962164166423
760.221636639595;423.07157792057865;1;2;1_2;0.6987193334945938;7;1_2;SR_1_SM_1;0.5686962164166423
766.8685136663414;422.9333274263779;1;2;1_2;0.6994892165155987;7;1_2;SR_1_SM_1;0.5686962164166423
773.6536411872886;429.4419539589235;1;2;1_2;0.7005779955253445;8;1_2;SR_1_SM_0;0.21141837644959854
780.300518214035;429.30370346472273;1;2;1_2;0.7013478785463494;8;1_2;SR_1_SM_0;0.21141837644959854
786.9473952407815;429.165452970522;1;2;1_2;0.7021177615673543;8;1_2;SR_1_SM_0;0.21141837644959854
793.5942722675279;429.0272024763213;1;2;1_2;0.7028876445883591;8;1_2;SR_1_SM_0;0.21141837644959854
800.2411492942742;428.8889519821205;1;2;1_2;0.703657527609364;8;1_2;SR_1_SM_0;0.21141837644959854
806.8880263210208;428.7507014879197;1;2;1_2;0.7044274106303688;8;1_2;SR_1_SM_0;0.21141837644959854
813.5349033477671;428.612450993719;1;2;1_2;0.7051972936513737;8;1_2;SR_1_SM_0;0.21141837644959854
820.1817803745134;428.4742004995183;1;2;1_2;0.7059671766723785;8;1_2;SR_1_SM_0;0.21141837644959854
826.8286574012599;428.3359500053175;1;2;1_2;0.7067370596933834;8;1_2;SR_1_SM_0;0.21141837644959854
833.4755344280062;428.1976995111168;1;2;1_2;0.7075069427143883;8;1_2;SR_1_SM_0;0.21141837644959854
840.1224114547528;428.059449016916;1;2;1_2;0.7082768257353932;8;1_2;SR_1_SM_0;0.21141837644959854
846.7692884814991;427.92119852271526;1;2;1_2;0.709046708756398;8;1_2;SR_1_SM_0;0.21141837644959854
853.4161655082454;427.7829480285145;1;2;1_2;0.7098165917774029;8;1_2;SR_1_SM_0;0.21141837644959854
860.2012930291927;434.2915745610601;1;2;1_2;0.7109053707871488;8;1_2;SR_1_SM_0;0.21141837644959854
866.848170055939;434.15332406685934;1;2;1_2;0.7116752538081537;8;1_2;SR_1_SM_0;0.21141837644959854
873.4950470826856;434.0150735726586;1;2;1_2;0.7124451368291586;8;1_2;SR_1_SM_0;0.21141837644959854
880.1419241094319;433.87682307845785;1;2;1_2;0.7132150198501634;8;1_2;SR_1_SM_0;0.21141837644959854
886.7888011361784;433.7385725842571;1;2;1_2;0.7139849028711682;8;1_2;SR_1_SM_0;0.21141837644959854
893.5739286571255;440.2471991168029;1;2;1_2;0.7150736818809141;8;1_2;SR_1_SM_0;0.21141837644959854
900.2208056838718;440.10894862260216;1;2;1_2;0.715843564901919;8;1_2;SR_1_SM_0;0.21141837644959854
906.8676827106184;439.9706981284014;1;2;1_2;0.7166134479229239;8;1_2;SR_1_SM_0;0.21141837644959854
913.5145597373648;439.8324476342007;1;2;1_2;0.7173833309439288;8;1_2;SR_1_SM_0;0.21141837644959854
920.1614367641112;439.6941971399999;1;2;1_2;0.7181532139649337;8;1_2;SR_1_SM_0;0.21141837644959854
926.8083137908576;439.5559466457992;1;2;1_2;0.7189230969859385;8;1_2;SR_1_SM_0;0.21141837644959854
933.455190817604;439.4176961515984;1;2;1_2;0.7196929800069434;8;1_2;SR_1_SM_0;0.21141837644959854
940.2403183385512;445.92632268414377;1;2;1_2;0.7207817590166892;8;1_2;SR_1_SM_0;0.21141837644959854
946.8871953652975;445.788072189943;1;2;1_2;0.7215516420376941;8;1_2;SR_1_SM_0;0.21141837644959854
953.534072392044;445.6498216957423;1;2;1_2;0.7223215250586988;8;1_2;SR_1_SM_0;0.21141837644959854
960.1809494187904;445.5115712015415;1;2;1_2;0.7230914080797037;8;1_2;SR_1_SM_0;0.21141837644959854
966.9660769397376;452.0201977340873;1;2;1_2;0.7241801870894496;8;1_2;SR_1_SM_0;0.21141837644959854
973.612953966484;451.8819472398866;1;2;1_2;0.7249500701104545;8;1_2;SR_1_SM_0;0.21141837644959854
980.3980814874312;458.39057377243216;1;2;1_2;0.7260388491202003;8;1_2;SR_1_SM_0;0.21141837644959854
987.0449585141776;458.2523232782314;1;2;1_2;0.7268087321412052;8;1_2;SR_1_SM_0;0.21141837644959854
993.8300860351249;464.7609498107772;1;2;1_2;0.7278975111509511;8;1_2;SR_1_SM_0;0.21141837644959854
1000.4769630618712;464.6226993165765;1;2;1_2;0.728667394171956;8;1_2;SR_1_SM_0;0.21141837644959854
1007.2620905828184;471.1313258491221;1;2;1_2;0.7297561731817018;8;1_2;SR_1_SM_0;0.21141837644959854
1013.9089676095648;470.9930753549213;1;2;1_2;0.7305260562027067;8;1_2;SR_1_SM_0;0.21141837644959854
1020.5558446363112;470.85482486072056;1;2;1_2;0.7312959392237117;8;1_2;SR_1_SM_0;0.21141837644959854
1027.3409721572584;477.3634513932661;1;2;1_2;0.7323847182334574;8;1_2;SR_1_SM_0;0.21141837644959854
1033.987849184005;477.2252008990654;1;2;1_2;0.7331546012544624;8;1_2;SR_1_SM_0;0.21141837644959854
1040.7729767049525;483.7338274316112;1;2;1_2;0.7342433802642082;8;1_2;SR_1_SM_0;0.21141837644959854
1047.4198537316988;483.5955769374104;1;2;1_2;0.7350132632852131;8;1_2;SR_1_SM_0;0.21141837644959854
1054.2049812526457;490.104203469956;1;2;1_2;0.736102042294959;8;1_2;SR_1_SM_0;0.21141837644959854
1060.8518582793922;489.9659529757553;1;2;1_2;0.7368719253159638;8;1_2;SR_1_SM_0;0.21141837644959854
1067.6369858003395;496.4745795083011;1;2;1_2;0.7379607043257097;8;1_2;SR_1_SM_0;0.21141837644959854
1074.2838628270856;496.33632901410033;1;2;1_2;0.7387305873467146;8;1_2;SR_1_SM_0;0.21141837644959854
1081.068990348033;502.8449555466459;1;2;1_2;0.7398193663564604;8;1_2;SR_1_SM_0;0.21141837644959854
1087.8541178689802;509.3535820791915;1;2;1_2;0.7409081453662063;8;1_2;SR_1_SM_0;0.21141837644959854
1094.5009948957263;509.21533158499074;1;2;1_2;0.7416780283872112;8;1_2;SR_1_SM_0;0.21141837644959854
1101.2861224166736;515.7239581175365;1;2;1_2;0.742766807396957;8;1_2;SR_1_SM_0;0.21141837644959854
1108.071249937621;522.2325846500821;1;2;1_2;0.7438555864067029;8;1_2;SR_1_SM_0;0.21141837644959854
1114.7181269643677;522.0943341558814;1;2;1_2;0.7446254694277077;8;1_2;SR_1_SM_0;0.21141837644959854
1121.5032544853143;528.6029606884272;1;2;1_2;0.7457142484374536;8;1_2;SR_1_SM_0;0.21141837644959854
1128.2883820062616;535.1115872209728;1;2;1_2;0.7468030274471994;8;1_2;SR_1_SM_0;0.21141837644959854
1135.073509527209;541.6202137535186;1;2;1_2;0.7478918064569453;8;1_2;SR_1_SM_0;0.21141837644959854
1141.8586370481555;548.1288402860641;1;2;1_2;0.7489805854666912;8;1_2;SR_1_SM_0;0.21141837644959854
1148.5055140749023;547.9905897918634;1;2;1_2;0.749750468487696;8;1_2;SR_1_SM_0;0.21141837644959854
1155.2906415958496;554.499216324409;1;2;1_2;0.7508392474974419;8;1_2;SR_1_SM_0;0.21141837644959854
1161.937518622596;554.3609658302082;1;2;1_2;0.7516091305184468;8;1_2;SR_1_SM_0;0.21141837644959854
1168.722646143543;560.869592362754;1;2;1_2;0.7526979095281926;8;1_2;SR_1_SM_0;0.21141837644959854
1175.5077736644903;567.3782188952996;1;2;1_2;0.7537866885379385;8;1_2;SR_1_SM_0;0.21141837644959854
1182.2929011854376;573.8868454278454;1;2;1_2;0.7548754675476843;8;1_2;SR_1_SM_0;0.21141837644959854
1182.4311516796383;580.5337224545917;1;2;1_2;0.7556453505686892;8;1_2;SR_1_SM_0;0.21141837644959854
1189.2162792005852;587.0423489871373;1;2;1_2;0.756734129578435;8;1_2;SR_1_SM_0;0.21141837644959854
1196.0014067215325;593.5509755196831;1;2;1_2;0.7578229085881809;8;1_2;SR_1_SM_0;0.21141837644959854
1202.7865342424798;600.0596020522285;1;2;1_2;0.7589116875979268;8;1_2;SR_1_SM_0;0.21141837644959854
1209.5716617634266;606.5682285847743;1;2;1_2;0.7600004666076726;8;1_2;SR_1_SM_0;0.21141837644959854
1216.356789284374;613.0768551173198;1;2;1_2;0.7610892456174185;8;1_2;SR_1_SM_0;0.21141837644959854
1223.1419168053212;619.5854816498654;1;2;1_2;0.7621780246271643;8;1_2;SR_1_SM_0;0.21141837644959854
1223.280167299522;626.232358676612;1;2;1_2;0.7629479076481692;8;1_2;SR_1_SM_0;0.21141837644959854
1223.4184177937227;632.8792357033583;1;2;1_2;0.7637177906691741;8;1_2;SR_1_SM_0;0.21141837644959854
1230.20354531467;639.3878622359041;1;2;1_2;0.76480656967892;8;1_2;SR_1_SM_0;0.21141837644959854
1236.9886728356169;645.8964887684497;1;2;1_2;0.7658953486886658;8;1_2;SR_1_SM_0;0.21141837644959854
1237.1269233298176;652.5433657951962;1;2;1_2;0.7666652317096706;8;1_2;SR_1_SM_0;0.21141837644959854
1237.2651738240183;659.1902428219425;1;2;1_2;0.7674351147306755;8;1_2;SR_1_SM_0;0.21141837644959854
1244.0503013449656;665.6988693544881;1;2;1_2;0.7685238937404215;8;1_2;SR_1_SM_0;0.21141837644959854
1250.835428865913;672.2074958870339;1;2;1_2;0.7696126727501672;8;1_2;SR_1_SM_0;0.21141837644959854
1250.9736793601137;678.8543729137803;1;2;1_2;0.7703825557711721;8;1_2;SR_1_SM_0;0.21141837644959854
1257.7588068810603;685.3629994463261;1;2;1_2;0.771471334780918;8;1_2;SR_1_SM_0;0.21141837644959854
1264.5439344020078;691.8716259788716;1;2;1_2;0.7725601137906638;8;1_2;SR_1_SM_0;0.21141837644959854
1264.6821848962086;698.518503005618;1;2;1_2;0.7733299968116687;8;1_2;SR_1_SM_0;0.21141837644959854
1271.467312417156;705.0271295381638;1;2;1_2;0.7744187758214146;8;1_2;SR_1_SM_0;0.21141837644959854
1271.6055629113566;711.6740065649101;1;2;1_2;0.7751886588424195;8;1_2;SR_1_SM_0;0.21141837644959854
1278.390690432304;718.1826330974559;1;2;1_2;0.7762774378521654;8;1_2;SR_1_SM_0;0.21141837644959854
1278.528940926505;724.8295101242022;1;2;1_2;0.7770473208731703;8;1_2;SR_1_SM_0;0.21141837644959854
1285.314068447452;731.338136656748;1;2;1_2;0.7781360998829161;8;1_2;SR_1_SM_0;0.21141837644959854
1285.4523189416527;737.9850136834943;1;2;1_2;0.778905982903921;8;1_2;SR_1_SM_0;0.21141837644959854
1285.5905694358537;744.6318907102407;1;2;1_2;0.7796758659249258;8;1_2;SR_1_SM_0;0.21141837644959854
1285.7288199300542;751.2787677369872;1;2;1_2;0.7804457489459307;8;1_2;SR_1_SM_0;0.21141837644959854
1292.513947451001;757.7873942695328;1;2;1_2;0.7815345279556766;8;1_2;SR_1_SM_0;0.21141837644959854
1292.6521979452018;764.4342712962793;1;2;1_2;0.7823044109766815;8;1_2;SR_1_SM_0;0.21141837644959854
1299.437325466149;770.9428978288249;1;2;1_2;0.7833931899864273;8;1_2;SR_1_SM_0;0.21141837644959854
1299.57557596035;777.5897748555712;1;2;1_2;0.784163073007432;8;1_2;SR_1_SM_0;0.21141837644959854
1306.3607034812972;784.098401388117;1;2;1_2;0.7852518520171781;8;1_2;SR_1_SM_0;0.21141837644959854
1306.498953975498;790.7452784148634;1;2;1_2;0.786021735038183;8;1_2;SR_1_SM_0;0.21141837644959854
1306.6372044696986;797.3921554416099;1;2;1_2;0.7867916180591877;8;1_2;SR_1_SM_0;0.21141837644959854
1306.7754549638994;804.0390324683563;1;2;1_2;0.7875615010801926;8;1_2;SR_1_SM_0;0.21141837644959854
1306.9137054581;810.6859094951028;1;2;1_2;0.7883313841011975;8;1_2;SR_1_SM_0;0.21141837644959854
1307.051955952301;817.3327865218491;1;2;1_2;0.7891012671222024;8;1_2;SR_1_SM_0;0.21141837644959854
1307.1902064465016;823.9796635485955;1;2;1_2;0.7898711501432072;8;1_2;SR_1_SM_0;0.21141837644959854
1313.975333967449;830.4882900811413;1;2;1_2;0.7909599291529532;8;1_2;SR_1_SM_0;0.21141837644959854
1314.1135844616497;837.1351671078876;1;2;1_2;0.791729812173958;8;1_2;SR_1_SM_0;0.21141837644959854
1320.8987119825963;843.6437936404334;1;2;1_2;0.7928185911837038;8;1_2;SR_1_SM_0;0.21141837644959854
1321.0369624767973;850.2906706671797;1;2;1_2;0.7935884742047087;8;1_2;SR_1_SM_0;0.21141837644959854
1321.175212970998;856.937547693926;1;2;1_2;0.7943583572257136;8;1_2;SR_1_SM_0;0.21141837644959854
1321.3134634651988;863.5844247206726;1;2;1_2;0.7951282402467184;8;1_2;SR_1_SM_0;0.21141837644959854
1321.4517139593995;870.2313017474189;1;2;1_2;0.7958981232677232;8;1_2;SR_1_SM_0;0.21141837644959854
1321.5899644536005;876.8781787741655;1;2;1_2;0.7966680062887281;8;1_2;SR_1_SM_0;0.21141837644959854
1321.728214947801;883.5250558009118;1;2;1_2;0.7974378893097329;8;1_2;SR_1_SM_0;0.21141837644959854
1321.8664654420018;890.1719328276583;1;2;1_2;0.7982077723307378;8;1_2;SR_1_SM_0;0.21141837644959854
1322.0047159362025;896.8188098544047;1;2;1_2;0.7989776553517427;8;1_2;SR_1_SM_0;0.21141837644959854
1328.7898434571498;903.3274363869504;1;2;1_2;0.8000664343614886;9;1_2;SR_1_SM_1;0.670673076923077
1328.9280939513503;909.9743134136968;1;2;1_2;0.8008363173824935;9;1_2;SR_1_SM_1;0.670673076923077
1329.0663444455513;916.6211904404432;1;2;1_2;0.8016062004034984;9;1_2;SR_1_SM_1;0.670673076923077
1329.204594939752;923.2680674671896;1;2;1_2;0.8023760834245033;9;1_2;SR_1_SM_1;0.670673076923077
1329.3428454339528;929.914944493936;1;2;1_2;0.8031459664455081;9;1_2;SR_1_SM_1;0.670673076923077
1329.4810959281535;936.5618215206824;1;2;1_2;0.803915849466513;9;1_2;SR_1_SM_1;0.670673076923077
1329.6193464223545;943.2086985474288;1;2;1_2;0.8046857324875178;9;1_2;SR_1_SM_1;0.670673076923077
1329.757596916555;949.8555755741752;1;2;1_2;0.8054556155085226;9;1_2;SR_1_SM_1;0.670673076923077
1323.2489703840092;956.6407030951224;1;2;1_2;0.8065443945182685;9;1_2;SR_1_SM_1;0.670673076923077
1323.38722087821;963.2875801218688;1;2;1_2;0.8073142775392735;9;1_2;SR_1_SM_1;0.670673076923077
1323.5254713724107;969.9344571486153;1;2;1_2;0.8080841605602783;9;1_2;SR_1_SM_1;0.670673076923077
1323.6637218666117;976.5813341753616;1;2;1_2;0.8088540435812832;9;1_2;SR_1_SM_1;0.670673076923077
1323.8019723608122;983.228211202108;1;2;1_2;0.8096239266022881;9;1_2;SR_1_SM_1;0.670673076923077
1323.9402228550134;989.8750882288545;1;2;1_2;0.810393809623293;9;1_2;SR_1_SM_1;0.670673076923077
1324.0784733492142;996.5219652556008;1;2;1_2;0.8111636926442978;9;1_2;SR_1_SM_1;0.670673076923077
1324.216723843415;1003.1688422823472;1;2;1_2;0.8119335756653027;9;1_2;SR_1_SM_1;0.670673076923077
1324.3549743376157;1009.8157193090938;1;2;1_2;0.8127034586863076;9;1_2;SR_1_SM_1;0.670673076923077
1317.84634780507;1016.600846830041;1;2;1_2;0.8137922376960534;9;1_2;SR_1_SM_1;0.670673076923077
1317.9845982992706;1023.2477238567874;1;2;1_2;0.8145621207170584;9;1_2;SR_1_SM_1;0.670673076923077
1318.1228487934711;1029.8946008835337;1;2;1_2;0.8153320037380632;9;1_2;SR_1_SM_1;0.670673076923077
1318.261099287672;1036.5414779102805;1;2;1_2;0.816101886759068;9;1_2;SR_1_SM_1;0.670673076923077
1311.7524727551263;1043.326605431227;1;2;1_2;0.8171906657688138;9;1_2;SR_1_SM_1;0.670673076923077
1311.890723249327;1049.9734824579737;1;2;1_2;0.8179605487898188;9;1_2;SR_1_SM_1;0.670673076923077
1312.0289737435278;1056.6203594847202;1;2;1_2;0.8187304318108237;9;1_2;SR_1_SM_1;0.670673076923077
1312.1672242377283;1063.2672365114663;1;2;1_2;0.8195003148318285;9;1_2;SR_1_SM_1;0.670673076923077
1312.3054747319293;1069.9141135382129;1;2;1_2;0.8202701978528335;9;1_2;SR_1_SM_1;0.670673076923077
1305.796848199384;1076.6992410591602;1;2;1_2;0.8213589768625792;9;1_2;SR_1_SM_1;0.670673076923077
1305.935098693585;1083.3461180859067;1;2;1_2;0.8221288598835841;9;1_2;SR_1_SM_1;0.670673076923077
1306.0733491877854;1089.992995112653;1;2;1_2;0.822898742904589;9;1_2;SR_1_SM_1;0.670673076923077
1306.2115996819862;1096.6398721393994;1;2;1_2;0.8236686259255939;9;1_2;SR_1_SM_1;0.670673076923077
1306.349850176187;1103.286749166146;1;2;1_2;0.8244385089465986;9;1_2;SR_1_SM_1;0.670673076923077
1299.8412236436411;1110.071876687093;1;2;1_2;0.8255272879563447;9;1_2;SR_1_SM_1;0.670673076923077
1299.979474137842;1116.7187537138393;1;2;1_2;0.8262971709773494;9;1_2;SR_1_SM_1;0.670673076923077
1300.1177246320426;1123.365630740586;1;2;1_2;0.8270670539983543;9;1_2;SR_1_SM_1;0.670673076923077
1293.6090980994968;1130.1507582615332;1;2;1_2;0.8281558330081003;9;1_2;SR_1_SM_1;0.670673076923077
1287.1004715669517;1136.9358857824802;1;2;1_2;0.829244612017846;9;1_2;SR_1_SM_1;0.670673076923077
1287.2387220611522;1143.5827628092266;1;2;1_2;0.8300144950388509;9;1_2;SR_1_SM_1;0.670673076923077
1280.7300955286064;1150.367890330174;1;2;1_2;0.8311032740485969;9;1_2;SR_1_SM_1;0.670673076923077
1280.8683460228071;1157.0147673569202;1;2;1_2;0.8318731570696016;9;1_2;SR_1_SM_1;0.670673076923077
1274.359719490261;1163.7998948778677;1;2;1_2;0.8329619360793475;9;1_2;SR_1_SM_1;0.670673076923077
1274.497969984462;1170.4467719046138;1;2;1_2;0.8337318191003524;9;1_2;SR_1_SM_1;0.670673076923077
1267.9893434519165;1177.231899425561;1;2;1_2;0.8348205981100982;9;1_2;SR_1_SM_1;0.670673076923077
1268.127593946117;1183.8787764523074;1;2;1_2;0.8355904811311031;9;1_2;SR_1_SM_1;0.670673076923077
1261.6189674135717;1190.6639039732545;1;2;1_2;0.8366792601408489;9;1_2;SR_1_SM_1;0.670673076923077
1255.110340881026;1197.4490314942018;1;2;1_2;0.8377680391505948;9;1_2;SR_1_SM_1;0.670673076923077
1248.60171434848;1204.234159015149;1;2;1_2;0.8388568181603406;9;1_2;SR_1_SM_1;0.670673076923077
1242.0930878159347;1211.0192865360962;1;2;1_2;0.8399455971700867;9;1_2;SR_1_SM_1;0.670673076923077
1235.584461283389;1217.8044140570432;1;2;1_2;0.8410343761798325;9;1_2;SR_1_SM_1;0.670673076923077
1235.7227117775897;1224.4512910837898;1;2;1_2;0.8418042592008373;9;1_2;SR_1_SM_1;0.670673076923077
1229.214085245044;1231.2364186047369;1;2;1_2;0.8428930382105833;9;1_2;SR_1_SM_1;0.670673076923077
1222.705458712498;1238.021546125684;1;2;1_2;0.8439818172203291;9;1_2;SR_1_SM_1;0.670673076923077
1216.058581685752;1238.159796619885;1;2;1_2;0.8447517002413338;9;1_2;SR_1_SM_1;0.670673076923077
1209.5499551532062;1244.944924140832;1;2;1_2;0.8458404792510799;9;1_2;SR_1_SM_1;0.670673076923077
1203.0413286206608;1251.7300516617793;1;2;1_2;0.8469292582608255;9;1_2;SR_1_SM_1;0.670673076923077
1196.532702088115;1258.515179182726;1;2;1_2;0.8480180372705713;9;1_2;SR_1_SM_1;0.670673076923077
1190.0240755555692;1265.3003067036734;1;2;1_2;0.8491068162803173;9;1_2;SR_1_SM_1;0.670673076923077
1183.5154490230238;1272.0854342246207;1;2;1_2;0.850195595290063;9;1_2;SR_1_SM_1;0.670673076923077
1177.006822490478;1278.8705617455678;1;2;1_2;0.851284374299809;9;1_2;SR_1_SM_1;0.670673076923077
1170.3599454637315;1279.0088122397683;1;2;1_2;0.8520542573208139;9;1_2;SR_1_SM_1;0.670673076923077
1163.851318931186;1285.7939397607156;1;2;1_2;0.8531430363305598;9;1_2;SR_1_SM_1;0.670673076923077
1157.3426923986403;1292.579067281663;1;2;1_2;0.8542318153403056;9;1_2;SR_1_SM_1;0.670673076923077
1150.8340658660943;1299.36419480261;1;2;1_2;0.8553205943500515;9;1_2;SR_1_SM_1;0.670673076923077
1144.187188839348;1299.502445296811;1;2;1_2;0.8560904773710563;9;1_2;SR_1_SM_1;0.670673076923077
1137.6785623068026;1306.287572817758;1;2;1_2;0.8571792563808022;9;1_2;SR_1_SM_1;0.670673076923077
1131.031685280056;1306.4258233119588;1;2;1_2;0.8579491394018071;9;1_2;SR_1_SM_1;0.670673076923077
1124.3848082533095;1306.5640738061595;1;2;1_2;0.8587190224228118;9;1_2;SR_1_SM_1;0.670673076923077
1117.8761817207642;1313.3492013271066;1;2;1_2;0.8598078014325578;9;1_2;SR_1_SM_1;0.670673076923077
1111.2293046940176;1313.487451821307;1;2;1_2;0.8605776844535628;9;1_2;SR_1_SM_1;0.670673076923077
1104.7206781614718;1320.2725793422546;1;2;1_2;0.8616664634633084;9;1_2;SR_1_SM_1;0.670673076923077
1098.2120516289265;1327.057706863202;1;2;1_2;0.8627552424730545;9;1_2;SR_1_SM_1;0.670673076923077
1091.56517460218;1327.195957357403;1;2;1_2;0.8635251254940592;9;1_2;SR_1_SM_1;0.670673076923077
1084.9182975754334;1327.3342078516034;1;2;1_2;0.8642950085150641;9;1_2;SR_1_SM_1;0.670673076923077
1078.4096710428876;1334.1193353725505;1;2;1_2;0.86538378752481;9;1_2;SR_1_SM_1;0.670673076923077
1071.7627940161417;1334.2575858667512;1;2;1_2;0.8661536705458148;9;1_2;SR_1_SM_1;0.670673076923077
1065.2541674835957;1341.0427133876983;1;2;1_2;0.8672424495555607;9;1_2;SR_1_SM_1;0.670673076923077
1058.6072904568491;1341.180963881899;1;2;1_2;0.8680123325765656;9;1_2;SR_1_SM_1;0.670673076923077
1051.960413430103;1341.3192143760998;1;2;1_2;0.8687822155975704;9;1_2;SR_1_SM_1;0.670673076923077
1045.4517868975572;1348.104341897047;1;2;1_2;0.8698709946073163;9;1_2;SR_1_SM_1;0.670673076923077
1038.804909870811;1348.242592391248;1;2;1_2;0.8706408776283212;9;1_2;SR_1_SM_1;0.670673076923077
1032.158032844064;1348.3808428854486;1;2;1_2;0.8714107606493261;9;1_2;SR_1_SM_1;0.670673076923077
1025.511155817318;1348.5190933796491;1;2;1_2;0.8721806436703309;9;1_2;SR_1_SM_1;0.670673076923077
1018.8642787905716;1348.65734387385;1;2;1_2;0.8729505266913358;9;1_2;SR_1_SM_1;0.670673076923077
1012.217401763825;1348.7955943680508;1;2;1_2;0.8737204097123408;9;1_2;SR_1_SM_1;0.670673076923077
1005.5705247370788;1348.9338448622516;1;2;1_2;0.8744902927333456;9;1_2;SR_1_SM_1;0.670673076923077
999.0618982045328;1355.718972383199;1;2;1_2;0.8755790717430915;9;1_2;SR_1_SM_1;0.670673076923077
992.4150211777866;1355.8572228773996;1;2;1_2;0.8763489547640964;9;1_2;SR_1_SM_1;0.670673076923077
985.7681441510402;1355.9954733716004;1;2;1_2;0.877118837785101;9;1_2;SR_1_SM_1;0.670673076923077
979.1212671242936;1356.1337238658011;1;2;1_2;0.877888720806106;9;1_2;SR_1_SM_1;0.670673076923077
972.4743900975474;1356.271974360002;1;2;1_2;0.8786586038271109;9;1_2;SR_1_SM_1;0.670673076923077
965.9657635650016;1363.057101880949;1;2;1_2;0.8797473828368567;9;1_2;SR_1_SM_1;0.670673076923077
959.3188865382552;1363.1953523751497;1;2;1_2;0.8805172658578616;9;1_2;SR_1_SM_1;0.670673076923077
952.6720095115088;1363.3336028693504;1;2;1_2;0.8812871488788665;9;1_2;SR_1_SM_1;0.670673076923077
946.0251324847624;1363.4718533635512;1;2;1_2;0.8820570318998713;9;1_2;SR_1_SM_1;0.670673076923077
939.378255458016;1363.610103857752;1;2;1_2;0.8828269149208762;9;1_2;SR_1_SM_1;0.670673076923077
932.7313784312696;1363.748354351953;1;2;1_2;0.8835967979418811;9;1_2;SR_1_SM_1;0.670673076923077
926.0845014045232;1363.8866048461534;1;2;1_2;0.884366680962886;9;1_2;SR_1_SM_1;0.670673076923077
919.4376243777766;1364.0248553403542;1;2;1_2;0.8851365639838907;9;1_2;SR_1_SM_1;0.670673076923077
912.7907473510304;1364.163105834555;1;2;1_2;0.8859064470048956;9;1_2;SR_1_SM_1;0.670673076923077
906.143870324284;1364.3013563287557;1;2;1_2;0.8866763300259005;9;1_2;SR_1_SM_1;0.670673076923077
899.6352437917382;1371.0864838497027;1;2;1_2;0.8877651090356463;9;1_2;SR_1_SM_1;0.670673076923077
892.8501162707911;1364.5778573171572;1;2;1_2;0.8888538880453922;9;1_2;SR_1_SM_1;0.670673076923077
886.2032392440445;1364.716107811358;1;2;1_2;0.8896237710663971;9;1_2;SR_1_SM_1;0.670673076923077
879.5563622172982;1364.854358305559;1;2;1_2;0.890393654087402;9;1_2;SR_1_SM_1;0.670673076923077
872.9094851905517;1364.9926087997596;1;2;1_2;0.8911635371084069;9;1_2;SR_1_SM_1;0.670673076923077
866.2626081638053;1365.1308592939604;1;2;1_2;0.8919334201294118;9;1_2;SR_1_SM_1;0.670673076923077
859.615731137059;1365.2691097881611;1;2;1_2;0.8927033031504166;9;1_2;SR_1_SM_1;0.670673076923077
852.9688541103125;1365.407360282362;1;2;1_2;0.8934731861714216;9;1_2;SR_1_SM_1;0.670673076923077
846.3219770835661;1365.5456107765626;1;2;1_2;0.8942430691924265;9;1_2;SR_1_SM_1;0.670673076923077
839.6751000568196;1365.6838612707634;1;2;1_2;0.8950129522134314;9;1_2;SR_1_SM_1;0.670673076923077
832.8899725358725;1359.1752347382176;1;2;1_2;0.896101731223177;9;1_2;SR_1_SM_1;0.670673076923077
826.2430955091262;1359.3134852324183;1;2;1_2;0.8968716142441819;9;1_2;SR_1_SM_1;0.670673076923077
819.5962184823796;1359.451735726619;1;2;1_2;0.8976414972651869;9;1_2;SR_1_SM_1;0.670673076923077
812.9493414556333;1359.5899862208198;1;2;1_2;0.8984113802861917;9;1_2;SR_1_SM_1;0.670673076923077
806.3024644288869;1359.7282367150206;1;2;1_2;0.8991812633071966;9;1_2;SR_1_SM_1;0.670673076923077
799.5173369079397;1353.2196101824748;1;2;1_2;0.9002700423169425;10;1_2;SR_1_SM_1;1.0
792.8704598811933;1353.3578606766755;1;2;1_2;0.9010399253379473;10;1_2;SR_1_SM_1;1.0
786.2235828544468;1353.4961111708762;1;2;1_2;0.9018098083589522;10;1_2;SR_1_SM_1;1.0
779.5767058277004;1353.634361665077;1;2;1_2;0.9025796913799571;10;1_2;SR_1_SM_1;1.0
772.929828800954;1353.7726121592775;1;2;1_2;0.9033495744009619;10;1_2;SR_1_SM_1;1.0
766.1447012800069;1347.2639856267322;1;2;1_2;0.9044383534107078;10;1_2;SR_1_SM_1;1.0
759.4978242532604;1347.402236120933;1;2;1_2;0.9052082364317128;10;1_2;SR_1_SM_1;1.0
752.850947226514;1347.540486615134;1;2;1_2;0.9059781194527176;10;1_2;SR_1_SM_1;1.0
746.2040701997676;1347.6787371093346;1;2;1_2;0.9067480024737224;10;1_2;SR_1_SM_1;1.0
739.5571931730211;1347.8169876035354;1;2;1_2;0.9075178854947273;10;1_2;SR_1_SM_1;1.0
732.772065652074;1341.3083610709896;1;2;1_2;0.908606664504473;10;1_2;SR_1_SM_1;1.0
726.1251886253276;1341.4466115651903;1;2;1_2;0.9093765475254779;10;1_2;SR_1_SM_1;1.0
719.3400611043804;1334.9379850326447;1;2;1_2;0.9104653265352239;10;1_2;SR_1_SM_1;1.0
712.5549335834332;1328.4293585000992;1;2;1_2;0.9115541055449696;10;1_2;SR_1_SM_1;1.0
705.9080565566868;1328.5676089943;1;2;1_2;0.9123239885659745;10;1_2;SR_1_SM_1;1.0
699.1229290357395;1322.058982461754;1;2;1_2;0.9134127675757204;10;1_2;SR_1_SM_1;1.0
692.4760520089932;1322.1972329559549;1;2;1_2;0.9141826505967253;10;1_2;SR_1_SM_1;1.0
685.690924488046;1315.688606423409;1;2;1_2;0.9152714296064713;10;1_2;SR_1_SM_1;1.0
678.9057969670988;1309.1799798908637;1;2;1_2;0.916360208616217;10;1_2;SR_1_SM_1;1.0
672.2589199403524;1309.3182303850642;1;2;1_2;0.9171300916372219;10;1_2;SR_1_SM_1;1.0
665.4737924194052;1302.8096038525186;1;2;1_2;0.9182188706469678;10;1_2;SR_1_SM_1;1.0
658.688664898458;1296.3009773199728;1;2;1_2;0.9193076496567137;10;1_2;SR_1_SM_1;1.0
652.0417878717117;1296.4392278141736;1;2;1_2;0.9200775326777186;10;1_2;SR_1_SM_1;1.0
645.2566603507645;1289.930601281628;1;2;1_2;0.9211663116874644;10;1_2;SR_1_SM_1;1.0
638.4715328298173;1283.4219747490824;1;2;1_2;0.9222550906972103;10;1_2;SR_1_SM_1;1.0
631.6864053088701;1276.9133482165366;1;2;1_2;0.9233438697069561;10;1_2;SR_1_SM_1;1.0
624.9012777879229;1270.404721683991;1;2;1_2;0.9244326487167019;10;1_2;SR_1_SM_1;1.0
618.1161502669759;1263.8960951514457;1;2;1_2;0.9255214277264479;10;1_2;SR_1_SM_1;1.0
611.3310227460287;1257.3874686188997;1;2;1_2;0.9266102067361937;10;1_2;SR_1_SM_1;1.0
604.5458952250815;1250.878842086354;1;2;1_2;0.9276989857459396;10;1_2;SR_1_SM_1;1.0
597.7607677041343;1244.3702155538083;1;2;1_2;0.9287877647556854;10;1_2;SR_1_SM_1;1.0
590.9756401831871;1237.8615890212627;1;2;1_2;0.9298765437654313;10;1_2;SR_1_SM_1;1.0
590.8373896889864;1231.2147119945164;1;2;1_2;0.930646426786436;10;1_2;SR_1_SM_1;1.0
584.0522621680392;1224.7060854619708;1;2;1_2;0.931735205796182;10;1_2;SR_1_SM_1;1.0
583.9140116738384;1218.0592084352245;1;2;1_2;0.9325050888171869;10;1_2;SR_1_SM_1;1.0
583.7757611796377;1211.4123314084777;1;2;1_2;0.9332749718381917;10;1_2;SR_1_SM_1;1.0
576.9906336586906;1204.903704875932;1;2;1_2;0.9343637508479377;10;1_2;SR_1_SM_1;1.0
576.8523831644899;1198.2568278491858;1;2;1_2;0.9351336338689425;10;1_2;SR_1_SM_1;1.0
576.714132670289;1191.6099508224393;1;2;1_2;0.9359035168899473;10;1_2;SR_1_SM_1;1.0
576.5758821760883;1184.963073795693;1;2;1_2;0.9366733999109522;10;1_2;SR_1_SM_1;1.0
576.4376316818875;1178.3161967689466;1;2;1_2;0.9374432829319571;10;1_2;SR_1_SM_1;1.0
569.6525041609403;1171.8075702364008;1;2;1_2;0.9385320619417029;10;1_2;SR_1_SM_1;1.0
569.5142536667396;1165.1606932096545;1;2;1_2;0.9393019449627078;10;1_2;SR_1_SM_1;1.0
569.3760031725388;1158.513816182908;1;2;1_2;0.9400718279837127;10;1_2;SR_1_SM_1;1.0
569.2377526783381;1151.8669391561616;1;2;1_2;0.9408417110047175;10;1_2;SR_1_SM_1;1.0
569.0995021841374;1145.220062129415;1;2;1_2;0.9416115940257224;10;1_2;SR_1_SM_1;1.0
562.3143746631902;1138.7114355968697;1;2;1_2;0.9427003730354683;10;1_2;SR_1_SM_1;1.0
562.1761241689894;1132.0645585701232;1;2;1_2;0.9434702560564731;10;1_2;SR_1_SM_1;1.0
562.0378736747887;1125.4176815433766;1;2;1_2;0.9442401390774781;10;1_2;SR_1_SM_1;1.0
561.8996231805879;1118.77080451663;1;2;1_2;0.945010022098483;10;1_2;SR_1_SM_1;1.0
561.7613726863872;1112.123927489884;1;2;1_2;0.9457799051194878;10;1_2;SR_1_SM_1;1.0
568.2699992189329;1105.3387999689369;1;2;1_2;0.9468686841292336;10;1_2;SR_1_SM_1;1.0
568.1317487247321;1098.69192294219;1;2;1_2;0.9476385671502385;10;1_2;SR_1_SM_1;1.0
567.9934982305314;1092.0450459154438;1;2;1_2;0.9484084501712434;10;1_2;SR_1_SM_1;1.0
567.8552477363306;1085.3981688886977;1;2;1_2;0.9491783331922482;10;1_2;SR_1_SM_1;1.0
567.7169972421299;1078.751291861951;1;2;1_2;0.9499482162132531;10;1_2;SR_1_SM_1;1.0
574.2256237746756;1071.9661643410038;1;2;1_2;0.9510369952229991;10;1_2;SR_1_SM_1;1.0
574.0873732804747;1065.3192873142575;1;2;1_2;0.9518068782440039;10;1_2;SR_1_SM_1;1.0
573.949122786274;1058.672410287511;1;2;1_2;0.9525767612650088;10;1_2;SR_1_SM_1;1.0
573.8108722920732;1052.0255332607644;1;2;1_2;0.9533466442860137;10;1_2;SR_1_SM_1;1.0
573.6726217978725;1045.378656234018;1;2;1_2;0.9541165273070185;10;1_2;SR_1_SM_1;1.0
580.181248330418;1038.593528713071;1;2;1_2;0.9552053063167643;10;1_2;SR_1_SM_1;1.0
580.0429978362173;1031.9466516863245;1;2;1_2;0.9559751893377691;10;1_2;SR_1_SM_1;1.0
579.9047473420165;1025.299774659578;1;2;1_2;0.9567450723587739;10;1_2;SR_1_SM_1;1.0
586.4133738745622;1018.514647138631;1;2;1_2;0.95783385136852;10;1_2;SR_1_SM_1;1.0
586.2751233803615;1011.8677701118844;1;2;1_2;0.9586037343895248;10;1_2;SR_1_SM_1;1.0
586.1368728861607;1005.220893085138;1;2;1_2;0.9593736174105296;10;1_2;SR_1_SM_1;1.0
592.6454994187064;998.435765564191;1;2;1_2;0.9604623964202754;10;1_2;SR_1_SM_1;1.0
592.5072489245057;991.7888885374446;1;2;1_2;0.9612322794412805;10;1_2;SR_1_SM_1;1.0
599.0158754570514;985.0037610164974;1;2;1_2;0.9623210584510262;10;1_2;SR_1_SM_1;1.0
605.5245019895971;978.2186334955502;1;2;1_2;0.963409837460772;10;1_2;SR_1_SM_1;1.0
612.0331285221428;971.433505974603;1;2;1_2;0.9644986164705182;10;1_2;SR_1_SM_1;1.0
618.5417550546883;964.6483784536558;1;2;1_2;0.965587395480264;10;1_2;SR_1_SM_1;1.0
625.050381587234;957.8632509327088;1;2;1_2;0.9666761744900096;10;1_2;SR_1_SM_1;1.0
631.6972586139805;957.725000438508;1;2;1_2;0.9674460575110145;10;1_2;SR_1_SM_1;1.0
638.2058851465262;950.9398729175608;1;2;1_2;0.9685348365207603;10;1_2;SR_1_SM_1;1.0
644.7145116790718;944.1547453966136;1;2;1_2;0.9696236155305065;10;1_2;SR_1_SM_1;1.0
651.2231382116173;937.3696178756664;1;2;1_2;0.9707123945402523;10;1_2;SR_1_SM_1;1.0
657.731764744163;930.5844903547192;1;2;1_2;0.971801173549998;10;1_2;SR_1_SM_1;1.0
664.3786417709094;930.4462398605184;1;2;1_2;0.9725710565710028;10;1_2;SR_1_SM_1;1.0
670.8872683034551;923.6611123395712;1;2;1_2;0.9736598355807488;10;1_2;SR_1_SM_1;1.0
677.5341453302016;923.5228618453704;1;2;1_2;0.9744297186017536;10;1_2;SR_1_SM_1;1.0
684.0427718627473;916.7377343244234;1;2;1_2;0.9755184976114997;10;1_2;SR_1_SM_1;1.0
690.5513983952928;909.9526068034762;1;2;1_2;0.9766072766212454;10;1_2;SR_1_SM_1;1.0
697.0600249278385;903.167479282529;1;2;1_2;0.9776960556309912;10;1_2;SR_1_SM_1;1.0
703.706901954585;903.0292287883284;1;2;1_2;0.978465938651996;10;1_2;SR_1_SM_1;1.0
710.2155284871307;896.244101267381;1;2;1_2;0.9795547176617417;10;1_2;SR_1_SM_1;1.0
716.8624055138771;896.1058507731802;1;2;1_2;0.9803246006827468;10;1_2;SR_1_SM_1;1.0
723.3710320464228;889.3207232522332;1;2;1_2;0.9814133796924928;10;1_2;SR_1_SM_1;1.0
730.0179090731691;889.1824727580324;1;2;1_2;0.9821832627134977;10;1_2;SR_1_SM_1;1.0
736.5265356057148;882.3973452370851;1;2;1_2;0.9832720417232435;10;1_2;SR_1_SM_1;1.0
743.1734126324612;882.2590947428844;1;2;1_2;0.9840419247442482;10;1_2;SR_1_SM_1;1.0
749.6820391650069;875.4739672219373;1;2;1_2;0.985130703753994;10;1_2;SR_1_SM_1;1.0
756.3289161917534;875.3357167277366;1;2;1_2;0.9859005867749989;10;1_2;SR_1_SM_1;1.0
762.837542724299;868.5505892067893;1;2;1_2;0.9869893657847446;10;1_2;SR_1_SM_1;1.0
769.4844197510454;868.4123387125885;1;2;1_2;0.9877592488057495;10;1_2;SR_1_SM_1;1.0
775.9930462835911;861.6272111916414;1;2;1_2;0.9888480278154956;10;1_2;SR_1_SM_1;1.0
782.6399233103375;861.4889606974407;1;2;1_2;0.9896179108365005;10;1_2;SR_1_SM_1;1.0
789.286800337084;861.3507102032399;1;2;1_2;0.9903877938575054;10;1_2;SR_1_SM_1;1.0
795.7954268696296;854.5655826822929;1;2;1_2;0.9914765728672511;10;1_2;SR_1_SM_1;1.0
802.4423038963761;854.4273321880921;1;2;1_2;0.992246455888256;10;1_2;SR_1_SM_1;1.0
808.9509304289217;847.6422046671448;1;2;1_2;0.9933352348980018;10;1_2;SR_1_SM_1;1.0
815.5978074556682;847.5039541729441;1;2;1_2;0.9941051179190066;10;1_2;SR_1_SM_1;1.0
822.1064339882138;840.718826651997;1;2;1_2;0.9951938969287526;10;1_2;SR_1_SM_1;1.0
828.7533110149601;840.5805761577963;1;2;1_2;0.9959637799497575;10;1_2;SR_1_SM_1;1.0
835.2619375475059;833.795448636849;1;2;1_2;0.9970525589595034;10;1_2;SR_1_SM_1;1.0
841.7705640800515;827.0103211159019;1;2;1_2;0.9981413379692492;10;1_2;SR_1_SM_1;1.0
848.2791906125973;820.2251935949548;1;2;1_2;0.9992301169789949;10;1_2;SR_1_SM_1;1.0
854.9260676393436;820.0869431007541;1;2;1_2;1.0;10;1_2;SR_1_SM_1;1.0
0.0;0.0;2;1;2_1;0.0;1;;brak;
6.649634849233991;0.0017544097806876;2;1;2_1;0.0015107429529746651;1;;brak;
13.29926969846798;0.0035088195611479;2;1;2_1;0.0030214859059493294;1;;brak;
19.947150137921422;6.654898078575798;2;1;2_1;0.005157999079305697;1;;brak;
26.596784987155388;6.656652488356258;2;1;2_1;0.006668742032280356;1;;brak;
33.244665426608776;13.308041747370908;2;1;2_1;0.008805255205636716;1;;brak;
39.89254586606216;19.95943100638533;2;1;2_1;0.010941768378993038;1;;brak;
46.54042630551561;26.61082026539998;2;1;2_1;0.013078281552349408;1;;brak;
53.188306744969;33.2622095244144;2;1;2_1;0.01521479472570573;1;;brak;
59.83794159420296;33.26396393419509;2;1;2_1;0.01672553767868039;1;;brak;
66.4858220336564;39.91535319320974;2;1;2_1;0.01886205085203676;1;;brak;
73.13545688289042;39.91710760299043;2;1;2_1;0.02037279380501143;1;;brak;
79.78333732234381;46.56849686200508;2;1;2_1;0.02250930697836779;1;;brak;
86.4312177617972;53.2198861210195;2;1;2_1;0.02464582015172411;1;;brak;
93.08085261103122;53.22164053080019;2;1;2_1;0.026156563104698785;1;;brak;
99.72873305048466;59.87302978981461;2;1;2_1;0.028293076278055114;1;;brak;
106.37661348993804;66.52441904882926;2;1;2_1;0.030429589451411474;1;;brak;
113.026248339172;66.52617345860972;2;1;2_1;0.03194033240438613;1;;brak;
119.6741287786254;73.17756271762437;2;1;2_1;0.03407684557774249;1;;brak;
126.32376362785942;73.17931712740483;2;1;2_1;0.035587588530717154;1;;brak;
132.9716440673128;79.83070638641948;2;1;2_1;0.03772410170407352;1;;brak;
139.62127891654677;79.83246079619994;2;1;2_1;0.03923484465704817;1;;brak;
146.26915935600022;86.48385005521482;2;1;2_1;0.041371357830404576;1;;brak;
152.91879420523424;86.48560446499528;2;1;2_1;0.04288210078337925;1;;brak;
159.56667464468762;93.13699372400993;2;1;2_1;0.045018613956735606;1;;brak;
166.214555084141;99.78838298302436;2;1;2_1;0.047155127130091935;1;;brak;
172.86418993337503;99.79013739280504;2;1;2_1;0.0486658700830666;1;;brak;
179.51207037282848;106.44152665181969;2;1;2_1;0.05080238325642297;1;;brak;
186.15995081228183;113.09291591083412;2;1;2_1;0.05293889642977929;1;;brak;
192.80783125173525;119.74430516984876;2;1;2_1;0.05507540960313565;1;;brak;
199.45571169118864;126.39569442886318;2;1;2_1;0.057211922776491966;1;;brak;
206.10534654042263;126.39744883864388;2;1;2_1;0.058722665729466654;1;;brak;
212.75322697987605;133.0488380976583;2;1;2_1;0.06085917890282297;1;;brak;
219.40286182911;133.05059250743898;2;1;2_1;0.062369921855797636;1;;brak;
226.05074226856345;139.7019817664534;2;1;2_1;0.06450643502915397;1;;brak;
232.6986227080169;146.35337102546828;2;1;2_1;0.06664294820251038;1;;brak;
239.3465031474703;153.0047602844827;2;1;2_1;0.0687794613758667;1;;brak;
239.3447487376897;159.65439513371666;2;1;2_1;0.07029020432884137;1;;brak;
245.9926291771431;166.3057843927313;2;1;2_1;0.07242671750219772;1;;brak;
252.64226402637712;166.30753880251177;2;1;2_1;0.07393746045517238;1;;brak;
259.2918988756111;166.30929321229246;2;1;2_1;0.07544820340814705;1;;brak;
265.93977931506447;172.96068247130688;2;1;2_1;0.07758471658150336;1;;brak;
272.58941416429843;172.96243688108757;2;1;2_1;0.07909545953447802;1;;brak;
279.23729460375193;179.613826140102;2;1;2_1;0.08123197270783437;1;;brak;
285.8851750432053;186.26521539911664;2;1;2_1;0.08336848588119074;1;;brak;
292.5330554826587;192.91660465813152;2;1;2_1;0.08550499905454713;1;;brak;
299.1809359221121;199.56799391714597;2;1;2_1;0.08764151222790346;1;;brak;
305.8288163615654;206.2193831761606;2;1;2_1;0.08977802540125977;1;;brak;
312.4766968010189;212.870772435175;2;1;2_1;0.09191453857461611;1;;brak;
319.12633165025284;212.8725268449557;2;1;2_1;0.09342528152759078;1;;brak;
325.7742120897062;219.52391610397007;2;1;2_1;0.0955617947009471;1;;brak;
332.4220925291597;226.1753053629848;2;1;2_1;0.09769830787430349;1;;brak;
339.0717273783937;226.17705977276523;2;1;2_1;0.09920905082727816;1;;brak;
345.7196078178471;232.82844903177988;2;1;2_1;0.10134556400063452;2;2_1;SR_1_SM_1;0.7541999801770847
352.36748825730047;239.4798382907943;2;1;2_1;0.10348207717399084;2;2_1;SR_1_SM_1;0.7541999801770847
359.01536869675385;246.13122754980893;2;1;2_1;0.10561859034734718;2;2_1;SR_1_SM_1;0.7541999801770847
365.66324913620736;252.7826168088236;2;1;2_1;0.10775510352070357;2;2_1;SR_1_SM_1;0.7541999801770847
372.3111295756608;259.43400606783825;2;1;2_1;0.10989161669405995;2;2_1;SR_1_SM_1;0.7541999801770847
378.9590100151141;266.0853953268527;2;1;2_1;0.11202812986741624;2;2_1;SR_1_SM_1;0.7541999801770847
385.6068904545676;272.7367845858673;2;1;2_1;0.11416464304077262;2;2_1;SR_1_SM_1;0.7541999801770847
392.254770894021;279.388173844882;2;1;2_1;0.116301156214129;2;2_1;SR_1_SM_1;0.7541999801770847
398.9026513334744;286.0395631038964;2;1;2_1;0.11843766938748532;2;2_1;SR_1_SM_1;0.7541999801770847
405.5505317729278;292.69095236291105;2;1;2_1;0.12057418256084168;2;2_1;SR_1_SM_1;0.7541999801770847
412.1984122123812;299.3423416219257;2;1;2_1;0.12271069573419803;2;2_1;SR_1_SM_1;0.7541999801770847
418.8462926518346;305.99373088094035;2;1;2_1;0.1248472089075544;2;2_1;SR_1_SM_1;0.7541999801770847
425.494173091288;312.6451201399548;2;1;2_1;0.12698372208091074;2;2_1;SR_1_SM_1;0.7541999801770847
425.4924186815074;319.29475498918873;2;1;2_1;0.1284944650338854;2;2_1;SR_1_SM_1;0.7541999801770847
432.1402991209608;325.9461442482034;2;1;2_1;0.13063097820724176;2;2_1;SR_1_SM_1;0.7541999801770847
432.1385447111802;332.59577909743734;2;1;2_1;0.1321417211602164;2;2_1;SR_1_SM_1;0.7541999801770847
432.1367903013996;339.2454139466713;2;1;2_1;0.13365246411319107;2;2_1;SR_1_SM_1;0.7541999801770847
432.1350358916191;345.89504879590527;2;1;2_1;0.13516320706616572;2;2_1;SR_1_SM_1;0.7541999801770847
432.1332814818385;352.54468364513923;2;1;2_1;0.13667395001914037;2;2_1;SR_1_SM_1;0.7541999801770847
432.1315270720579;359.1943184943734;2;1;2_1;0.13818469297211505;2;2_1;SR_1_SM_1;0.7541999801770847
432.1297726622773;365.8439533436074;2;1;2_1;0.1396954359250897;2;2_1;SR_1_SM_1;0.7541999801770847
438.7776531017308;372.4953426026218;2;1;2_1;0.14183194909844607;2;2_1;SR_1_SM_1;0.7541999801770847
438.7758986919503;379.14497745185577;2;1;2_1;0.14334269205142072;2;2_1;SR_1_SM_1;0.7541999801770847
438.7741442821697;385.7946123010897;2;1;2_1;0.14485343500439535;2;2_1;SR_1_SM_1;0.7541999801770847
438.7723898723891;392.4442471503237;2;1;2_1;0.14636417795737;2;2_1;SR_1_SM_1;0.7541999801770847
438.7706354626085;399.09388199955765;2;1;2_1;0.14787492091034465;2;2_1;SR_1_SM_1;0.7541999801770847
438.768881052828;405.74351684879184;2;1;2_1;0.14938566386331942;2;2_1;SR_1_SM_1;0.7541999801770847
432.1174917938132;412.3913972882453;2;1;2_1;0.1515221770366758;2;2_1;SR_1_SM_1;0.7541999801770847
432.1157373840326;419.0410321374793;2;1;2_1;0.1530329199896505;2;2_1;SR_1_SM_1;0.7541999801770847
432.11398297425205;425.69066698671327;2;1;2_1;0.15454366294262514;2;2_1;SR_1_SM_1;0.7541999801770847
432.1122285644715;432.3403018359472;2;1;2_1;0.1560544058955998;2;2_1;SR_1_SM_1;0.7541999801770847
432.1104741546909;438.9899366851812;2;1;2_1;0.15756514884857445;2;2_1;SR_1_SM_1;0.7541999801770847
425.4590848956764;445.63781712463447;2;1;2_1;0.15970166202193078;2;2_1;SR_1_SM_1;0.7541999801770847
425.4573304858958;452.2874519738684;2;1;2_1;0.16121240497490544;2;2_1;SR_1_SM_1;0.7541999801770847
418.80594122688126;458.93533241332193;2;1;2_1;0.1633489181482618;2;2_1;SR_1_SM_1;0.7541999801770847
418.8041868171007;465.5849672625561;2;1;2_1;0.1648596611012365;2;2_1;SR_1_SM_1;0.7541999801770847
412.1527975580861;472.2328477020094;2;1;2_1;0.16699617427459282;2;2_1;SR_1_SM_1;0.7541999801770847
412.1510431483055;478.88248255124336;2;1;2_1;0.16850691722756747;2;2_1;SR_1_SM_1;0.7541999801770847
412.1492887385249;485.5321174004773;2;1;2_1;0.17001766018054212;2;2_1;SR_1_SM_1;0.7541999801770847
405.4978994795104;492.1799978399308;2;1;2_1;0.17215417335389846;2;2_1;SR_1_SM_1;0.7541999801770847
398.8465102204958;498.8278782793841;2;1;2_1;0.1742906865272548;2;2_1;SR_1_SM_1;0.7541999801770847
398.8447558107152;505.47751312861806;2;1;2_1;0.17580142948022945;2;2_1;SR_1_SM_1;0.7541999801770847
392.1933665517007;512.1253935680718;2;1;2_1;0.17793794265358587;2;2_1;SR_1_SM_1;0.7541999801770847
385.54197729268606;518.7732740075251;2;1;2_1;0.1800744558269422;2;2_1;SR_1_SM_1;0.7541999801770847
385.5402228829055;525.422908856759;2;1;2_1;0.18158519877991686;2;2_1;SR_1_SM_1;0.7541999801770847
378.8888336238908;532.0707892962123;2;1;2_1;0.1837217119532732;2;2_1;SR_1_SM_1;0.7541999801770847
372.2374443648763;538.7186697356658;2;1;2_1;0.18585822512662956;2;2_1;SR_1_SM_1;0.7541999801770847
372.2356899550957;545.3683045848998;2;1;2_1;0.1873689680796042;2;2_1;SR_1_SM_1;0.7541999801770847
365.5843006960812;552.016185024353;2;1;2_1;0.18950548125296052;2;2_1;SR_1_SM_1;0.7541999801770847
358.93291143706654;558.6640654638065;2;1;2_1;0.19164199442631688;2;2_1;SR_1_SM_1;0.7541999801770847
358.931157027286;565.3137003130405;2;1;2_1;0.19315273737929162;2;2_1;SR_1_SM_1;0.7541999801770847
358.9294026175054;571.9633351622747;2;1;2_1;0.19466348033226633;2;2_1;SR_1_SM_1;0.7541999801770847
352.27801335849085;578.611215601728;2;1;2_1;0.19679999350562263;2;2_1;SR_1_SM_1;0.7541999801770847
345.6266240994763;585.2590960411815;2;1;2_1;0.198936506678979;2;2_1;SR_1_SM_1;0.7541999801770847
345.62486968969574;591.9087308904154;2;1;2_1;0.20044724963195365;3;2_1;SR_1_SM_1;0.7056608570808731
345.6231152799152;598.5583657396494;2;1;2_1;0.2019579925849283;3;2_1;SR_1_SM_1;0.7056608570808731
345.6213608701346;605.2080005888834;2;1;2_1;0.20346873553790296;3;2_1;SR_1_SM_1;0.7056608570808731
338.96997161112006;611.8558810283366;2;1;2_1;0.20560524871125926;3;2_1;SR_1_SM_1;0.7056608570808731
332.3185823521054;618.5037614677904;2;1;2_1;0.2077417618846157;3;2_1;SR_1_SM_1;0.7056608570808731
332.31682794232484;625.1533963170243;2;1;2_1;0.20925250483759034;3;2_1;SR_1_SM_1;0.7056608570808731
325.6654386833102;631.8012767564776;2;1;2_1;0.2113890180109467;3;2_1;SR_1_SM_1;0.7056608570808731
325.6636842735296;638.4509116057116;2;1;2_1;0.21289976096392135;3;2_1;SR_1_SM_1;0.7056608570808731
325.66192986374904;645.1005464549455;2;1;2_1;0.214410503916896;3;2_1;SR_1_SM_1;0.7056608570808731
325.66017545396846;651.7501813041795;2;1;2_1;0.21592124686987063;3;2_1;SR_1_SM_1;0.7056608570808731
325.6584210441879;658.3998161534134;2;1;2_1;0.21743198982284528;3;2_1;SR_1_SM_1;0.7056608570808731
325.6566666344073;665.0494510026474;2;1;2_1;0.21894273277581994;3;2_1;SR_1_SM_1;0.7056608570808731
325.65491222462674;671.6990858518814;2;1;2_1;0.22045347572879467;3;2_1;SR_1_SM_1;0.7056608570808731
319.0035229656122;678.3469662913351;2;1;2_1;0.22258998890215106;3;2_1;SR_1_SM_1;0.7056608570808731
319.00176855583163;684.996601140569;2;1;2_1;0.22410073185512572;3;2_1;SR_1_SM_1;0.7056608570808731
312.3503792968171;691.6444815800223;2;1;2_1;0.22623724502848203;3;2_1;SR_1_SM_1;0.7056608570808731
312.3486248870365;698.2941164292563;2;1;2_1;0.22774798798145668;3;2_1;SR_1_SM_1;0.7056608570808731
312.34687047725595;704.9437512784903;2;1;2_1;0.22925873093443133;3;2_1;SR_1_SM_1;0.7056608570808731
312.3451160674754;711.5933861277242;2;1;2_1;0.23076947388740598;3;2_1;SR_1_SM_1;0.7056608570808731
305.6937268084607;718.2412665671777;2;1;2_1;0.23290598706076238;3;2_1;SR_1_SM_1;0.7056608570808731
305.69197239868004;724.8909014164119;2;1;2_1;0.23441673001373708;3;2_1;SR_1_SM_1;0.7056608570808731
305.69021798889946;731.5405362656459;2;1;2_1;0.23592747296671174;3;2_1;SR_1_SM_1;0.7056608570808731
305.6884635791189;738.1901711148798;2;1;2_1;0.23743821591968645;3;2_1;SR_1_SM_1;0.7056608570808731
305.6867091693383;744.8398059641138;2;1;2_1;0.23894895887266107;3;2_1;SR_1_SM_1;0.7056608570808731
305.68495475955774;751.4894408133478;2;1;2_1;0.24045970182563572;3;2_1;SR_1_SM_1;0.7056608570808731
305.6832003497772;758.1390756625817;2;1;2_1;0.24197044477861038;3;2_1;SR_1_SM_1;0.7056608570808731
305.6814459399966;764.7887105118157;2;1;2_1;0.24348118773158503;3;2_1;SR_1_SM_1;0.7056608570808731
305.679691530216;771.4383453610496;2;1;2_1;0.24499193068455968;3;2_1;SR_1_SM_1;0.7056608570808731
305.67793712043544;778.0879802102836;2;1;2_1;0.2465026736375344;3;2_1;SR_1_SM_1;0.7056608570808731
305.67618271065487;784.7376150595178;2;1;2_1;0.24801341659050907;3;2_1;SR_1_SM_1;0.7056608570808731
305.6744283008743;791.3872499087518;2;1;2_1;0.24952415954348373;3;2_1;SR_1_SM_1;0.7056608570808731
305.6726738910937;798.0368847579857;2;1;2_1;0.2510349024964584;3;2_1;SR_1_SM_1;0.7056608570808731
305.67091948131315;804.6865196072197;2;1;2_1;0.25254564544943303;3;2_1;SR_1_SM_1;0.7056608570808731
305.6691650715326;811.3361544564536;2;1;2_1;0.2540563884024077;3;2_1;SR_1_SM_1;0.7056608570808731
305.667410661752;817.9857893056876;2;1;2_1;0.25556713135538234;3;2_1;SR_1_SM_1;0.7056608570808731
305.6656562519714;824.6354241549216;2;1;2_1;0.257077874308357;3;2_1;SR_1_SM_1;0.7056608570808731
305.66390184219074;831.2850590041558;2;1;2_1;0.25858861726133175;3;2_1;SR_1_SM_1;0.7056608570808731
305.66214743241017;837.9346938533897;2;1;2_1;0.2600993602143064;3;2_1;SR_1_SM_1;0.7056608570808731
305.6603930226296;844.5843287026237;2;1;2_1;0.261610103167281;3;2_1;SR_1_SM_1;0.7056608570808731
305.658638612849;851.2339635518576;2;1;2_1;0.2631208461202557;3;2_1;SR_1_SM_1;0.7056608570808731
312.3065190523025;857.8853528108721;2;1;2_1;0.26525735929361205;3;2_1;SR_1_SM_1;0.7056608570808731
312.30476464252195;864.534987660106;2;1;2_1;0.2667681022465867;3;2_1;SR_1_SM_1;0.7056608570808731
312.30301023274137;871.18462250934;2;1;2_1;0.26827884519956136;3;2_1;SR_1_SM_1;0.7056608570808731
312.3012558229608;877.834257358574;2;1;2_1;0.269789588152536;3;2_1;SR_1_SM_1;0.7056608570808731
318.9491362624142;884.4856466175886;2;1;2_1;0.27192610132589234;3;2_1;SR_1_SM_1;0.7056608570808731
318.9473818526336;891.1352814668228;2;1;2_1;0.27343684427886705;3;2_1;SR_1_SM_1;0.7056608570808731
318.94562744285304;897.7849163160566;2;1;2_1;0.2749475872318417;3;2_1;SR_1_SM_1;0.7056608570808731
318.94387303307246;904.4345511652906;2;1;2_1;0.27645833018481636;3;2_1;SR_1_SM_1;0.7056608570808731
318.9421186232919;911.0841860145246;2;1;2_1;0.277969073137791;3;2_1;SR_1_SM_1;0.7056608570808731
325.5899990627453;917.7355752735392;2;1;2_1;0.2801055863111474;3;2_1;SR_1_SM_1;0.7056608570808731
332.2378795021988;924.3869645325536;2;1;2_1;0.2822420994845037;3;2_1;SR_1_SM_1;0.7056608570808731
332.2361250924181;931.0365993817876;2;1;2_1;0.2837528424374784;3;2_1;SR_1_SM_1;0.7056608570808731
338.8840055318715;937.6879886408024;2;1;2_1;0.2858893556108348;3;2_1;SR_1_SM_1;0.7056608570808731
345.53188597132487;944.3393778998168;2;1;2_1;0.2880258687841911;3;2_1;SR_1_SM_1;0.7056608570808731
352.17976641077826;950.9907671588315;2;1;2_1;0.29016238195754745;3;2_1;SR_1_SM_1;0.7056608570808731
358.82764685023164;957.642156417846;2;1;2_1;0.2922988951309038;3;2_1;SR_1_SM_1;0.7056608570808731
365.4755272896852;964.2935456768606;2;1;2_1;0.29443540830426024;3;2_1;SR_1_SM_1;0.7056608570808731
372.1234077291385;970.9449349358752;2;1;2_1;0.2965719214776165;3;2_1;SR_1_SM_1;0.7056608570808731
378.7730425783725;970.9466893456556;2;1;2_1;0.29808266443059117;3;2_1;SR_1_SM_1;0.7056608570808731
385.420923017826;977.5980786046704;2;1;2_1;0.30021917760394756;4;2_1;SR_1_SM_1;0.8860628057735662
392.0688034572794;984.2494678636848;2;1;2_1;0.30235569077730395;4;2_1;SR_1_SM_1;0.8860628057735662
398.71843830651335;984.2512222734656;2;1;2_1;0.3038664337302786;4;2_1;SR_1_SM_1;0.8860628057735662
405.36631874596674;990.90261153248;2;1;2_1;0.3060029469036349;4;2_1;SR_1_SM_1;0.8860628057735662
412.0159535952007;990.9043659422606;2;1;2_1;0.30751368985660954;4;2_1;SR_1_SM_1;0.8860628057735662
418.6655884444348;990.9061203520412;2;1;2_1;0.3090244328095842;4;2_1;SR_1_SM_1;0.8860628057735662
425.31346888388816;997.5575096110556;2;1;2_1;0.31116094598294053;4;2_1;SR_1_SM_1;0.8860628057735662
431.9631037331221;997.5592640208364;2;1;2_1;0.31267168893591524;4;2_1;SR_1_SM_1;0.8860628057735662
438.6109841725756;1004.210653279851;2;1;2_1;0.3148082021092715;4;2_1;SR_1_SM_1;0.8860628057735662
445.2606190218096;1004.2124076896316;2;1;2_1;0.3163189450622462;4;2_1;SR_1_SM_1;0.8860628057735662
451.908499461263;1010.8637969486462;2;1;2_1;0.3184554582356026;4;2_1;SR_1_SM_1;0.8860628057735662
458.55813431049694;1010.8655513584268;2;1;2_1;0.31996620118857727;4;2_1;SR_1_SM_1;0.8860628057735662
465.2077691597309;1010.8673057682072;2;1;2_1;0.3214769441415519;4;2_1;SR_1_SM_1;0.8860628057735662
471.857404008965;1010.869060177988;2;1;2_1;0.3229876870945266;4;2_1;SR_1_SM_1;0.8860628057735662
478.5070388581989;1010.8708145877685;2;1;2_1;0.3244984300475013;4;2_1;SR_1_SM_1;0.8860628057735662
485.1549192976523;1017.522203846783;2;1;2_1;0.32663494322085757;4;2_1;SR_1_SM_1;0.8860628057735662
491.8045541468864;1017.5239582565636;2;1;2_1;0.3281456861738323;4;2_1;SR_1_SM_1;0.8860628057735662
498.4541889961204;1017.525712666344;2;1;2_1;0.329656429126807;4;2_1;SR_1_SM_1;0.8860628057735662
505.1038238453543;1017.5274670761248;2;1;2_1;0.3311671720797816;4;2_1;SR_1_SM_1;0.8860628057735662
511.7534586945883;1017.5292214859052;2;1;2_1;0.3326779150327563;4;2_1;SR_1_SM_1;0.8860628057735662
518.4030935438223;1017.530975895686;2;1;2_1;0.3341886579857309;4;2_1;SR_1_SM_1;0.8860628057735662
525.0527283930563;1017.5327303054664;2;1;2_1;0.3356994009387056;4;2_1;SR_1_SM_1;0.8860628057735662
531.7023632422903;1017.534484715247;2;1;2_1;0.33721014389168025;4;2_1;SR_1_SM_1;0.8860628057735662
538.3519980915243;1017.5362391250276;2;1;2_1;0.3387208868446549;4;2_1;SR_1_SM_1;0.8860628057735662
545.0016329407583;1017.5379935348084;2;1;2_1;0.3402316297976296;4;2_1;SR_1_SM_1;0.8860628057735662
551.6512677899923;1017.5397479445888;2;1;2_1;0.3417423727506042;4;2_1;SR_1_SM_1;0.8860628057735662
558.3009026392263;1017.5415023543694;2;1;2_1;0.34325311570357886;4;2_1;SR_1_SM_1;0.8860628057735662
564.9505374884602;1017.54325676415;2;1;2_1;0.3447638586565535;4;2_1;SR_1_SM_1;0.8860628057735662
571.6001723376942;1017.5450111739306;2;1;2_1;0.34627460160952817;4;2_1;SR_1_SM_1;0.8860628057735662
578.2498071869283;1017.5467655837112;2;1;2_1;0.3477853445625029;4;2_1;SR_1_SM_1;0.8860628057735662
584.8994420361622;1017.5485199934916;2;1;2_1;0.34929608751547747;4;2_1;SR_1_SM_1;0.8860628057735662
591.5490768853962;1017.5502744032724;2;1;2_1;0.3508068304684522;4;2_1;SR_1_SM_1;0.8860628057735662
598.1987117346303;1017.5520288130527;2;1;2_1;0.35231757342142683;4;2_1;SR_1_SM_1;0.8860628057735662
604.8501009936448;1010.9041483735996;2;1;2_1;0.3544540865947832;4;2_1;SR_1_SM_1;0.8860628057735662
611.4997358428787;1010.90590278338;2;1;2_1;0.3559648295477579;4;2_1;SR_1_SM_1;0.8860628057735662
618.1493706921127;1010.9076571931606;2;1;2_1;0.3574755725007325;4;2_1;SR_1_SM_1;0.8860628057735662
624.7990055413467;1010.9094116029412;2;1;2_1;0.3589863154537071;4;2_1;SR_1_SM_1;0.8860628057735662
631.4486403905807;1010.9111660127218;2;1;2_1;0.3604970584066818;4;2_1;SR_1_SM_1;0.8860628057735662
638.0982752398147;1010.9129204225025;2;1;2_1;0.3620078013596565;4;2_1;SR_1_SM_1;0.8860628057735662
644.7479100890487;1010.9146748322828;2;1;2_1;0.3635185443126311;4;2_1;SR_1_SM_1;0.8860628057735662
651.3992993480633;1004.2667943928296;2;1;2_1;0.3656550574859874;4;2_1;SR_1_SM_1;0.8860628057735662
658.0489341972973;1004.2685488026102;2;1;2_1;0.36716580043896224;4;2_1;SR_1_SM_1;0.8860628057735662
664.7003234563118;997.6206683631568;2;1;2_1;0.3693023136123185;4;2_1;SR_1_SM_1;0.8860628057735662
671.3499583055458;997.6224227729372;2;1;2_1;0.3708130565652932;4;2_1;SR_1_SM_1;0.8860628057735662
678.0013475645603;990.974542333484;2;1;2_1;0.37294956973864946;4;2_1;SR_1_SM_1;0.8860628057735662
684.6509824137944;990.9762967432644;2;1;2_1;0.37446031269162416;4;2_1;SR_1_SM_1;0.8860628057735662
691.3006172630284;990.978051153045;2;1;2_1;0.3759710556445988;4;2_1;SR_1_SM_1;0.8860628057735662
697.9520065220429;984.3301707135917;2;1;2_1;0.3781075688179552;4;2_1;SR_1_SM_1;0.8860628057735662
704.601641371277;984.3319251233722;2;1;2_1;0.3796183117709298;4;2_1;SR_1_SM_1;0.8860628057735662
711.2530306302915;977.6840446839188;2;1;2_1;0.3817548249442862;4;2_1;SR_1_SM_1;0.8860628057735662
717.9026654795255;977.6857990936992;2;1;2_1;0.38326556789726085;4;2_1;SR_1_SM_1;0.8860628057735662
724.55405473854;971.037918654246;2;1;2_1;0.38540208107061713;4;2_1;SR_1_SM_1;0.8860628057735662
731.203689587774;971.0396730640264;2;1;2_1;0.38691282402359184;4;2_1;SR_1_SM_1;0.8860628057735662
737.8550788467886;964.3917926245732;2;1;2_1;0.3890493371969481;4;2_1;SR_1_SM_1;0.8860628057735662
744.5047136960226;964.3935470343536;2;1;2_1;0.3905600801499227;4;2_1;SR_1_SM_1;0.8860628057735662
751.1543485452565;964.3953014441342;2;1;2_1;0.3920708231028974;4;2_1;SR_1_SM_1;0.8860628057735662
757.8057378042712;957.747421004681;2;1;2_1;0.39420733627625376;4;2_1;SR_1_SM_1;0.8860628057735662
764.4571270632857;951.0995405652276;2;1;2_1;0.39634384944961015;4;2_1;SR_1_SM_1;0.8860628057735662
771.1067619125197;951.1012949750082;2;1;2_1;0.3978545924025848;4;2_1;SR_1_SM_1;0.8860628057735662
777.7581511715342;944.4534145355548;2;1;2_1;0.3999911055759411;4;2_1;SR_1_SM_1;0.8860628057735662
784.4095404305489;937.8055340961012;2;1;2_1;0.40212761874929753;5;2_1;SR_0_SM_1;0.7084457478005866
791.0591752797828;937.8072885058818;2;1;2_1;0.4036383617022722;5;2_1;SR_0_SM_1;0.7084457478005866
797.7105645387975;931.1594080664285;2;1;2_1;0.4057748748756285;5;2_1;SR_0_SM_1;0.7084457478005866
797.7123189485782;924.5097732171944;2;1;2_1;0.40728561782860323;5;2_1;SR_0_SM_1;0.7084457478005866
804.3637082075926;917.861892777741;2;1;2_1;0.40942213100195957;5;2_1;SR_0_SM_1;0.7084457478005866
811.0150974666072;911.2140123382876;2;1;2_1;0.41155864417531596;5;2_1;SR_0_SM_1;0.7084457478005866
817.6647323158412;911.2157667480682;2;1;2_1;0.4130693871282906;5;2_1;SR_0_SM_1;0.7084457478005866
824.3161215748556;904.5678863086148;2;1;2_1;0.4152059003016469;5;2_1;SR_0_SM_1;0.7084457478005866
830.9657564240896;904.5696407183954;2;1;2_1;0.41671664325462154;5;2_1;SR_0_SM_1;0.7084457478005866
837.6171456831042;897.921760278942;2;1;2_1;0.41885315642797794;5;2_1;SR_0_SM_1;0.7084457478005866
844.2685349421187;891.2738798394887;2;1;2_1;0.42098966960133427;5;2_1;SR_0_SM_1;0.7084457478005866
850.9199242011333;884.625999400035;2;1;2_1;0.42312618277469066;5;2_1;SR_0_SM_1;0.7084457478005866
857.5695590503675;884.6277538098157;2;1;2_1;0.42463692572766537;5;2_1;SR_0_SM_1;0.7084457478005866
864.2209483093822;877.9798733703622;2;1;2_1;0.42677343890102176;5;2_1;SR_0_SM_1;0.7084457478005866
870.8705831586161;877.9816277801428;2;1;2_1;0.4282841818539964;5;2_1;SR_0_SM_1;0.7084457478005866
877.5219724176305;871.3337473406893;2;1;2_1;0.4304206950273527;5;2_1;SR_0_SM_1;0.7084457478005866
884.1716072668645;871.33550175047;2;1;2_1;0.4319314379803274;5;2_1;SR_0_SM_1;0.7084457478005866
890.8229965258791;864.6876213110165;2;1;2_1;0.43406795115368374;5;2_1;SR_0_SM_1;0.7084457478005866
897.4743857848936;858.0397408715633;2;1;2_1;0.4362044643270401;5;2_1;SR_0_SM_1;0.7084457478005866
904.1257750439084;851.3918604321098;2;1;2_1;0.43834097750039647;5;2_1;SR_0_SM_1;0.7084457478005866
910.7754098931424;851.3936148418904;2;1;2_1;0.4398517204533711;5;2_1;SR_0_SM_1;0.7084457478005866
917.4267991521568;844.7457344024372;2;1;2_1;0.44198823362672746;5;2_1;SR_0_SM_1;0.7084457478005866
924.0764340013908;844.7474888122176;2;1;2_1;0.4434989765797021;5;2_1;SR_0_SM_1;0.7084457478005866
930.7278232604054;838.0996083727644;2;1;2_1;0.4456354897530585;5;2_1;SR_0_SM_1;0.7084457478005866
937.37921251942;831.4517279333108;2;1;2_1;0.44777200292641484;5;2_1;SR_0_SM_1;0.7084457478005866
944.0288473686538;831.4534823430915;2;1;2_1;0.44928274587938943;5;2_1;SR_0_SM_1;0.7084457478005866
950.6802366276684;824.8056019036378;2;1;2_1;0.4514192590527459;5;2_1;SR_0_SM_1;0.7084457478005866
957.3298714769024;824.8073563134185;2;1;2_1;0.45293000200572053;5;2_1;SR_0_SM_1;0.7084457478005866
963.9812607359172;818.159475873965;2;1;2_1;0.45506651517907687;5;2_1;SR_0_SM_1;0.7084457478005866
970.6326499949316;811.5115954345117;2;1;2_1;0.4572030283524332;5;2_1;SR_0_SM_1;0.7084457478005866
977.2822848441656;811.5133498442922;2;1;2_1;0.4587137713054078;5;2_1;SR_0_SM_1;0.7084457478005866
983.93367410318;804.8654694048389;2;1;2_1;0.46085028447876414;5;2_1;SR_0_SM_1;0.7084457478005866
990.583308952414;804.8672238146194;2;1;2_1;0.4623610274317388;5;2_1;SR_0_SM_1;0.7084457478005866
997.232943801648;804.8689782244;2;1;2_1;0.46387177038471344;5;2_1;SR_0_SM_1;0.7084457478005866
1003.8843330606628;798.2210977849466;2;1;2_1;0.46600828355806984;5;2_1;SR_0_SM_1;0.7084457478005866
1010.5339679098968;798.2228521947272;2;1;2_1;0.46751902651104454;5;2_1;SR_0_SM_1;0.7084457478005866
1017.1836027591308;798.2246066045079;2;1;2_1;0.46902976946401925;5;2_1;SR_0_SM_1;0.7084457478005866
1023.8349920181452;791.5767261650544;2;1;2_1;0.4711662826373756;5;2_1;SR_0_SM_1;0.7084457478005866
1030.4846268673791;791.5784805748351;2;1;2_1;0.4726770255903503;5;2_1;SR_0_SM_1;0.7084457478005866
1037.136016126394;784.9306001353816;2;1;2_1;0.4748135387637066;5;2_1;SR_0_SM_1;0.7084457478005866
1043.785650975628;784.9323545451623;2;1;2_1;0.4763242817166813;5;2_1;SR_0_SM_1;0.7084457478005866
1050.4370402346424;778.2844741057086;2;1;2_1;0.4784607948900376;5;2_1;SR_0_SM_1;0.7084457478005866
1057.0866750838763;778.2862285154893;2;1;2_1;0.47997153784301233;5;2_1;SR_0_SM_1;0.7084457478005866
1063.738064342891;771.6383480760358;2;1;2_1;0.4821080510163686;5;2_1;SR_0_SM_1;0.7084457478005866
1070.3876991921252;771.6401024858164;2;1;2_1;0.4836187939693433;5;2_1;SR_0_SM_1;0.7084457478005866
1077.0373340413591;771.6418568955969;2;1;2_1;0.485129536922318;5;2_1;SR_0_SM_1;0.7084457478005866
1083.686968890593;771.6436113053776;2;1;2_1;0.48664027987529274;5;2_1;SR_0_SM_1;0.7084457478005866
1090.336603739827;771.645365715158;2;1;2_1;0.48815102282826744;5;2_1;SR_0_SM_1;0.7084457478005866
1096.9879929988415;764.9974852757048;2;1;2_1;0.4902875360016238;5;2_1;SR_0_SM_1;0.7084457478005866
1103.6376278480757;764.9992396854852;2;1;2_1;0.49179827895459843;5;2_1;SR_0_SM_1;0.7084457478005866
1110.28901710709;758.351359246032;2;1;2_1;0.49393479212795466;5;2_1;SR_0_SM_1;0.7084457478005866
1116.9386519563243;758.3531136558126;2;1;2_1;0.49544553508092937;5;2_1;SR_0_SM_1;0.7084457478005866
1123.5882868055585;758.3548680655931;2;1;2_1;0.4969562780339041;5;2_1;SR_0_SM_1;0.7084457478005866
1130.2379216547922;758.3566224753738;2;1;2_1;0.4984670209868788;5;2_1;SR_0_SM_1;0.7084457478005866
1136.8875565040262;758.3583768851543;2;1;2_1;0.4999777639398534;5;2_1;SR_0_SM_1;0.7084457478005866
1143.5389457630408;751.710496445701;2;1;2_1;0.5021142771132097;6;2_1;SR_1_SM_1;0.6862712149218619
1150.1885806122748;751.7122508554814;2;1;2_1;0.5036250200661844;6;2_1;SR_1_SM_1;0.6862712149218619
1156.8382154615088;751.7140052652621;2;1;2_1;0.5051357630191591;6;2_1;SR_1_SM_1;0.6862712149218619
1163.4878503107427;751.7157596750426;2;1;2_1;0.5066465059721338;6;2_1;SR_1_SM_1;0.6862712149218619
1170.137485159977;751.7175140848233;2;1;2_1;0.5081572489251085;6;2_1;SR_1_SM_1;0.6862712149218619
1176.7871200092109;751.7192684946037;2;1;2_1;0.509667991878083;6;2_1;SR_1_SM_1;0.6862712149218619
1183.4367548584448;751.7210229043844;2;1;2_1;0.5111787348310577;6;2_1;SR_1_SM_1;0.6862712149218619
1190.0863897076788;751.7227773141649;2;1;2_1;0.5126894777840324;6;2_1;SR_1_SM_1;0.6862712149218619
1196.7360245569128;751.7245317239456;2;1;2_1;0.5142002207370071;6;2_1;SR_1_SM_1;0.6862712149218619
1203.3874138159272;745.0766512844921;2;1;2_1;0.5163367339103634;6;2_1;SR_1_SM_1;0.6862712149218619
1210.0370486651611;745.0784056942728;2;1;2_1;0.517847476863338;6;2_1;SR_1_SM_1;0.6862712149218619
1216.686683514395;745.0801601040532;2;1;2_1;0.5193582198163127;6;2_1;SR_1_SM_1;0.6862712149218619
1223.3363183636293;745.0819145138339;2;1;2_1;0.5208689627692874;6;2_1;SR_1_SM_1;0.6862712149218619
1229.9859532128633;745.0836689236146;2;1;2_1;0.522379705722262;6;2_1;SR_1_SM_1;0.6862712149218619
1236.6355880620972;745.085423333395;2;1;2_1;0.5238904486752367;6;2_1;SR_1_SM_1;0.6862712149218619
1243.2852229113312;745.0871777431757;2;1;2_1;0.5254011916282114;6;2_1;SR_1_SM_1;0.6862712149218619
1249.9348577605651;745.0889321529562;2;1;2_1;0.526911934581186;6;2_1;SR_1_SM_1;0.6862712149218619
1256.584492609799;745.0906865627369;2;1;2_1;0.5284226775341607;6;2_1;SR_1_SM_1;0.6862712149218619
1263.234127459033;745.0924409725174;2;1;2_1;0.5299334204871353;6;2_1;SR_1_SM_1;0.6862712149218619
1269.883762308267;745.094195382298;2;1;2_1;0.53144416344011;6;2_1;SR_1_SM_1;0.6862712149218619
1276.533397157501;745.0959497920785;2;1;2_1;0.5329549063930846;6;2_1;SR_1_SM_1;0.6862712149218619
1283.1830320067352;745.0977042018592;2;1;2_1;0.5344656493460593;6;2_1;SR_1_SM_1;0.6862712149218619
1289.8326668559691;745.0994586116396;2;1;2_1;0.535976392299034;6;2_1;SR_1_SM_1;0.6862712149218619
1296.4805472954226;751.7508478706543;2;1;2_1;0.5381129054723904;6;2_1;SR_1_SM_1;0.6862712149218619
1303.1301821446566;751.7526022804348;2;1;2_1;0.539623648425365;6;2_1;SR_1_SM_1;0.6862712149218619
1309.7798169938906;751.7543566902154;2;1;2_1;0.5411343913783397;6;2_1;SR_1_SM_1;0.6862712149218619
1316.4294518431243;751.7561110999959;2;1;2_1;0.5426451343313143;6;2_1;SR_1_SM_1;0.6862712149218619
1323.0790866923585;751.7578655097766;2;1;2_1;0.544155877284289;6;2_1;SR_1_SM_1;0.6862712149218619
1329.726967131812;758.4092547687912;2;1;2_1;0.5462923904576453;6;2_1;SR_1_SM_1;0.6862712149218619
1336.376601981046;758.4110091785717;2;1;2_1;0.54780313341062;6;2_1;SR_1_SM_1;0.6862712149218619
1343.02623683028;758.4127635883524;2;1;2_1;0.5493138763635947;6;2_1;SR_1_SM_1;0.6862712149218619
1349.675871679514;758.4145179981329;2;1;2_1;0.5508246193165695;6;2_1;SR_1_SM_1;0.6862712149218619
1356.3255065287478;758.4162724079135;2;1;2_1;0.552335362269544;6;2_1;SR_1_SM_1;0.6862712149218619
1362.973386968201;765.067661666928;2;1;2_1;0.5544718754429003;6;2_1;SR_1_SM_1;0.6862712149218619
1369.6212674076546;771.7190509259426;2;1;2_1;0.5566083886162567;6;2_1;SR_1_SM_1;0.6862712149218619
1376.2709022568886;771.7208053357231;2;1;2_1;0.5581191315692314;6;2_1;SR_1_SM_1;0.6862712149218619
1382.918782696342;778.3721945947377;2;1;2_1;0.5602556447425877;6;2_1;SR_1_SM_1;0.6862712149218619
1389.5666631357956;785.0235838537524;2;1;2_1;0.5623921579159441;6;2_1;SR_1_SM_1;0.6862712149218619
1396.2145435752489;791.674973112767;2;1;2_1;0.5645286710893005;6;2_1;SR_1_SM_1;0.6862712149218619
1402.8624240147024;798.3263623717814;2;1;2_1;0.5666651842626568;6;2_1;SR_1_SM_1;0.6862712149218619
1409.5103044541556;804.9777516307961;2;1;2_1;0.5688016974360132;6;2_1;SR_1_SM_1;0.6862712149218619
1416.1581848936091;811.6291408898105;2;1;2_1;0.5709382106093697;6;2_1;SR_1_SM_1;0.6862712149218619
1416.1564304838284;818.2787757390445;2;1;2_1;0.5724489535623442;6;2_1;SR_1_SM_1;0.6862712149218619
1422.804310923282;824.9301649980591;2;1;2_1;0.5745854667357007;6;2_1;SR_1_SM_1;0.6862712149218619
1422.8025565135013;831.5797998472933;2;1;2_1;0.5760962096886754;6;2_1;SR_1_SM_1;0.6862712149218619
1422.8008021037208;838.2294346965273;2;1;2_1;0.5776069526416499;6;2_1;SR_1_SM_1;0.6862712149218619
1429.448682543174;844.8808239555417;2;1;2_1;0.5797434658150062;6;2_1;SR_1_SM_1;0.6862712149218619
1429.4469281333936;851.5304588047757;2;1;2_1;0.5812542087679808;6;2_1;SR_1_SM_1;0.6862712149218619
1429.445173723613;858.1800936540096;2;1;2_1;0.5827649517209555;6;2_1;SR_1_SM_1;0.6862712149218619
1429.4434193138325;864.8297285032436;2;1;2_1;0.5842756946739303;6;2_1;SR_1_SM_1;0.6862712149218619
1429.4416649040518;871.4793633524775;2;1;2_1;0.5857864376269049;6;2_1;SR_1_SM_1;0.6862712149218619
1436.0895453435055;878.1307526114922;2;1;2_1;0.5879229508002612;6;2_1;SR_1_SM_1;0.6862712149218619
1436.0877909337248;884.7803874607262;2;1;2_1;0.589433693753236;6;2_1;SR_1_SM_1;0.6862712149218619
1436.086036523944;891.4300223099603;2;1;2_1;0.5909444367062107;6;2_1;SR_1_SM_1;0.6862712149218619
1436.0842821141637;898.0796571591943;2;1;2_1;0.5924551796591854;6;2_1;SR_1_SM_1;0.6862712149218619
1429.4328928551488;904.7275375986476;2;1;2_1;0.5945916928325418;6;2_1;SR_1_SM_1;0.6862712149218619
1429.4311384453683;911.3771724478815;2;1;2_1;0.5961024357855164;6;2_1;SR_1_SM_1;0.6862712149218619
1429.4293840355876;918.0268072971156;2;1;2_1;0.5976131787384911;6;2_1;SR_1_SM_1;0.6862712149218619
1429.4276296258072;924.6764421463496;2;1;2_1;0.5991239216914658;6;2_1;SR_1_SM_1;0.6862712149218619
1429.4258752160265;931.3260769955835;2;1;2_1;0.6006346646444403;7;2_1;SR_0_SM_1;0.7562456278209538
1422.774485957012;937.973957435037;2;1;2_1;0.6027711778177968;7;2_1;SR_0_SM_1;0.7562456278209538
1422.7727315472314;944.623592284271;2;1;2_1;0.6042819207707714;7;2_1;SR_0_SM_1;0.7562456278209538
1422.770977137451;951.2732271335052;2;1;2_1;0.6057926637237461;7;2_1;SR_0_SM_1;0.7562456278209538
1416.1195878784365;957.9211075729584;2;1;2_1;0.6079291768971024;7;2_1;SR_0_SM_1;0.7562456278209538
1409.468198619422;964.568988012412;2;1;2_1;0.6100656900704587;7;2_1;SR_0_SM_1;0.7562456278209538
1409.4664442096412;971.2186228616458;2;1;2_1;0.6115764330234333;7;2_1;SR_0_SM_1;0.7562456278209538
1409.4646897998607;977.8682577108798;2;1;2_1;0.613087175976408;7;2_1;SR_0_SM_1;0.7562456278209538
1402.813300540846;984.5161381503332;2;1;2_1;0.6152236891497644;7;2_1;SR_0_SM_1;0.7562456278209538
1396.1619112818314;991.1640185897868;2;1;2_1;0.6173602023231208;7;2_1;SR_0_SM_1;0.7562456278209538
1396.160156872051;997.8136534390206;2;1;2_1;0.6188709452760954;7;2_1;SR_0_SM_1;0.7562456278209538
1389.5087676130363;1004.461533878474;2;1;2_1;0.6210074584494517;7;2_1;SR_0_SM_1;0.7562456278209538
1382.8573783540216;1011.1094143179276;2;1;2_1;0.6231439716228082;7;2_1;SR_0_SM_1;0.7562456278209538
1382.855623944241;1017.7590491671616;2;1;2_1;0.6246547145757828;7;2_1;SR_0_SM_1;0.7562456278209538
1376.2042346852263;1024.4069296066148;2;1;2_1;0.6267912277491391;7;2_1;SR_0_SM_1;0.7562456278209538
1369.552845426212;1031.054810046068;2;1;2_1;0.6289277409224954;7;2_1;SR_0_SM_1;0.7562456278209538
1362.9014561671977;1037.7026904855218;2;1;2_1;0.6310642540958518;7;2_1;SR_0_SM_1;0.7562456278209538
1356.2500669081828;1044.350570924975;2;1;2_1;0.6332007672692082;7;2_1;SR_0_SM_1;0.7562456278209538
1349.5986776491684;1050.9984513644283;2;1;2_1;0.6353372804425644;7;2_1;SR_0_SM_1;0.7562456278209538
1342.9472883901535;1057.646331803882;2;1;2_1;0.6374737936159209;7;2_1;SR_0_SM_1;0.7562456278209538
1336.295899131139;1064.294212243335;2;1;2_1;0.6396103067892772;7;2_1;SR_0_SM_1;0.7562456278209538
1329.644509872125;1070.9420926827886;2;1;2_1;0.6417468199626335;7;2_1;SR_0_SM_1;0.7562456278209538
1322.99312061311;1077.589973122242;2;1;2_1;0.64388333313599;7;2_1;SR_0_SM_1;0.7562456278209538
1316.3417313540954;1084.2378535616956;2;1;2_1;0.6460198463093463;7;2_1;SR_0_SM_1;0.7562456278209538
1309.6903420950807;1090.8857340011489;2;1;2_1;0.6481563594827027;7;2_1;SR_0_SM_1;0.7562456278209538
1303.0389528360663;1097.5336144406024;2;1;2_1;0.6502928726560591;7;2_1;SR_0_SM_1;0.7562456278209538
1296.3893179868323;1097.5318600308217;2;1;2_1;0.6518036156090337;7;2_1;SR_0_SM_1;0.7562456278209538
1289.7379287278177;1104.1797404702752;2;1;2_1;0.65394012878239;7;2_1;SR_0_SM_1;0.7562456278209538
1283.0865394688033;1110.8276209097287;2;1;2_1;0.6560766419557463;7;2_1;SR_0_SM_1;0.7562456278209538
1276.4351502097884;1117.475501349182;2;1;2_1;0.6582131551291028;7;2_1;SR_0_SM_1;0.7562456278209538
1269.783760950774;1124.1233817886352;2;1;2_1;0.6603496683024591;7;2_1;SR_0_SM_1;0.7562456278209538
1263.132371691759;1130.7712622280887;2;1;2_1;0.6624861814758155;7;2_1;SR_0_SM_1;0.7562456278209538
1256.480982432745;1137.4191426675422;2;1;2_1;0.6646226946491719;7;2_1;SR_0_SM_1;0.7562456278209538
1249.831347583511;1137.4173882577616;2;1;2_1;0.6661334376021465;7;2_1;SR_0_SM_1;0.7562456278209538
1243.1799583244965;1144.065268697215;2;1;2_1;0.6682699507755028;7;2_1;SR_0_SM_1;0.7562456278209538
1236.528569065482;1150.7131491366683;2;1;2_1;0.670406463948859;7;2_1;SR_0_SM_1;0.7562456278209538
1229.8771798064672;1157.3610295761218;2;1;2_1;0.6725429771222156;7;2_1;SR_0_SM_1;0.7562456278209538
1223.2257905474528;1164.008910015575;2;1;2_1;0.6746794902955718;7;2_1;SR_0_SM_1;0.7562456278209538
1216.5761556982186;1164.0071556057949;2;1;2_1;0.6761902332485465;7;2_1;SR_0_SM_1;0.7562456278209538
1209.924766439204;1170.6550360452482;2;1;2_1;0.6783267464219028;7;2_1;SR_0_SM_1;0.7562456278209538
1203.2733771801895;1177.3029164847014;2;1;2_1;0.6804632595952592;7;2_1;SR_0_SM_1;0.7562456278209538
1196.6219879211749;1183.950796924155;2;1;2_1;0.6825997727686155;7;2_1;SR_0_SM_1;0.7562456278209538
1189.9705986621605;1190.5986773636084;2;1;2_1;0.6847362859419718;7;2_1;SR_0_SM_1;0.7562456278209538
1183.3192094031458;1197.2465578030617;2;1;2_1;0.6868727991153282;7;2_1;SR_0_SM_1;0.7562456278209538
1176.6678201441312;1203.8944382425152;2;1;2_1;0.6890093122886846;7;2_1;SR_0_SM_1;0.7562456278209538
1170.018185294897;1203.8926838327343;2;1;2_1;0.6905200552416593;7;2_1;SR_0_SM_1;0.7562456278209538
1163.3667960358823;1210.5405642721878;2;1;2_1;0.6926565684150157;7;2_1;SR_0_SM_1;0.7562456278209538
1156.7171611866486;1210.538809862407;2;1;2_1;0.6941673113679901;7;2_1;SR_0_SM_1;0.7562456278209538
1150.065771927634;1217.1866903018608;2;1;2_1;0.6963038245413466;7;2_1;SR_0_SM_1;0.7562456278209538
1143.4143826686195;1223.8345707413143;2;1;2_1;0.698440337714703;7;2_1;SR_0_SM_1;0.7562456278209538
1136.7629934096049;1230.4824511807676;2;1;2_1;0.7005768508880593;8;2_1;SR_1_SM_0;0.9127818093855828
1130.113358560371;1230.4806967709872;2;1;2_1;0.702087593841034;8;2_1;SR_1_SM_0;0.9127818093855828
1123.4619693013565;1237.1285772104404;2;1;2_1;0.7042241070143903;8;2_1;SR_1_SM_0;0.9127818093855828
1116.8105800423418;1243.7764576498937;2;1;2_1;0.7063606201877467;8;2_1;SR_1_SM_0;0.9127818093855828
1110.1591907833272;1250.4243380893474;2;1;2_1;0.708497133361103;8;2_1;SR_1_SM_0;0.9127818093855828
1103.5078015243123;1257.0722185288007;2;1;2_1;0.7106336465344594;8;2_1;SR_1_SM_0;0.9127818093855828
1096.8581666750786;1257.0704641190202;2;1;2_1;0.712144389487434;8;2_1;SR_1_SM_0;0.9127818093855828
1090.206777416064;1263.7183445584735;2;1;2_1;0.7142809026607904;8;2_1;SR_1_SM_0;0.9127818093855828
1083.5571425668302;1263.716590148693;2;1;2_1;0.7157916456137651;8;2_1;SR_1_SM_0;0.9127818093855828
1076.9057533078155;1270.3644705881463;2;1;2_1;0.7179281587871214;8;2_1;SR_1_SM_0;0.9127818093855828
1076.903998898035;1277.0141054373803;2;1;2_1;0.7194389017400961;8;2_1;SR_1_SM_0;0.9127818093855828
1070.2526096390204;1283.6619858768338;2;1;2_1;0.7215754149134523;8;2_1;SR_1_SM_0;0.9127818093855828
1063.6012203800058;1290.309866316287;2;1;2_1;0.7237119280868087;8;2_1;SR_1_SM_0;0.9127818093855828
1063.599465970225;1296.959501165521;2;1;2_1;0.7252226710397834;8;2_1;SR_1_SM_0;0.9127818093855828
1056.9480767112104;1303.6073816049743;2;1;2_1;0.7273591842131397;8;2_1;SR_1_SM_0;0.9127818093855828
1050.296687452196;1310.2552620444278;2;1;2_1;0.729495697386496;8;2_1;SR_1_SM_0;0.9127818093855828
1043.6452981931814;1316.9031424838813;2;1;2_1;0.7316322105598525;8;2_1;SR_1_SM_0;0.9127818093855828
1036.993908934167;1323.5510229233348;2;1;2_1;0.7337687237332088;8;2_1;SR_1_SM_0;0.9127818093855828
1030.3425196751523;1330.198903362788;2;1;2_1;0.7359052369065651;8;2_1;SR_1_SM_0;0.9127818093855828
1023.6911304161378;1336.8467838022416;2;1;2_1;0.7380417500799216;8;2_1;SR_1_SM_0;0.9127818093855828
1023.6893760063572;1343.4964186514756;2;1;2_1;0.7395524930328962;8;2_1;SR_1_SM_0;0.9127818093855828
1023.6876215965766;1350.1460535007095;2;1;2_1;0.7410632359858708;8;2_1;SR_1_SM_0;0.9127818093855828
1017.036232337562;1356.793933940163;2;1;2_1;0.7431997491592272;8;2_1;SR_1_SM_0;0.9127818093855828
1010.3848430785476;1363.4418143796163;2;1;2_1;0.7453362623325834;8;2_1;SR_1_SM_0;0.9127818093855828
1010.3830886687668;1370.0914492288505;2;1;2_1;0.7468470052855581;8;2_1;SR_1_SM_0;0.9127818093855828
1010.3813342589864;1376.7410840780844;2;1;2_1;0.748357748238533;8;2_1;SR_1_SM_0;0.9127818093855828
1010.3795798492056;1383.3907189273184;2;1;2_1;0.7498684911915076;8;2_1;SR_1_SM_0;0.9127818093855828
1003.728190590191;1390.0385993667717;2;1;2_1;0.7520050043648638;8;2_1;SR_1_SM_0;0.9127818093855828
1003.7264361804104;1396.688234216006;2;1;2_1;0.7535157473178387;8;2_1;SR_1_SM_0;0.9127818093855828
1003.7246817706296;1403.3378690652396;2;1;2_1;0.7550264902708131;8;2_1;SR_1_SM_0;0.9127818093855828
997.0732925116153;1409.985749504693;2;1;2_1;0.7571630034441695;8;2_1;SR_1_SM_0;0.9127818093855828
997.0715381018346;1416.635384353927;2;1;2_1;0.7586737463971442;8;2_1;SR_1_SM_0;0.9127818093855828
997.069783692054;1423.2850192031613;2;1;2_1;0.760184489350119;8;2_1;SR_1_SM_0;0.9127818093855828
997.0680292822734;1429.9346540523952;2;1;2_1;0.7616952323030937;8;2_1;SR_1_SM_0;0.9127818093855828
997.066274872493;1436.5842889016292;2;1;2_1;0.7632059752560683;8;2_1;SR_1_SM_0;0.9127818093855828
997.0645204627124;1443.2339237508631;2;1;2_1;0.7647167182090429;8;2_1;SR_1_SM_0;0.9127818093855828
997.0627660529318;1449.883558600097;2;1;2_1;0.7662274611620176;8;2_1;SR_1_SM_0;0.9127818093855828
997.0610116431512;1456.533193449331;2;1;2_1;0.7677382041149922;8;2_1;SR_1_SM_0;0.9127818093855828
997.0592572333708;1463.182828298565;2;1;2_1;0.7692489470679668;8;2_1;SR_1_SM_0;0.9127818093855828
990.407867974356;1469.8307087380183;2;1;2_1;0.7713854602413233;8;2_1;SR_1_SM_0;0.9127818093855828
990.4061135645755;1476.4803435872525;2;1;2_1;0.772896203194298;8;2_1;SR_1_SM_0;0.9127818093855828
990.4043591547947;1483.1299784364865;2;1;2_1;0.7744069461472726;8;2_1;SR_1_SM_0;0.9127818093855828
997.0522395942484;1489.781367695501;2;1;2_1;0.776543459320629;8;2_1;SR_1_SM_0;0.9127818093855828
997.0504851844676;1496.431002544735;2;1;2_1;0.7780542022736036;8;2_1;SR_1_SM_0;0.9127818093855828
997.0487307746872;1503.080637393969;2;1;2_1;0.7795649452265783;8;2_1;SR_1_SM_0;0.9127818093855828
997.0469763649064;1509.730272243203;2;1;2_1;0.7810756881795529;8;2_1;SR_1_SM_0;0.9127818093855828
997.0452219551258;1516.3799070924372;2;1;2_1;0.7825864311325276;8;2_1;SR_1_SM_0;0.9127818093855828
997.0434675453454;1523.029541941671;2;1;2_1;0.7840971740855022;8;2_1;SR_1_SM_0;0.9127818093855828
997.0417131355648;1529.679176790905;2;1;2_1;0.7856079170384769;8;2_1;SR_1_SM_0;0.9127818093855828
1003.6895935750182;1536.3305660499195;2;1;2_1;0.7877444302118333;8;2_1;SR_1_SM_0;0.9127818093855828
1003.6878391652376;1542.9802008991535;2;1;2_1;0.7892551731648079;8;2_1;SR_1_SM_0;0.9127818093855828
1003.686084755457;1549.6298357483877;2;1;2_1;0.7907659161177826;8;2_1;SR_1_SM_0;0.9127818093855828
1010.3339651949104;1556.281225007402;2;1;2_1;0.7929024292911389;8;2_1;SR_1_SM_0;0.9127818093855828
1010.33221078513;1562.930859856636;2;1;2_1;0.7944131722441136;8;2_1;SR_1_SM_0;0.9127818093855828
1010.3304563753494;1569.5804947058705;2;1;2_1;0.7959239151970883;8;2_1;SR_1_SM_0;0.9127818093855828
1010.3287019655688;1576.230129555104;2;1;2_1;0.7974346581500629;8;2_1;SR_1_SM_0;0.9127818093855828
1016.9765824050222;1582.8815188141186;2;1;2_1;0.7995711713234193;8;2_1;SR_1_SM_0;0.9127818093855828
1023.6244628444756;1589.5329080731333;2;1;2_1;0.8017076844967755;9;2_1;SR_1_SM_0;0.9572331302189123
1030.272343283929;1596.184297332148;2;1;2_1;0.803844197670132;9;2_1;SR_1_SM_0;0.9572331302189123
1036.9202237233826;1602.8356865911624;2;1;2_1;0.8059807108434884;9;2_1;SR_1_SM_0;0.9572331302189123
1036.918469313602;1609.4853214403963;2;1;2_1;0.807491453796463;9;2_1;SR_1_SM_0;0.9572331302189123
1043.5663497530552;1616.136710699411;2;1;2_1;0.8096279669698194;9;2_1;SR_1_SM_0;0.9572331302189123
1050.2142301925087;1622.7880999584256;2;1;2_1;0.8117644801431757;9;2_1;SR_1_SM_0;0.9572331302189123
1056.862110631962;1629.43948921744;2;1;2_1;0.8139009933165321;9;2_1;SR_1_SM_0;0.9572331302189123
1063.5099910714157;1636.0908784764547;2;1;2_1;0.8160375064898884;9;2_1;SR_1_SM_0;0.9572331302189123
1070.157871510869;1642.742267735469;2;1;2_1;0.8181740196632447;9;2_1;SR_1_SM_0;0.9572331302189123
1076.8057519503225;1649.3936569944838;2;1;2_1;0.8203105328366012;9;2_1;SR_1_SM_0;0.9572331302189123
1083.4536323897755;1656.0450462534984;2;1;2_1;0.8224470460099573;9;2_1;SR_1_SM_0;0.9572331302189123
1090.1015128292293;1662.6964355125128;2;1;2_1;0.8245835591833138;9;2_1;SR_1_SM_0;0.9572331302189123
1096.7511476784632;1662.6981899222935;2;1;2_1;0.8260943021362884;9;2_1;SR_1_SM_0;0.9572331302189123
1103.3990281179165;1669.3495791813082;2;1;2_1;0.8282308153096448;9;2_1;SR_1_SM_0;0.9572331302189123
1110.0486629671504;1669.3513335910886;2;1;2_1;0.8297415582626194;9;2_1;SR_1_SM_0;0.9572331302189123
1116.6965434066042;1676.0027228501033;2;1;2_1;0.8318780714359759;9;2_1;SR_1_SM_0;0.9572331302189123
1123.346178255838;1676.0044772598835;2;1;2_1;0.8333888143889506;9;2_1;SR_1_SM_0;0.9572331302189123
1129.9940586952914;1682.6558665188984;2;1;2_1;0.8355253275623069;9;2_1;SR_1_SM_0;0.9572331302189123
1136.641939134745;1689.307255777913;2;1;2_1;0.8376618407356633;9;2_1;SR_1_SM_0;0.9572331302189123
1143.2915739839789;1689.3090101876935;2;1;2_1;0.8391725836886379;9;2_1;SR_1_SM_0;0.9572331302189123
1149.9394544234322;1695.9603994467082;2;1;2_1;0.8413090968619943;9;2_1;SR_1_SM_0;0.9572331302189123
1156.589089272666;1695.9621538564886;2;1;2_1;0.842819839814969;9;2_1;SR_1_SM_0;0.9572331302189123
1163.2369697121196;1702.6135431155033;2;1;2_1;0.8449563529883253;9;2_1;SR_1_SM_0;0.9572331302189123
1169.8866045613536;1702.615297525284;2;1;2_1;0.8464670959413;9;2_1;SR_1_SM_0;0.9572331302189123
1176.534485000807;1709.2666867842984;2;1;2_1;0.8486036091146563;9;2_1;SR_1_SM_0;0.9572331302189123
1183.184119850041;1709.268441194079;2;1;2_1;0.850114352067631;9;2_1;SR_1_SM_0;0.9572331302189123
1189.8320002894943;1715.9198304530937;2;1;2_1;0.8522508652409874;9;2_1;SR_1_SM_0;0.9572331302189123
1196.4816351387285;1715.9215848628742;2;1;2_1;0.8537616081939621;9;2_1;SR_1_SM_0;0.9572331302189123
1203.1295155781818;1722.5729741218888;2;1;2_1;0.8558981213673184;9;2_1;SR_1_SM_0;0.9572331302189123
1209.7791504274155;1722.5747285316693;2;1;2_1;0.8574088643202931;9;2_1;SR_1_SM_0;0.9572331302189123
1216.4287852766497;1722.57648294145;2;1;2_1;0.8589196072732678;9;2_1;SR_1_SM_0;0.9572331302189123
1223.0766657161032;1729.2278722004644;2;1;2_1;0.861056120446624;9;2_1;SR_1_SM_0;0.9572331302189123
1229.7263005653372;1729.229626610245;2;1;2_1;0.8625668633995988;9;2_1;SR_1_SM_0;0.9572331302189123
1236.3759354145711;1729.2313810200255;2;1;2_1;0.8640776063525734;9;2_1;SR_1_SM_0;0.9572331302189123
1243.025570263805;1729.2331354298062;2;1;2_1;0.865588349305548;9;2_1;SR_1_SM_0;0.9572331302189123
1249.6734507032586;1735.8845246888209;2;1;2_1;0.8677248624789043;9;2_1;SR_1_SM_0;0.9572331302189123
1256.3230855524926;1735.886279098601;2;1;2_1;0.8692356054318789;9;2_1;SR_1_SM_0;0.9572331302189123
1262.9709659919458;1742.537668357616;2;1;2_1;0.8713721186052354;9;2_1;SR_1_SM_0;0.9572331302189123
1269.6206008411798;1742.5394227673964;2;1;2_1;0.87288286155821;9;2_1;SR_1_SM_0;0.9572331302189123
1276.2702356904138;1742.5411771771771;2;1;2_1;0.8743936045111848;9;2_1;SR_1_SM_0;0.9572331302189123
1282.919870539648;1742.5429315869576;2;1;2_1;0.8759043474641593;9;2_1;SR_1_SM_0;0.9572331302189123
1289.5677509791014;1749.1943208459722;2;1;2_1;0.8780408606375159;9;2_1;SR_1_SM_0;0.9572331302189123
1296.2173858283354;1749.196075255753;2;1;2_1;0.8795516035904906;9;2_1;SR_1_SM_0;0.9572331302189123
1302.865266267789;1755.8474645147674;2;1;2_1;0.8816881167638468;9;2_1;SR_1_SM_0;0.9572331302189123
1309.5149011170226;1755.849218924548;2;1;2_1;0.8831988597168214;9;2_1;SR_1_SM_0;0.9572331302189123
1316.1645359662566;1755.8509733343285;2;1;2_1;0.8847096026697961;9;2_1;SR_1_SM_0;0.9572331302189123
1322.8141708154906;1755.8527277441092;2;1;2_1;0.8862203456227707;9;2_1;SR_1_SM_0;0.9572331302189123
1329.4638056647248;1755.8544821538896;2;1;2_1;0.8877310885757455;9;2_1;SR_1_SM_0;0.9572331302189123
1336.1134405139587;1755.8562365636703;2;1;2_1;0.8892418315287202;9;2_1;SR_1_SM_0;0.9572331302189123
1342.7613209534122;1762.507625822685;2;1;2_1;0.8913783447020764;9;2_1;SR_1_SM_0;0.9572331302189123
1349.4109558026462;1762.5093802324654;2;1;2_1;0.8928890876550512;9;2_1;SR_1_SM_0;0.9572331302189123
1356.0588362420997;1769.16076949148;2;1;2_1;0.8950256008284075;9;2_1;SR_1_SM_0;0.9572331302189123
1362.7084710913334;1769.1625239012606;2;1;2_1;0.8965363437813821;9;2_1;SR_1_SM_0;0.9572331302189123
1369.3581059405674;1769.1642783110412;2;1;2_1;0.8980470867343567;9;2_1;SR_1_SM_0;0.9572331302189123
1376.0077407898011;1769.1660327208217;2;1;2_1;0.8995578296873313;9;2_1;SR_1_SM_0;0.9572331302189123
1382.6573756390353;1769.1677871306024;2;1;2_1;0.901068572640306;10;2_1;SR_0_SM_0;1.0
1389.3070104882695;1769.1695415403829;2;1;2_1;0.9025793155932809;10;2_1;SR_0_SM_0;1.0
1395.9566453375037;1769.1712959501635;2;1;2_1;0.9040900585462556;10;2_1;SR_0_SM_0;1.0
1402.604525776957;1775.8226852091782;2;1;2_1;0.906226571719612;10;2_1;SR_0_SM_0;1.0
1409.254160626191;1775.8244396189586;2;1;2_1;0.9077373146725864;10;2_1;SR_0_SM_0;1.0
1415.9037954754249;1775.826194028739;2;1;2_1;0.9092480576255612;10;2_1;SR_0_SM_0;1.0
1422.5534303246588;1775.8279484385198;2;1;2_1;0.9107588005785358;10;2_1;SR_0_SM_0;1.0
1429.2030651738928;1775.8297028483005;2;1;2_1;0.9122695435315105;10;2_1;SR_0_SM_0;1.0
1435.852700023127;1775.831457258081;2;1;2_1;0.9137802864844852;10;2_1;SR_0_SM_0;1.0
1442.502334872361;1775.8332116678616;2;1;2_1;0.9152910294374599;10;2_1;SR_0_SM_0;1.0
1449.1502153118142;1782.484600926876;2;1;2_1;0.9174275426108163;10;2_1;SR_0_SM_0;1.0
1455.7998501610482;1782.4863553366567;2;1;2_1;0.9189382855637909;10;2_1;SR_0_SM_0;1.0
1462.4494850102822;1782.4881097464374;2;1;2_1;0.9204490285167656;10;2_1;SR_0_SM_0;1.0
1469.0973654497357;1789.139499005452;2;1;2_1;0.9225855416901219;10;2_1;SR_0_SM_0;1.0
1475.7470002989696;1789.1412534152323;2;1;2_1;0.9240962846430966;10;2_1;SR_0_SM_0;1.0
1482.3966351482036;1789.143007825013;2;1;2_1;0.9256070275960712;10;2_1;SR_0_SM_0;1.0
1489.0462699974375;1789.1447622347937;2;1;2_1;0.9271177705490459;10;2_1;SR_0_SM_0;1.0
1495.6959048466715;1789.146516644574;2;1;2_1;0.9286285135020206;10;2_1;SR_0_SM_0;1.0
1502.3455396959057;1789.1482710543548;2;1;2_1;0.9301392564549953;10;2_1;SR_0_SM_0;1.0
1508.9951745451397;1789.1500254641353;2;1;2_1;0.9316499994079698;10;2_1;SR_0_SM_0;1.0
1515.6448093943736;1789.151779873916;2;1;2_1;0.9331607423609445;10;2_1;SR_0_SM_0;1.0
1522.2944442436076;1789.153534283697;2;1;2_1;0.9346714853139192;10;2_1;SR_0_SM_0;1.0
1528.9440790928415;1789.1552886934771;2;1;2_1;0.9361822282668939;10;2_1;SR_0_SM_0;1.0
1535.5937139420755;1789.1570431032576;2;1;2_1;0.9376929712198685;10;2_1;SR_0_SM_0;1.0
1542.2433487913097;1789.1587975130385;2;1;2_1;0.9392037141728432;10;2_1;SR_0_SM_0;1.0
1548.8929836405437;1789.160551922819;2;1;2_1;0.9407144571258177;10;2_1;SR_0_SM_0;1.0
1555.540864079997;1795.8119411818334;2;1;2_1;0.9428509702991741;10;2_1;SR_0_SM_0;1.0
1562.190498929231;1795.813695591614;2;1;2_1;0.9443617132521488;10;2_1;SR_0_SM_0;1.0
1568.8401337784649;1795.8154500013943;2;1;2_1;0.9458724562051235;10;2_1;SR_0_SM_0;1.0
1575.4897686276988;1795.8172044111752;2;1;2_1;0.9473831991580982;10;2_1;SR_0_SM_0;1.0
1582.1394034769328;1795.8189588209557;2;1;2_1;0.9488939421110727;10;2_1;SR_0_SM_0;1.0
1588.7890383261667;1795.8207132307364;2;1;2_1;0.9504046850640474;10;2_1;SR_0_SM_0;1.0
1595.4386731754007;1795.8224676405168;2;1;2_1;0.9519154280170221;10;2_1;SR_0_SM_0;1.0
1602.088308024635;1795.8242220502975;2;1;2_1;0.9534261709699967;10;2_1;SR_0_SM_0;1.0
1608.7379428738689;1795.8259764600782;2;1;2_1;0.9549369139229714;10;2_1;SR_0_SM_0;1.0
1615.3875777231028;1795.827730869859;2;1;2_1;0.9564476568759461;10;2_1;SR_0_SM_0;1.0
1622.0372125723368;1795.8294852796394;2;1;2_1;0.9579583998289206;10;2_1;SR_0_SM_0;1.0
1628.6868474215707;1795.8312396894198;2;1;2_1;0.9594691427818953;10;2_1;SR_0_SM_0;1.0
1635.3364822708047;1795.8329940992005;2;1;2_1;0.96097988573487;10;2_1;SR_0_SM_0;1.0
1641.9843627102582;1802.484383358215;2;1;2_1;0.9631163989082264;10;2_1;SR_0_SM_0;1.0
1648.6339975594924;1802.486137767996;2;1;2_1;0.9646271418612011;10;2_1;SR_0_SM_0;1.0
1655.2836324087264;1802.487892177776;2;1;2_1;0.9661378848141758;10;2_1;SR_0_SM_0;1.0
1661.9332672579603;1802.4896465875568;2;1;2_1;0.9676486277671504;10;2_1;SR_0_SM_0;1.0
1668.5829021071945;1802.4914009973368;2;1;2_1;0.9691593707201251;10;2_1;SR_0_SM_0;1.0
1675.2325369564282;1802.493155407118;2;1;2_1;0.9706701136730996;10;2_1;SR_0_SM_0;1.0
1681.8821718056622;1802.4949098168984;2;1;2_1;0.9721808566260743;10;2_1;SR_0_SM_0;1.0
1688.5318066548962;1802.496664226679;2;1;2_1;0.973691599579049;10;2_1;SR_0_SM_0;1.0
1695.18144150413;1802.49841863646;2;1;2_1;0.9752023425320235;10;2_1;SR_0_SM_0;1.0
1701.831076353364;1802.50017304624;2;1;2_1;0.9767130854849982;10;2_1;SR_0_SM_0;1.0
1708.4807112025985;1802.501927456021;2;1;2_1;0.9782238284379732;10;2_1;SR_0_SM_0;1.0
1715.1303460518322;1802.5036818658011;2;1;2_1;0.9797345713909477;10;2_1;SR_0_SM_0;1.0
1721.7799809010662;1802.505436275582;2;1;2_1;0.9812453143439224;10;2_1;SR_0_SM_0;1.0
1728.4296157503002;1802.5071906853625;2;1;2_1;0.9827560572968971;10;2_1;SR_0_SM_0;1.0
1735.079250599534;1802.5089450951432;2;1;2_1;0.9842668002498716;10;2_1;SR_0_SM_0;1.0
1741.728885448768;1802.510699504924;2;1;2_1;0.9857775432028463;10;2_1;SR_0_SM_0;1.0
1748.378520298002;1802.5124539147043;2;1;2_1;0.987288286155821;10;2_1;SR_0_SM_0;1.0
1755.0281551472362;1802.5142083244848;2;1;2_1;0.9887990291087957;10;2_1;SR_0_SM_0;1.0
1761.6777899964702;1802.5159627342653;2;1;2_1;0.9903097720617704;10;2_1;SR_0_SM_0;1.0
1768.3274248457042;1802.517717144046;2;1;2_1;0.9918205150147451;10;2_1;SR_0_SM_0;1.0
1774.977059694938;1802.5194715538264;2;1;2_1;0.9933312579677198;10;2_1;SR_0_SM_0;1.0
1781.626694544172;1802.521225963607;2;1;2_1;0.9948420009206945;10;2_1;SR_0_SM_0;1.0
1788.2780838031863;1795.8733455241538;2;1;2_1;0.9969785140940506;10;2_1;SR_0_SM_0;1.0
1794.9277186524205;1795.8750999339345;2;1;2_1;0.9984892570470253;10;2_1;SR_0_SM_0;1.0
1801.5773535016544;1795.876854343715;2;1;2_1;1.0;10;2_1;SR_0_SM_0;1.0
0.0;0.0;3;1;3_1;0.0;1;;brak;
-0.0003242719294007;6.649451686290604;3;1;3_1;0.0020071931669051043;1;;brak;
-0.0006485438587731;13.298903372581208;3;1;3_1;0.004014386333810209;1;;brak;
-0.0009728157881454;19.948355058871584;3;1;3_1;0.0060215795007152444;1;;brak;
-0.0012970877175177;26.59780674516219;3;1;3_1;0.00802877266762035;1;;brak;
-0.0016213596468901;33.247258431452565;3;1;3_1;0.010035965834525384;1;;brak;
-0.0019456315762909;39.89671011774317;3;1;3_1;0.012043159001430489;1;;brak;
-0.0022699035056632;46.54616180403377;3;1;3_1;0.014050352168335592;1;;brak;
-6.652045861725554;53.19528921839469;3;1;3_1;0.01688895196727531;1;;brak;
-6.652370133654927;59.844740904685295;3;1;3_1;0.018896145134180416;1;;brak;
-6.652694405584299;66.4941925909759;3;1;3_1;0.02090333830108552;1;;brak;
-6.6530186775137;73.14364427726628;3;1;3_1;0.022910531467990557;1;;brak;
-6.653342949443072;79.79309596355688;3;1;3_1;0.02491772463489566;1;;brak;
-6.653667221372444;86.44254764984726;3;1;3_1;0.026924917801800695;1;;brak;
-6.653991493301817;93.09199933613786;3;1;3_1;0.028932110968705797;1;;brak;
-6.654315765231189;99.74145102242846;3;1;3_1;0.030939304135610905;1;;brak;
-6.654640037160561;106.39090270871884;3;1;3_1;0.03294649730251594;1;;brak;
-6.654964309089962;113.04035439500944;3;1;3_1;0.03495369046942104;1;;brak;
-6.655288581019335;119.68980608130003;3;1;3_1;0.03696088363632614;1;;brak;
-6.655612852948707;126.33925776759042;3;1;3_1;0.03896807680323118;1;;brak;
-6.655937124878079;132.98870945388103;3;1;3_1;0.04097526997013628;1;;brak;
-6.656261396807452;139.6381611401714;3;1;3_1;0.042982463137041314;1;;brak;
-0.0071339824463336;146.28793709839147;3;1;3_1;0.045821062935981115;1;;brak;
-0.007458254375706;152.93738878468207;3;1;3_1;0.047828256102886234;1;;brak;
-0.0077825263050783;159.58684047097245;3;1;3_1;0.04983544926979127;1;;brak;
-0.0081067982344507;166.23629215726305;3;1;3_1;0.05184264243669637;1;;brak;
-0.008431070163823;172.88574384355366;3;1;3_1;0.05384983560360147;1;;brak;
-0.0087553420931953;179.53519552984403;3;1;3_1;0.05585702877050651;1;;brak;
-0.0090796140225961;186.18464721613464;3;1;3_1;0.05786422193741161;1;;brak;
-0.0094038859519685;192.834098902425;3;1;3_1;0.05987141510431664;1;;brak;
-0.0097281578813408;199.4835505887156;3;1;3_1;0.06187860827122174;1;;brak;
-0.0100524298107131;206.13300227500625;3;1;3_1;0.06388580143812686;1;;brak;
-0.0103767017400855;212.7824539612966;3;1;3_1;0.06589299460503188;1;;brak;
-0.0107009736694863;219.4319056475872;3;1;3_1;0.06790018777193699;1;;brak;
-0.0110252455988586;226.0813573338778;3;1;3_1;0.06990738093884209;1;;brak;
-0.0113495175282309;232.73080902016815;3;1;3_1;0.07191457410574711;1;;brak;
-0.0116737894576033;239.3802607064588;3;1;3_1;0.07392176727265223;1;;brak;
-0.0119980613869756;246.0297123927494;3;1;3_1;0.07592896043955732;1;;brak;
-0.0123223333163764;252.67916407903977;3;1;3_1;0.07793615360646237;1;;brak;
6.63680508104477;259.3289400372596;3;1;3_1;0.08077475340540213;1;;brak;
6.636480809115426;265.97839172355;3;1;3_1;0.08278194657230717;1;;brak;
6.636156537186025;272.6278434098406;3;1;3_1;0.08478913973921229;1;;brak;
6.635832265256624;279.2772950961312;3;1;3_1;0.0867963329061174;1;;brak;
6.6355079933272805;285.9267467824216;3;1;3_1;0.08880352607302246;1;;brak;
6.63518372139788;292.57619846871216;3;1;3_1;0.09081071923992755;1;;brak;
6.634859449468536;299.2256501550028;3;1;3_1;0.09281791240683268;1;;brak;
6.634535177539135;305.87510184129314;3;1;3_1;0.0948251055737377;1;;brak;
6.634210905609734;312.52455352758375;3;1;3_1;0.09683229874064278;1;;brak;
6.63388663368039;319.1740052138741;3;1;3_1;0.09883949190754783;1;;brak;
6.63356236175099;325.8234569001648;3;1;3_1;0.10084668507445295;2;3_1;SR_0_SM_0;0.21083865188668685
6.633238089821646;332.47290858645533;3;1;3_1;0.10285387824135804;2;3_1;SR_0_SM_0;0.21083865188668685
6.632913817892245;339.1223602727457;3;1;3_1;0.10486107140826309;2;3_1;SR_0_SM_0;0.21083865188668685
6.632589545962844;345.7718119590363;3;1;3_1;0.1068682645751682;2;3_1;SR_0_SM_0;0.21083865188668685
6.6322652740335;352.4212636453269;3;1;3_1;0.10887545774207331;2;3_1;SR_0_SM_0;0.21083865188668685
6.631941002104099;359.0707153316173;3;1;3_1;0.11088265090897835;2;3_1;SR_0_SM_0;0.21083865188668685
6.631616730174756;365.7201670179079;3;1;3_1;0.1128898440758834;2;3_1;SR_0_SM_0;0.21083865188668685
6.631292458245355;372.3696187041983;3;1;3_1;0.11489703724278844;2;3_1;SR_0_SM_0;0.21083865188668685
6.630968186315954;379.0190703904889;3;1;3_1;0.11690423040969355;2;3_1;SR_0_SM_0;0.21083865188668685
6.63064391438661;385.6685220767795;3;1;3_1;0.11891142357659866;2;3_1;SR_0_SM_0;0.21083865188668685
6.630319642457209;392.31797376306986;3;1;3_1;0.12091861674350371;2;3_1;SR_0_SM_0;0.21083865188668685
6.629995370527865;398.96742544936046;3;1;3_1;0.12292580991040881;2;3_1;SR_0_SM_0;0.21083865188668685
6.629671098598465;405.6168771356511;3;1;3_1;0.12493300307731395;2;3_1;SR_0_SM_0;0.21083865188668685
6.629346826669121;412.26632882194144;3;1;3_1;0.12694019624421898;2;3_1;SR_0_SM_0;0.21083865188668685
6.62902255473972;418.9157805082321;3;1;3_1;0.12894738941112405;2;3_1;SR_0_SM_0;0.21083865188668685
6.628698282810319;425.5652321945224;3;1;3_1;0.13095458257802908;2;3_1;SR_0_SM_0;0.21083865188668685
6.628374010880975;432.214683880813;3;1;3_1;0.1329617757449342;2;3_1;SR_0_SM_0;0.21083865188668685
6.628049738951575;438.8641355671036;3;1;3_1;0.1349689689118393;2;3_1;SR_0_SM_0;0.21083865188668685
6.627725467022231;445.513587253394;3;1;3_1;0.13697616207874436;2;3_1;SR_0_SM_0;0.21083865188668685
6.62740119509283;452.1630389396846;3;1;3_1;0.13898335524564945;2;3_1;SR_0_SM_0;0.21083865188668685
13.276528609453976;458.8128148979047;3;1;3_1;0.14182195504458925;2;3_1;SR_0_SM_0;0.21083865188668685
13.276204337524632;465.4622665841951;3;1;3_1;0.1438291482114943;2;3_1;SR_0_SM_0;0.21083865188668685
13.275880065595231;472.11171827048565;3;1;3_1;0.14583634137839938;2;3_1;SR_0_SM_0;0.21083865188668685
13.275555793665887;478.76116995677626;3;1;3_1;0.14784353454530447;2;3_1;SR_0_SM_0;0.21083865188668685
13.275231521736488;485.4106216430666;3;1;3_1;0.1498507277122095;2;3_1;SR_0_SM_0;0.21083865188668685
13.274907249807086;492.0600733293573;3;1;3_1;0.15185792087911465;2;3_1;SR_0_SM_0;0.21083865188668685
13.274582977877742;498.7095250156476;3;1;3_1;0.15386511404601969;2;3_1;SR_0_SM_0;0.21083865188668685
13.27425870594834;505.3589767019382;3;1;3_1;0.15587230721292478;2;3_1;SR_0_SM_0;0.21083865188668685
13.273934434018996;512.0084283882288;3;1;3_1;0.15787950037982987;2;3_1;SR_0_SM_0;0.21083865188668685
13.273610162089597;518.6578800745192;3;1;3_1;0.1598866935467349;2;3_1;SR_0_SM_0;0.21083865188668685
13.273285890160196;525.3073317608098;3;1;3_1;0.16189388671364;2;3_1;SR_0_SM_0;0.21083865188668685
13.272961618230852;531.9567834471004;3;1;3_1;0.1639010798805451;2;3_1;SR_0_SM_0;0.21083865188668685
13.272637346301453;538.6062351333908;3;1;3_1;0.16590827304745012;2;3_1;SR_0_SM_0;0.21083865188668685
13.272313074372107;545.2556868196814;3;1;3_1;0.1679154662143552;2;3_1;SR_0_SM_0;0.21083865188668685
19.9214404887332;551.9054627779012;3;1;3_1;0.17075406601329496;2;3_1;SR_0_SM_0;0.21083865188668685
19.9211162168038;558.5549144641918;3;1;3_1;0.17276125918020005;2;3_1;SR_0_SM_0;0.21083865188668685
19.92079194487445;565.2043661504824;3;1;3_1;0.17476845234710514;2;3_1;SR_0_SM_0;0.21083865188668685
19.92046767294505;571.8538178367728;3;1;3_1;0.17677564551401018;2;3_1;SR_0_SM_0;0.21083865188668685
19.920143401015707;578.5032695230634;3;1;3_1;0.17878283868091532;2;3_1;SR_0_SM_0;0.21083865188668685
19.919819129086303;585.152721209354;3;1;3_1;0.18079003184782041;2;3_1;SR_0_SM_0;0.21083865188668685
19.919494857156963;591.8021728956444;3;1;3_1;0.18279722501472545;2;3_1;SR_0_SM_0;0.21083865188668685
19.91917058522756;598.451624581935;3;1;3_1;0.18480441818163054;2;3_1;SR_0_SM_0;0.21083865188668685
19.91884631329816;605.1010762682254;3;1;3_1;0.18681161134853558;2;3_1;SR_0_SM_0;0.21083865188668685
19.918522041368817;611.750527954516;3;1;3_1;0.18881880451544067;2;3_1;SR_0_SM_0;0.21083865188668685
19.918197769439416;618.3999796408066;3;1;3_1;0.19082599768234576;2;3_1;SR_0_SM_0;0.21083865188668685
19.917873497510072;625.049431327097;3;1;3_1;0.19283319084925077;2;3_1;SR_0_SM_0;0.21083865188668685
19.91754922558067;631.6988830133876;3;1;3_1;0.19484038401615594;2;3_1;SR_0_SM_0;0.21083865188668685
26.566676639941814;638.3486589716074;3;1;3_1;0.19767898381509572;2;3_1;SR_0_SM_0;0.21083865188668685
26.566352368012478;644.9981106578978;3;1;3_1;0.19968617698200075;2;3_1;SR_0_SM_0;0.21083865188668685
26.566028096083077;651.6475623441884;3;1;3_1;0.20169337014890584;3;3_1;SR_1_SM_0;1.8296200158627154
26.56570382415373;658.297014030479;3;1;3_1;0.20370056331581093;3;3_1;SR_1_SM_0;1.8296200158627154
26.56537955222433;664.9464657167694;3;1;3_1;0.20570775648271594;3;3_1;SR_1_SM_0;1.8296200158627154
26.565055280294928;671.59591740306;3;1;3_1;0.20771494964962106;3;3_1;SR_1_SM_0;1.8296200158627154
26.564731008365584;678.2453690893503;3;1;3_1;0.20972214281652607;3;3_1;SR_1_SM_0;1.8296200158627154
33.21385842272667;684.8951450475704;3;1;3_1;0.21256074261546593;3;3_1;SR_1_SM_0;1.8296200158627154
33.21353415079733;691.544596733861;3;1;3_1;0.21456793578237102;3;3_1;SR_1_SM_0;1.8296200158627154
33.21320987886793;698.1940484201514;3;1;3_1;0.21657512894927602;3;3_1;SR_1_SM_0;1.8296200158627154
33.21288560693853;704.843500106442;3;1;3_1;0.21858232211618112;3;3_1;SR_1_SM_0;1.8296200158627154
33.212561335009184;711.4929517927326;3;1;3_1;0.22058951528308623;3;3_1;SR_1_SM_0;1.8296200158627154
33.21223706307978;718.142403479023;3;1;3_1;0.22259670844999124;3;3_1;SR_1_SM_0;1.8296200158627154
33.21191279115044;724.7918551653136;3;1;3_1;0.22460390161689633;3;3_1;SR_1_SM_0;1.8296200158627154
33.21158851922104;731.4413068516039;3;1;3_1;0.22661109478380137;3;3_1;SR_1_SM_0;1.8296200158627154
33.21126424729164;738.0907585378945;3;1;3_1;0.22861828795070654;3;3_1;SR_1_SM_0;1.8296200158627154
33.210939975362294;744.7402102241851;3;1;3_1;0.23062548111761164;3;3_1;SR_1_SM_0;1.8296200158627154
33.21061570343289;751.3896619104755;3;1;3_1;0.23263267428451664;3;3_1;SR_1_SM_0;1.8296200158627154
33.21029143150355;758.0391135967661;3;1;3_1;0.23463986745142174;3;3_1;SR_1_SM_0;1.8296200158627154
33.20996715957415;764.6885652830567;3;1;3_1;0.23664706061832685;3;3_1;SR_1_SM_0;1.8296200158627154
33.209642887644804;771.3380169693471;3;1;3_1;0.23865425378523186;3;3_1;SR_1_SM_0;1.8296200158627154
33.209318615715404;777.9874686556377;3;1;3_1;0.24066144695213695;3;3_1;SR_1_SM_0;1.8296200158627154
39.85844603007655;784.6372446138575;3;1;3_1;0.24350004675107673;3;3_1;SR_1_SM_0;1.8296200158627154
39.858121758147206;791.2866963001482;3;1;3_1;0.24550723991798187;3;3_1;SR_1_SM_0;1.8296200158627154
39.857797486217805;797.9361479864388;3;1;3_1;0.24751443308488696;3;3_1;SR_1_SM_0;1.8296200158627154
39.85747321428846;804.5855996727291;3;1;3_1;0.24952162625179197;3;3_1;SR_1_SM_0;1.8296200158627154
39.85714894235906;811.2350513590197;3;1;3_1;0.2515288194186971;3;3_1;SR_1_SM_0;1.8296200158627154
46.50627635672015;817.8848273172396;3;1;3_1;0.25436741921763684;3;3_1;SR_1_SM_0;1.8296200158627154
46.505952084790806;824.53427900353;3;1;3_1;0.25637461238454184;3;3_1;SR_1_SM_0;1.8296200158627154
46.505627812861405;831.1837306898205;3;1;3_1;0.2583818055514469;3;3_1;SR_1_SM_0;1.8296200158627154
46.50530354093206;837.8331823761109;3;1;3_1;0.26038899871835197;3;3_1;SR_1_SM_0;1.8296200158627154
46.50497926900266;844.4826340624015;3;1;3_1;0.26239619188525715;3;3_1;SR_1_SM_0;1.8296200158627154
46.50465499707326;851.1320857486921;3;1;3_1;0.26440338505216227;3;3_1;SR_1_SM_0;1.8296200158627154
46.50433072514392;857.7815374349825;3;1;3_1;0.26641057821906733;3;3_1;SR_1_SM_0;1.8296200158627154
46.50400645321452;864.4309891212731;3;1;3_1;0.26841777138597245;3;3_1;SR_1_SM_0;1.8296200158627154
46.50368218128517;871.0804408075637;3;1;3_1;0.27042496455287757;3;3_1;SR_1_SM_0;1.8296200158627154
46.50335790935577;877.7298924938541;3;1;3_1;0.2724321577197826;3;3_1;SR_1_SM_0;1.8296200158627154
46.50303363742637;884.3793441801447;3;1;3_1;0.2744393508866877;3;3_1;SR_1_SM_0;1.8296200158627154
46.50270936549703;891.0287958664353;3;1;3_1;0.2764465440535928;3;3_1;SR_1_SM_0;1.8296200158627154
46.502385093567625;897.6782475527257;3;1;3_1;0.2784537372204978;3;3_1;SR_1_SM_0;1.8296200158627154
53.15151250792883;904.3280235109456;3;1;3_1;0.2812923370194376;3;3_1;SR_1_SM_0;1.8296200158627154
53.15118823599943;910.9774751972362;3;1;3_1;0.2832995301863427;3;3_1;SR_1_SM_0;1.8296200158627154
53.15086396407003;917.6269268835268;3;1;3_1;0.2853067233532478;3;3_1;SR_1_SM_0;1.8296200158627154
53.15053969214068;924.2763785698172;3;1;3_1;0.2873139165201528;3;3_1;SR_1_SM_0;1.8296200158627154
53.15021542021128;930.9258302561078;3;1;3_1;0.28932110968705793;3;3_1;SR_1_SM_0;1.8296200158627154
53.14989114828194;937.5752819423984;3;1;3_1;0.291328302853963;3;3_1;SR_1_SM_0;1.8296200158627154
53.14956687635254;944.2247336286888;3;1;3_1;0.29333549602086806;3;3_1;SR_1_SM_0;1.8296200158627154
59.79869429071368;950.8745095869086;3;1;3_1;0.29617409581980786;3;3_1;SR_1_SM_0;1.8296200158627154
59.79837001878428;957.5239612731992;3;1;3_1;0.298181288986713;3;3_1;SR_1_SM_0;1.8296200158627154
59.79804574685488;964.1734129594896;3;1;3_1;0.300188482153618;4;3_1;SR_0_SM_0;0.31275761536141555
59.79772147492554;970.8228646457802;3;1;3_1;0.3021956753205231;4;3_1;SR_0_SM_0;0.31275761536141555
59.79739720299614;977.4723163320708;3;1;3_1;0.3042028684874282;4;3_1;SR_0_SM_0;0.31275761536141555
59.79707293106679;984.1217680183612;3;1;3_1;0.30621006165433323;4;3_1;SR_0_SM_0;0.31275761536141555
59.79674865913739;990.7712197046518;3;1;3_1;0.30821725482123835;4;3_1;SR_0_SM_0;0.31275761536141555
66.44587607349854;997.4209956628716;3;1;3_1;0.3110558546201781;4;3_1;SR_0_SM_0;0.31275761536141555
66.4455518015692;1004.070447349162;3;1;3_1;0.31306304778708316;4;3_1;SR_0_SM_0;0.31275761536141555
66.4452275296398;1010.7198990354528;3;1;3_1;0.3150702409539883;4;3_1;SR_0_SM_0;0.31275761536141555
66.44490325771045;1017.3693507217432;3;1;3_1;0.31707743412089334;4;3_1;SR_0_SM_0;0.31275761536141555
66.44457898578105;1024.0188024080337;3;1;3_1;0.3190846272877984;4;3_1;SR_0_SM_0;0.31275761536141555
66.44425471385165;1030.6682540943243;3;1;3_1;0.32109182045470347;4;3_1;SR_0_SM_0;0.31275761536141555
73.0933821282128;1037.318030052544;3;1;3_1;0.32393042025364316;4;3_1;SR_0_SM_0;0.31275761536141555
73.0930578562834;1043.9674817388347;3;1;3_1;0.32593761342054833;4;3_1;SR_0_SM_0;0.31275761536141555
73.09273358435405;1050.6169334251254;3;1;3_1;0.32794480658745345;4;3_1;SR_0_SM_0;0.31275761536141555
73.09240931242465;1057.2663851114155;3;1;3_1;0.3299519997543585;4;3_1;SR_0_SM_0;0.31275761536141555
73.09208504049525;1063.9158367977063;3;1;3_1;0.33195919292126363;4;3_1;SR_0_SM_0;0.31275761536141555
73.0917607685659;1070.565288483997;3;1;3_1;0.33396638608816875;4;3_1;SR_0_SM_0;0.31275761536141555
79.74088818292705;1077.2150644422168;3;1;3_1;0.3368049858871085;4;3_1;SR_0_SM_0;0.31275761536141555
79.74056391099771;1083.8645161285071;3;1;3_1;0.3388121790540135;4;3_1;SR_0_SM_0;0.31275761536141555
86.3896913253588;1090.514292086727;3;1;3_1;0.3416507788529532;4;3_1;SR_0_SM_0;0.31275761536141555
86.3893670534294;1097.1637437730176;3;1;3_1;0.34365797201985837;4;3_1;SR_0_SM_0;0.31275761536141555
86.38904278150005;1103.8131954593082;3;1;3_1;0.3456651651867635;4;3_1;SR_0_SM_0;0.31275761536141555
86.38871850957065;1110.4626471455986;3;1;3_1;0.3476723583536685;4;3_1;SR_0_SM_0;0.31275761536141555
86.38839423764131;1117.1120988318892;3;1;3_1;0.3496795515205736;4;3_1;SR_0_SM_0;0.31275761536141555
86.3880699657119;1123.7615505181798;3;1;3_1;0.35168674468747874;4;3_1;SR_0_SM_0;0.31275761536141555
93.03719738007312;1130.4113264763996;3;1;3_1;0.3545253444864185;4;3_1;SR_0_SM_0;0.31275761536141555
93.03687310814372;1137.06077816269;3;1;3_1;0.35653253765332343;4;3_1;SR_0_SM_0;0.31275761536141555
99.6860005225048;1143.71055412091;3;1;3_1;0.35937113745226335;4;3_1;SR_0_SM_0;0.31275761536141555
99.68567625057544;1150.3600058072009;3;1;3_1;0.36137833061916846;4;3_1;SR_0_SM_0;0.31275761536141555
99.68535197864604;1157.009457493491;3;1;3_1;0.36338552378607347;4;3_1;SR_0_SM_0;0.31275761536141555
99.68502770671672;1163.6589091797816;3;1;3_1;0.3653927169529786;4;3_1;SR_0_SM_0;0.31275761536141555
99.68470343478732;1170.3083608660722;3;1;3_1;0.36739991011988365;4;3_1;SR_0_SM_0;0.31275761536141555
99.68437916285792;1176.9578125523626;3;1;3_1;0.3694071032867887;4;3_1;SR_0_SM_0;0.31275761536141555
106.33350657721913;1183.6075885105824;3;1;3_1;0.3722457030857284;4;3_1;SR_0_SM_0;0.31275761536141555
106.33318230528972;1190.257040196873;3;1;3_1;0.3742528962526336;4;3_1;SR_0_SM_0;0.31275761536141555
112.98230971965086;1196.9068161550929;3;1;3_1;0.37709149605157327;4;3_1;SR_0_SM_0;0.31275761536141555
112.98198544772146;1203.5562678413835;3;1;3_1;0.37909868921847834;4;3_1;SR_0_SM_0;0.31275761536141555
112.98166117579206;1210.205719527674;3;1;3_1;0.3811058823853834;4;3_1;SR_0_SM_0;0.31275761536141555
112.98133690386273;1216.8551712139645;3;1;3_1;0.3831130755522886;4;3_1;SR_0_SM_0;0.31275761536141555
119.63046431822386;1223.5049471721843;3;1;3_1;0.38595167535122826;4;3_1;SR_0_SM_0;0.31275761536141555
126.279591732585;1230.1547231304044;3;1;3_1;0.38879027515016806;4;3_1;SR_0_SM_0;0.31275761536141555
126.2792674606556;1236.8041748166947;3;1;3_1;0.3907974683170731;4;3_1;SR_0_SM_0;0.31275761536141555
126.2789431887262;1243.4536265029851;3;1;3_1;0.39280466148397813;4;3_1;SR_0_SM_0;0.31275761536141555
132.9280706030874;1250.1034024612052;3;1;3_1;0.39564326128291794;4;3_1;SR_0_SM_0;0.31275761536141555
132.927746331158;1256.7528541474958;3;1;3_1;0.397650454449823;4;3_1;SR_0_SM_0;0.31275761536141555
132.92742205922866;1263.4023058337862;3;1;3_1;0.39965764761672806;4;3_1;SR_0_SM_0;0.31275761536141555
139.57654947358975;1270.052081792006;3;1;3_1;0.40249624741566786;5;3_1;SR_0_SM_0;0.8417553191489362
139.57622520166035;1276.7015334782966;3;1;3_1;0.404503440582573;5;3_1;SR_0_SM_0;0.8417553191489362
146.22535261602155;1283.3513094365169;3;1;3_1;0.4073420403815129;5;3_1;SR_0_SM_0;0.8417553191489362
146.22502834409215;1290.000761122807;3;1;3_1;0.4093492335484178;5;3_1;SR_0_SM_0;0.8417553191489362
146.2247040721628;1296.6502128090976;3;1;3_1;0.41135642671532285;5;3_1;SR_0_SM_0;0.8417553191489362
152.8738314865239;1303.2999887673177;3;1;3_1;0.4141950265142627;5;3_1;SR_0_SM_0;0.8417553191489362
159.5229589008851;1309.9497647255373;3;1;3_1;0.4170336263132024;5;3_1;SR_0_SM_0;0.8417553191489362
159.5226346289557;1316.599216411828;3;1;3_1;0.41904081948010746;5;3_1;SR_0_SM_0;0.8417553191489362
159.5223103570263;1323.2486680981183;3;1;3_1;0.4210480126470125;5;3_1;SR_0_SM_0;0.8417553191489362
166.17143777138745;1329.8984440563383;3;1;3_1;0.4238866124459523;5;3_1;SR_0_SM_0;0.8417553191489362
172.8205651857486;1336.5482200145582;3;1;3_1;0.42672521224489207;5;3_1;SR_0_SM_0;0.8417553191489362
179.4696926001098;1343.1979959727782;3;1;3_1;0.4295638120438319;5;3_1;SR_0_SM_0;0.8417553191489362
186.11882001447088;1349.847771930998;3;1;3_1;0.4324024118427717;5;3_1;SR_0_SM_0;0.8417553191489362
186.11849574254148;1356.4972236172885;3;1;3_1;0.4344096050096766;5;3_1;SR_0_SM_0;0.8417553191489362
192.7676231569027;1363.1469995755083;3;1;3_1;0.43724820480861637;5;3_1;SR_0_SM_0;0.8417553191489362
199.41675057126375;1369.7967755337284;3;1;3_1;0.44008680460755617;5;3_1;SR_0_SM_0;0.8417553191489362
206.06620225755432;1369.7970998056576;3;1;3_1;0.44209399777446134;5;3_1;SR_0_SM_0;0.8417553191489362
212.71532967191547;1376.4468757638776;3;1;3_1;0.44493259757340115;5;3_1;SR_0_SM_0;0.8417553191489362
219.36445708627664;1383.0966517220977;3;1;3_1;0.44777119737234095;5;3_1;SR_0_SM_0;0.8417553191489362
226.0135845006377;1389.7464276803173;3;1;3_1;0.4506097971712806;5;3_1;SR_0_SM_0;0.8417553191489362
232.6627119149989;1396.3962036385374;3;1;3_1;0.4534483969702205;5;3_1;SR_0_SM_0;0.8417553191489362
239.31183932936;1403.0459795967572;3;1;3_1;0.4562869967691602;5;3_1;SR_0_SM_0;0.8417553191489362
245.96129101565052;1403.046303868687;3;1;3_1;0.45829418993606524;5;3_1;SR_0_SM_0;0.8417553191489362
252.61074270194104;1403.046628140616;3;1;3_1;0.4603013831029703;5;3_1;SR_0_SM_0;0.8417553191489362
259.25987011630224;1409.696404098836;3;1;3_1;0.4631399829019102;5;3_1;SR_0_SM_0;0.8417553191489362
265.9093218025928;1409.6967283707652;3;1;3_1;0.4651471760688152;5;3_1;SR_0_SM_0;0.8417553191489362
272.5584492169539;1416.3465043289852;3;1;3_1;0.4679857758677551;5;3_1;SR_0_SM_0;0.8417553191489362
279.2079009032445;1416.3468286009145;3;1;3_1;0.4699929690346602;5;3_1;SR_0_SM_0;0.8417553191489362
285.85735258953497;1416.347152872844;3;1;3_1;0.47200016220156515;5;3_1;SR_0_SM_0;0.8417553191489362
292.506480003896;1422.9969288310638;3;1;3_1;0.4748387620005049;5;3_1;SR_0_SM_0;0.8417553191489362
299.1559316901865;1422.997253102993;3;1;3_1;0.47684595516741;5;3_1;SR_0_SM_0;0.8417553191489362
305.8053833764771;1422.9975773749225;3;1;3_1;0.4788531483343151;5;3_1;SR_0_SM_0;0.8417553191489362
312.45451079083824;1429.6473533331423;3;1;3_1;0.4816917481332548;5;3_1;SR_0_SM_0;0.8417553191489362
319.10396247712873;1429.6476776050715;3;1;3_1;0.4836989413001599;5;3_1;SR_0_SM_0;0.8417553191489362
325.7530898914899;1436.2974535632916;3;1;3_1;0.4865375410990997;5;3_1;SR_0_SM_0;0.8417553191489362
332.4025415777805;1436.297777835221;3;1;3_1;0.48854473426600475;5;3_1;SR_0_SM_0;0.8417553191489362
339.051993264071;1436.2981021071505;3;1;3_1;0.4905519274329099;5;3_1;SR_0_SM_0;0.8417553191489362
345.70144495036146;1436.2984263790795;3;1;3_1;0.4925591205998149;5;3_1;SR_0_SM_0;0.8417553191489362
352.35089663665195;1436.2987506510092;3;1;3_1;0.49456631376672;5;3_1;SR_0_SM_0;0.8417553191489362
359.00034832294256;1436.2990749229386;3;1;3_1;0.49657350693362506;5;3_1;SR_0_SM_0;0.8417553191489362
365.6494757373036;1442.9488508811585;3;1;3_1;0.49941210673256486;5;3_1;SR_0_SM_0;0.8417553191489362
372.2989274235941;1442.949175153088;3;1;3_1;0.50141929989947;6;3_1;SR_1_SM_0;0.8309258820743547
378.94837910988457;1442.9494994250172;3;1;3_1;0.503426493066375;6;3_1;SR_1_SM_0;0.8309258820743547
385.5978307961752;1442.9498236969466;3;1;3_1;0.5054336862332801;6;3_1;SR_1_SM_0;0.8309258820743547
392.24728248246566;1442.950147968876;3;1;3_1;0.5074408794001851;6;3_1;SR_1_SM_0;0.8309258820743547
398.89673416875615;1442.9504722408053;3;1;3_1;0.5094480725670902;6;3_1;SR_1_SM_0;0.8309258820743547
405.5461858550468;1442.9507965127348;3;1;3_1;0.5114552657339954;6;3_1;SR_1_SM_0;0.8309258820743547
412.1956375413373;1442.951120784664;3;1;3_1;0.5134624589009004;6;3_1;SR_1_SM_0;0.8309258820743547
418.8450892276277;1442.9514450565937;3;1;3_1;0.5154696520678054;6;3_1;SR_1_SM_0;0.8309258820743547
425.4942166419889;1449.6012210148133;3;1;3_1;0.5183082518667451;6;3_1;SR_1_SM_0;0.8309258820743547
432.1436683282795;1449.6015452867427;3;1;3_1;0.5203154450336502;6;3_1;SR_1_SM_0;0.8309258820743547
438.79312001457;1449.6018695586722;3;1;3_1;0.5223226382005552;6;3_1;SR_1_SM_0;0.8309258820743547
445.44257170086047;1449.6021938306014;3;1;3_1;0.5243298313674604;6;3_1;SR_1_SM_0;0.8309258820743547
452.09202338715096;1449.602518102531;3;1;3_1;0.5263370245343654;6;3_1;SR_1_SM_0;0.8309258820743547
458.7414750734416;1449.60284237446;3;1;3_1;0.5283442177012705;6;3_1;SR_1_SM_0;0.8309258820743547
465.39092675973205;1449.6031666463896;3;1;3_1;0.5303514108681756;6;3_1;SR_1_SM_0;0.8309258820743547
472.04037844602254;1449.603490918319;3;1;3_1;0.5323586040350807;6;3_1;SR_1_SM_0;0.8309258820743547
478.689830132313;1449.6038151902485;3;1;3_1;0.5343657972019858;6;3_1;SR_1_SM_0;0.8309258820743547
485.3392818186037;1449.6041394621775;3;1;3_1;0.536372990368891;6;3_1;SR_1_SM_0;0.8309258820743547
491.9887335048941;1449.6044637341072;3;1;3_1;0.538380183535796;6;3_1;SR_1_SM_0;0.8309258820743547
498.6381851911846;1449.6047880060364;3;1;3_1;0.5403873767027011;6;3_1;SR_1_SM_0;0.8309258820743547
505.2876368774751;1449.605112277966;3;1;3_1;0.5423945698696061;6;3_1;SR_1_SM_0;0.8309258820743547
511.9370885637657;1449.605436549895;3;1;3_1;0.5444017630365112;6;3_1;SR_1_SM_0;0.8309258820743547
518.5865402500563;1449.6057608218248;3;1;3_1;0.5464089562034163;6;3_1;SR_1_SM_0;0.8309258820743547
525.2359919363466;1449.606085093754;3;1;3_1;0.5484161493703213;6;3_1;SR_1_SM_0;0.8309258820743547
531.8854436226372;1449.6064093656837;3;1;3_1;0.5504233425372265;6;3_1;SR_1_SM_0;0.8309258820743547
538.5348953089278;1449.6067336376127;3;1;3_1;0.5524305357041316;6;3_1;SR_1_SM_0;0.8309258820743547
545.1843469952182;1449.6070579095422;3;1;3_1;0.5544377288710366;6;3_1;SR_1_SM_0;0.8309258820743547
551.8337986815088;1449.6073821814716;3;1;3_1;0.5564449220379417;6;3_1;SR_1_SM_0;0.8309258820743547
558.4832503677992;1449.6077064534009;3;1;3_1;0.5584521152048467;6;3_1;SR_1_SM_0;0.8309258820743547
565.1327020540898;1449.6080307253303;3;1;3_1;0.5604593083717518;6;3_1;SR_1_SM_0;0.8309258820743547
571.7821537403804;1449.6083549972595;3;1;3_1;0.562466501538657;6;3_1;SR_1_SM_0;0.8309258820743547
578.4316054266708;1449.608679269189;3;1;3_1;0.564473694705562;6;3_1;SR_1_SM_0;0.8309258820743547
585.0810571129614;1449.6090035411185;3;1;3_1;0.5664808878724671;6;3_1;SR_1_SM_0;0.8309258820743547
591.730508799252;1449.609327813048;3;1;3_1;0.5684880810393722;6;3_1;SR_1_SM_0;0.8309258820743547
598.3799604855424;1449.6096520849771;3;1;3_1;0.5704952742062772;6;3_1;SR_1_SM_0;0.8309258820743547
605.029412171833;1449.6099763569066;3;1;3_1;0.5725024673731822;6;3_1;SR_1_SM_0;0.8309258820743547
611.6788638581236;1449.6103006288358;3;1;3_1;0.5745096605400873;6;3_1;SR_1_SM_0;0.8309258820743547
618.328315544414;1449.6106249007653;3;1;3_1;0.5765168537069923;6;3_1;SR_1_SM_0;0.8309258820743547
624.9777672307046;1449.6109491726947;3;1;3_1;0.5785240468738975;6;3_1;SR_1_SM_0;0.8309258820743547
631.6268946450657;1456.2607251309146;3;1;3_1;0.5813626466728374;6;3_1;SR_1_SM_0;0.8309258820743547
638.2763463313563;1456.261049402844;3;1;3_1;0.5833698398397424;6;3_1;SR_1_SM_0;0.8309258820743547
644.9257980176467;1456.2613736747735;3;1;3_1;0.5853770330066476;6;3_1;SR_1_SM_0;0.8309258820743547
651.5752497039373;1456.2616979467027;3;1;3_1;0.5873842261735526;6;3_1;SR_1_SM_0;0.8309258820743547
658.2247013902277;1456.2620222186322;3;1;3_1;0.5893914193404576;6;3_1;SR_1_SM_0;0.8309258820743547
664.8741530765183;1456.2623464905614;3;1;3_1;0.5913986125073627;6;3_1;SR_1_SM_0;0.8309258820743547
671.5236047628089;1456.2626707624909;3;1;3_1;0.5934058056742678;6;3_1;SR_1_SM_0;0.8309258820743547
678.1730564490992;1456.2629950344203;3;1;3_1;0.5954129988411728;6;3_1;SR_1_SM_0;0.8309258820743547
684.8225081353899;1456.2633193063498;3;1;3_1;0.597420192008078;6;3_1;SR_1_SM_0;0.8309258820743547
691.4719598216805;1456.263643578279;3;1;3_1;0.5994273851749832;6;3_1;SR_1_SM_0;0.8309258820743547
698.1214115079708;1456.2639678502085;3;1;3_1;0.6014345783418882;7;3_1;SR_1_SM_1;0.9497645211930926
704.7708631942614;1456.2642921221377;3;1;3_1;0.6034417715087933;7;3_1;SR_1_SM_1;0.9497645211930926
711.4203148805518;1456.2646163940672;3;1;3_1;0.6054489646756983;7;3_1;SR_1_SM_1;0.9497645211930926
718.0697665668424;1456.2649406659966;3;1;3_1;0.6074561578426034;7;3_1;SR_1_SM_1;0.9497645211930926
724.719218253133;1456.2652649379258;3;1;3_1;0.6094633510095084;7;3_1;SR_1_SM_1;0.9497645211930926
731.3686699394234;1456.2655892098553;3;1;3_1;0.6114705441764134;7;3_1;SR_1_SM_1;0.9497645211930926
738.0177973537845;1462.9153651680751;3;1;3_1;0.6143091439753534;7;3_1;SR_1_SM_1;0.9497645211930926
744.6672490400751;1462.9156894400046;3;1;3_1;0.6163163371422584;7;3_1;SR_1_SM_1;0.9497645211930926
751.3167007263655;1462.9160137119338;3;1;3_1;0.6183235303091634;7;3_1;SR_1_SM_1;0.9497645211930926
757.9661524126561;1462.9163379838633;3;1;3_1;0.6203307234760685;7;3_1;SR_1_SM_1;0.9497645211930926
764.6156040989465;1462.9166622557927;3;1;3_1;0.6223379166429737;7;3_1;SR_1_SM_1;0.9497645211930926
771.2647315133079;1469.5664382140126;3;1;3_1;0.6251765164419134;7;3_1;SR_1_SM_1;0.9497645211930926
777.9141831995983;1469.566762485942;3;1;3_1;0.6271837096088185;7;3_1;SR_1_SM_1;0.9497645211930926
784.5633106139594;1476.216538444162;3;1;3_1;0.6300223094077583;7;3_1;SR_1_SM_1;0.9497645211930926
791.21276230025;1476.216862716091;3;1;3_1;0.6320295025746634;7;3_1;SR_1_SM_1;0.9497645211930926
797.8622139865404;1476.2171869880206;3;1;3_1;0.6340366957415683;7;3_1;SR_1_SM_1;0.9497645211930926
804.511665672831;1476.21751125995;3;1;3_1;0.6360438889084734;7;3_1;SR_1_SM_1;0.9497645211930926
811.1607930871924;1482.8672872181698;3;1;3_1;0.6388824887074133;7;3_1;SR_1_SM_1;0.9497645211930926
817.8102447734827;1482.8676114900993;3;1;3_1;0.6408896818743183;7;3_1;SR_1_SM_1;0.9497645211930926
824.4593721878439;1489.5173874483191;3;1;3_1;0.643728281673258;7;3_1;SR_1_SM_1;0.9497645211930926
831.1088238741345;1489.5177117202486;3;1;3_1;0.6457354748401631;7;3_1;SR_1_SM_1;0.9497645211930926
837.7579512884954;1496.1674876784684;3;1;3_1;0.6485740746391029;7;3_1;SR_1_SM_1;0.9497645211930926
844.407402974786;1496.167811950398;3;1;3_1;0.650581267806008;7;3_1;SR_1_SM_1;0.9497645211930926
851.0565303891472;1502.8175879086175;3;1;3_1;0.6534198676049477;7;3_1;SR_1_SM_1;0.9497645211930926
857.7056578035083;1509.4673638668376;3;1;3_1;0.6562584674038875;7;3_1;SR_1_SM_1;0.9497645211930926
857.7053335315791;1516.1168155531282;3;1;3_1;0.6582656605707926;7;3_1;SR_1_SM_1;0.9497645211930926
864.3544609459402;1522.766591511348;3;1;3_1;0.6611042603697324;7;3_1;SR_1_SM_1;0.9497645211930926
871.0035883603011;1529.4163674695678;3;1;3_1;0.6639428601686721;7;3_1;SR_1_SM_1;0.9497645211930926
877.6527157746625;1536.066143427788;3;1;3_1;0.666781459967612;7;3_1;SR_1_SM_1;0.9497645211930926
877.652391502733;1542.7155951140785;3;1;3_1;0.668788653134517;7;3_1;SR_1_SM_1;0.9497645211930926
877.6520672308036;1549.3650468003689;3;1;3_1;0.6707958463014221;7;3_1;SR_1_SM_1;0.9497645211930926
877.6517429588744;1556.0144984866597;3;1;3_1;0.6728030394683272;7;3_1;SR_1_SM_1;0.9497645211930926
884.3008703732355;1562.6642744448793;3;1;3_1;0.675641639267267;7;3_1;SR_1_SM_1;0.9497645211930926
884.300546101306;1569.31372613117;3;1;3_1;0.6776488324341721;7;3_1;SR_1_SM_1;0.9497645211930926
884.3002218293768;1575.9631778174603;3;1;3_1;0.6796560256010771;7;3_1;SR_1_SM_1;0.9497645211930926
890.9493492437377;1582.61295377568;3;1;3_1;0.6824946254000166;7;3_1;SR_1_SM_1;0.9497645211930926
890.9490249718083;1589.2624054619707;3;1;3_1;0.6845018185669219;7;3_1;SR_1_SM_1;0.9497645211930926
897.5981523861697;1595.9121814201908;3;1;3_1;0.6873404183658618;7;3_1;SR_1_SM_1;0.9497645211930926
897.5978281142402;1602.5616331064812;3;1;3_1;0.6893476115327669;7;3_1;SR_1_SM_1;0.9497645211930926
904.2469555286012;1609.211409064701;3;1;3_1;0.6921862113317067;7;3_1;SR_1_SM_1;0.9497645211930926
904.246631256672;1615.8608607509916;3;1;3_1;0.6941934044986117;7;3_1;SR_1_SM_1;0.9497645211930926
910.895758671033;1622.5106367092114;3;1;3_1;0.6970320042975514;7;3_1;SR_1_SM_1;0.9497645211930926
910.8954343991038;1629.160088395502;3;1;3_1;0.6990391974644565;7;3_1;SR_1_SM_1;0.9497645211930926
910.8951101271743;1635.8095400817924;3;1;3_1;0.7010463906313614;8;3_1;SR_1_SM_1;0.7008547008547009
910.8947858552448;1642.458991768083;3;1;3_1;0.7030535837982667;8;3_1;SR_1_SM_1;0.7008547008547009
917.5439132696064;1649.1087677263029;3;1;3_1;0.7058921835972065;8;3_1;SR_1_SM_1;0.7008547008547009
917.5435889976768;1655.7582194125937;3;1;3_1;0.7078993767641116;8;3_1;SR_1_SM_1;0.7008547008547009
917.5432647257472;1662.4076710988838;3;1;3_1;0.7099065699310166;8;3_1;SR_1_SM_1;0.7008547008547009
924.1923921401084;1669.057447057104;3;1;3_1;0.7127451697299564;8;3_1;SR_1_SM_1;0.7008547008547009
930.8415195544696;1675.7072230153235;3;1;3_1;0.715583769528896;8;3_1;SR_1_SM_1;0.7008547008547009
930.8411952825402;1682.3566747016143;3;1;3_1;0.7175909626958014;8;3_1;SR_1_SM_1;0.7008547008547009
937.4903226969016;1689.0064506598342;3;1;3_1;0.7204295624947411;8;3_1;SR_1_SM_1;0.7008547008547009
944.1394501112624;1695.656226618054;3;1;3_1;0.7232681622936808;8;3_1;SR_1_SM_1;0.7008547008547009
950.7885775256236;1702.306002576274;3;1;3_1;0.7261067620926207;8;3_1;SR_1_SM_1;0.7008547008547009
957.4377049399848;1708.955778534494;3;1;3_1;0.7289453618915602;8;3_1;SR_1_SM_1;0.7008547008547009
957.4373806680552;1715.6052302207845;3;1;3_1;0.7309525550584655;8;3_1;SR_1_SM_1;0.7008547008547009
964.0865080824163;1722.2550061790043;3;1;3_1;0.7337911548574051;8;3_1;SR_1_SM_1;0.7008547008547009
970.7356354967778;1728.9047821372242;3;1;3_1;0.7366297546563451;8;3_1;SR_1_SM_1;0.7008547008547009
977.3850871830682;1728.9051064091536;3;1;3_1;0.73863694782325;8;3_1;SR_1_SM_1;0.7008547008547009
984.0342145974294;1735.5548823673737;3;1;3_1;0.7414755476221899;8;3_1;SR_1_SM_1;0.7008547008547009
990.6833420117908;1742.2046583255933;3;1;3_1;0.7443141474211297;8;3_1;SR_1_SM_1;0.7008547008547009
997.3324694261516;1748.8544342838131;3;1;3_1;0.7471527472200692;8;3_1;SR_1_SM_1;0.7008547008547009
1003.9819211124424;1748.8547585557426;3;1;3_1;0.7491599403869743;8;3_1;SR_1_SM_1;0.7008547008547009
1010.6310485268032;1755.5045345139624;3;1;3_1;0.7519985401859139;8;3_1;SR_1_SM_1;0.7008547008547009
1017.2805002130938;1755.504858785892;3;1;3_1;0.7540057333528191;8;3_1;SR_1_SM_1;0.7008547008547009
1023.9296276274551;1762.1546347441115;3;1;3_1;0.7568443331517588;8;3_1;SR_1_SM_1;0.7008547008547009
1030.5790793137453;1762.1549590160412;3;1;3_1;0.7588515263186638;8;3_1;SR_1_SM_1;0.7008547008547009
1037.228531000036;1762.1552832879706;3;1;3_1;0.7608587194855688;8;3_1;SR_1_SM_1;0.7008547008547009
1043.877658414397;1768.8050592461905;3;1;3_1;0.7636973192845087;8;3_1;SR_1_SM_1;0.7008547008547009
1050.526785828758;1775.4548352044103;3;1;3_1;0.7665359190834483;8;3_1;SR_1_SM_1;0.7008547008547009
1057.1762375150488;1775.4551594763398;3;1;3_1;0.7685431122503537;8;3_1;SR_1_SM_1;0.7008547008547009
1063.8253649294102;1782.1049354345596;3;1;3_1;0.7713817120492934;8;3_1;SR_1_SM_1;0.7008547008547009
1070.4748166157003;1782.105259706489;3;1;3_1;0.7733889052161984;8;3_1;SR_1_SM_1;0.7008547008547009
1077.124268301991;1782.1055839784185;3;1;3_1;0.7753960983831034;8;3_1;SR_1_SM_1;0.7008547008547009
1083.7737199882813;1782.1059082503475;3;1;3_1;0.7774032915500085;8;3_1;SR_1_SM_1;0.7008547008547009
1090.423171674572;1782.1062325222772;3;1;3_1;0.7794104847169137;8;3_1;SR_1_SM_1;0.7008547008547009
1097.072299088933;1788.756008480497;3;1;3_1;0.7822490845158534;8;3_1;SR_1_SM_1;0.7008547008547009
1103.7217507752234;1788.7563327524265;3;1;3_1;0.7842562776827584;8;3_1;SR_1_SM_1;0.7008547008547009
1110.3712024615145;1788.7566570243555;3;1;3_1;0.7862634708496636;8;3_1;SR_1_SM_1;0.7008547008547009
1117.0203298758752;1795.4064329825758;3;1;3_1;0.7891020706486034;8;3_1;SR_1_SM_1;0.7008547008547009
1123.6697815621656;1795.406757254505;3;1;3_1;0.7911092638155085;8;3_1;SR_1_SM_1;0.7008547008547009
1130.3192332484564;1795.4070815264345;3;1;3_1;0.7931164569824136;8;3_1;SR_1_SM_1;0.7008547008547009
1136.9686849347468;1795.407405798364;3;1;3_1;0.7951236501493186;8;3_1;SR_1_SM_1;0.7008547008547009
1143.6181366210371;1795.4077300702932;3;1;3_1;0.7971308433162236;8;3_1;SR_1_SM_1;0.7008547008547009
1150.267588307328;1795.4080543422226;3;1;3_1;0.7991380364831288;8;3_1;SR_1_SM_1;0.7008547008547009
1156.9170399936183;1795.4083786141518;3;1;3_1;0.8011452296500339;9;3_1;SR_1_SM_0;0.638888888888889
1163.5661674079795;1802.058154572372;3;1;3_1;0.8039838294489737;9;3_1;SR_1_SM_0;0.638888888888889
1170.21561909427;1802.058478844301;3;1;3_1;0.8059910226158787;9;3_1;SR_1_SM_0;0.638888888888889
1176.8650707805605;1802.0588031162304;3;1;3_1;0.8079982157827839;9;3_1;SR_1_SM_0;0.638888888888889
1183.5145224668513;1802.05912738816;3;1;3_1;0.810005408949689;9;3_1;SR_1_SM_0;0.638888888888889
1190.1639741531417;1802.0594516600893;3;1;3_1;0.812012602116594;9;3_1;SR_1_SM_0;0.638888888888889
1196.813425839432;1802.0597759320187;3;1;3_1;0.814019795283499;9;3_1;SR_1_SM_0;0.638888888888889
1203.462877525723;1802.060100203948;3;1;3_1;0.8160269884504042;9;3_1;SR_1_SM_0;0.638888888888889
1210.1123292120133;1802.0604244758772;3;1;3_1;0.8180341816173092;9;3_1;SR_1_SM_0;0.638888888888889
1216.7617808983036;1802.0607487478069;3;1;3_1;0.8200413747842143;9;3_1;SR_1_SM_0;0.638888888888889
1223.4112325845945;1802.0610730197363;3;1;3_1;0.8220485679511195;9;3_1;SR_1_SM_0;0.638888888888889
1230.0606842708848;1802.0613972916656;3;1;3_1;0.8240557611180245;9;3_1;SR_1_SM_0;0.638888888888889
1236.7098116852458;1808.7111732498856;3;1;3_1;0.8268943609169642;9;3_1;SR_1_SM_0;0.638888888888889
1243.3592633715366;1808.7114975218149;3;1;3_1;0.8289015540838695;9;3_1;SR_1_SM_0;0.638888888888889
1250.008715057827;1808.7118217937443;3;1;3_1;0.8309087472507745;9;3_1;SR_1_SM_0;0.638888888888889
1256.6581667441174;1808.7121460656736;3;1;3_1;0.8329159404176795;9;3_1;SR_1_SM_0;0.638888888888889
1263.3076184304075;1808.712470337603;3;1;3_1;0.8349231335845845;9;3_1;SR_1_SM_0;0.638888888888889
1269.9570701166986;1808.7127946095325;3;1;3_1;0.8369303267514897;9;3_1;SR_1_SM_0;0.638888888888889
1276.606521802989;1808.7131188814617;3;1;3_1;0.8389375199183947;9;3_1;SR_1_SM_0;0.638888888888889
1283.2559734892793;1808.7134431533912;3;1;3_1;0.8409447130852997;9;3_1;SR_1_SM_0;0.638888888888889
1289.90542517557;1808.7137674253208;3;1;3_1;0.8429519062522048;9;3_1;SR_1_SM_0;0.638888888888889
1296.5548768618603;1808.7140916972496;3;1;3_1;0.8449590994191098;9;3_1;SR_1_SM_0;0.638888888888889
1303.204328548151;1808.7144159691795;3;1;3_1;0.846966292586015;9;3_1;SR_1_SM_0;0.638888888888889
1309.8537802344415;1808.7147402411088;3;1;3_1;0.8489734857529201;9;3_1;SR_1_SM_0;0.638888888888889
1316.503231920732;1808.715064513038;3;1;3_1;0.8509806789198251;9;3_1;SR_1_SM_0;0.638888888888889
1323.1526836070225;1808.7153887849677;3;1;3_1;0.8529878720867302;9;3_1;SR_1_SM_0;0.638888888888889
1329.8021352933133;1808.715713056897;3;1;3_1;0.8549950652536353;9;3_1;SR_1_SM_0;0.638888888888889
1336.4515869796037;1808.716037328826;3;1;3_1;0.8570022584205405;9;3_1;SR_1_SM_0;0.638888888888889
1343.101038665894;1808.716361600756;3;1;3_1;0.8590094515874455;9;3_1;SR_1_SM_0;0.638888888888889
1349.750490352185;1808.716685872685;3;1;3_1;0.8610166447543506;9;3_1;SR_1_SM_0;0.638888888888889
1356.3999420384753;1808.7170101446145;3;1;3_1;0.8630238379212556;9;3_1;SR_1_SM_0;0.638888888888889
1363.0493937247657;1808.717334416544;3;1;3_1;0.8650310310881607;9;3_1;SR_1_SM_0;0.638888888888889
1369.698845411056;1808.717658688473;3;1;3_1;0.8670382242550657;9;3_1;SR_1_SM_0;0.638888888888889
1376.3482970973469;1808.7179829604024;3;1;3_1;0.869045417421971;9;3_1;SR_1_SM_0;0.638888888888889
1382.9977487836372;1808.718307232332;3;1;3_1;0.871052610588876;9;3_1;SR_1_SM_0;0.638888888888889
1389.6472004699276;1808.718631504261;3;1;3_1;0.873059803755781;9;3_1;SR_1_SM_0;0.638888888888889
1396.2966521562184;1808.7189557761903;3;1;3_1;0.8750669969226861;9;3_1;SR_1_SM_0;0.638888888888889
1402.9461038425088;1808.71928004812;3;1;3_1;0.8770741900895912;9;3_1;SR_1_SM_0;0.638888888888889
1409.5955555287992;1808.7196043200493;3;1;3_1;0.8790813832564962;9;3_1;SR_1_SM_0;0.638888888888889
1416.24500721509;1808.7199285919787;3;1;3_1;0.8810885764234014;9;3_1;SR_1_SM_0;0.638888888888889
1422.8944589013804;1808.720252863908;3;1;3_1;0.8830957695903063;9;3_1;SR_1_SM_0;0.638888888888889
1429.5439105876708;1808.7205771358372;3;1;3_1;0.8851029627572115;9;3_1;SR_1_SM_0;0.638888888888889
1436.1933622739616;1808.7209014077669;3;1;3_1;0.8871101559241166;9;3_1;SR_1_SM_0;0.638888888888889
1442.842813960252;1808.7212256796963;3;1;3_1;0.8891173490910217;9;3_1;SR_1_SM_0;0.638888888888889
1449.4922656465424;1808.721549951625;3;1;3_1;0.8911245422579267;9;3_1;SR_1_SM_0;0.638888888888889
1456.1417173328332;1808.721874223555;3;1;3_1;0.8931317354248319;9;3_1;SR_1_SM_0;0.638888888888889
1462.7911690191236;1808.7221984954845;3;1;3_1;0.8951389285917368;9;3_1;SR_1_SM_0;0.638888888888889
1469.440620705414;1808.7225227674137;3;1;3_1;0.897146121758642;9;3_1;SR_1_SM_0;0.638888888888889
1476.0900723917048;1808.7228470393432;3;1;3_1;0.8991533149255471;9;3_1;SR_1_SM_0;0.638888888888889
1482.7395240779952;1808.7231713112724;3;1;3_1;0.9011605080924522;10;3_1;SR_1_SM_1;1.0
1489.3889757642855;1808.7234955832016;3;1;3_1;0.9031677012593573;10;3_1;SR_1_SM_1;1.0
1496.038427450576;1808.7238198551315;3;1;3_1;0.9051748944262622;10;3_1;SR_1_SM_1;1.0
1502.6878791368667;1808.7241441270603;3;1;3_1;0.9071820875931673;10;3_1;SR_1_SM_1;1.0
1509.3373308231571;1808.72446839899;3;1;3_1;0.9091892807600724;10;3_1;SR_1_SM_1;1.0
1515.9867825094475;1808.7247926709197;3;1;3_1;0.9111964739269776;10;3_1;SR_1_SM_1;1.0
1522.6362341957383;1808.725116942849;3;1;3_1;0.9132036670938827;10;3_1;SR_1_SM_1;1.0
1529.2856858820287;1808.725441214778;3;1;3_1;0.9152108602607876;10;3_1;SR_1_SM_1;1.0
1535.935137568319;1808.725765486708;3;1;3_1;0.9172180534276927;10;3_1;SR_1_SM_1;1.0
1542.58458925461;1808.7260897586368;3;1;3_1;0.9192252465945978;10;3_1;SR_1_SM_1;1.0
1549.2340409409005;1808.7264140305665;3;1;3_1;0.9212324397615029;10;3_1;SR_1_SM_1;1.0
1555.883492627191;1808.726738302496;3;1;3_1;0.923239632928408;10;3_1;SR_1_SM_1;1.0
1562.5329443134815;1808.727062574425;3;1;3_1;0.9252468260953132;10;3_1;SR_1_SM_1;1.0
1569.182395999772;1808.7273868463544;3;1;3_1;0.9272540192622183;10;3_1;SR_1_SM_1;1.0
1575.8318476860622;1808.727711118284;3;1;3_1;0.9292612124291232;10;3_1;SR_1_SM_1;1.0
1582.481299372353;1808.728035390213;3;1;3_1;0.9312684055960283;10;3_1;SR_1_SM_1;1.0
1589.1307510586437;1808.7283596621423;3;1;3_1;0.9332755987629335;10;3_1;SR_1_SM_1;1.0
1595.7802027449338;1808.728683934072;3;1;3_1;0.9352827919298385;10;3_1;SR_1_SM_1;1.0
1602.4296544312242;1808.7290082060013;3;1;3_1;0.9372899850967435;10;3_1;SR_1_SM_1;1.0
1609.079106117515;1808.7293324779307;3;1;3_1;0.9392971782636488;10;3_1;SR_1_SM_1;1.0
1615.7285578038054;1808.72965674986;3;1;3_1;0.9413043714305538;10;3_1;SR_1_SM_1;1.0
1622.3780094900958;1808.7299810217892;3;1;3_1;0.9433115645974588;10;3_1;SR_1_SM_1;1.0
1629.0274611763866;1808.7303052937189;3;1;3_1;0.9453187577643639;10;3_1;SR_1_SM_1;1.0
1635.676912862677;1808.730629565648;3;1;3_1;0.947325950931269;10;3_1;SR_1_SM_1;1.0
1642.3263645489674;1808.730953837577;3;1;3_1;0.949333144098174;10;3_1;SR_1_SM_1;1.0
1648.9758162352582;1808.731278109507;3;1;3_1;0.9513403372650793;10;3_1;SR_1_SM_1;1.0
1655.6252679215486;1808.731602381436;3;1;3_1;0.9533475304319843;10;3_1;SR_1_SM_1;1.0
1662.274719607839;1808.7319266533657;3;1;3_1;0.9553547235988893;10;3_1;SR_1_SM_1;1.0
1668.9241712941298;1808.7322509252951;3;1;3_1;0.9573619167657944;10;3_1;SR_1_SM_1;1.0
1675.5736229804202;1808.7325751972244;3;1;3_1;0.9593691099326995;10;3_1;SR_1_SM_1;1.0
1682.2230746667103;1808.7328994691536;3;1;3_1;0.9613763030996044;10;3_1;SR_1_SM_1;1.0
1688.8725263530014;1808.7332237410835;3;1;3_1;0.9633834962665097;10;3_1;SR_1_SM_1;1.0
1695.5219780392918;1808.7335480130123;3;1;3_1;0.9653906894334147;10;3_1;SR_1_SM_1;1.0
1702.171429725582;1808.733872284942;3;1;3_1;0.9673978826003197;10;3_1;SR_1_SM_1;1.0
1708.820881411873;1808.7341965568712;3;1;3_1;0.9694050757672249;10;3_1;SR_1_SM_1;1.0
1715.4706573700928;1802.0850691425103;3;1;3_1;0.9722436755661646;10;3_1;SR_1_SM_1;1.0
1722.1201090563832;1802.0853934144395;3;1;3_1;0.9742508687330695;10;3_1;SR_1_SM_1;1.0
1728.7695607426735;1802.085717686369;3;1;3_1;0.9762580618999747;10;3_1;SR_1_SM_1;1.0
1735.4190124289644;1802.0860419582984;3;1;3_1;0.9782652550668798;10;3_1;SR_1_SM_1;1.0
1742.0684641152548;1802.086366230228;3;1;3_1;0.9802724482337849;10;3_1;SR_1_SM_1;1.0
1748.7179158015451;1802.086690502157;3;1;3_1;0.98227964140069;10;3_1;SR_1_SM_1;1.0
1755.367367487836;1802.0870147740864;3;1;3_1;0.9842868345675951;10;3_1;SR_1_SM_1;1.0
1762.0171434460558;1795.4378873597252;3;1;3_1;0.9871254343665349;10;3_1;SR_1_SM_1;1.0
1768.6665951323462;1795.438211631655;3;1;3_1;0.9891326275334399;10;3_1;SR_1_SM_1;1.0
1775.3160468186366;1795.438535903584;3;1;3_1;0.9911398207003449;10;3_1;SR_1_SM_1;1.0
1781.965498504927;1795.4388601755134;3;1;3_1;0.99314701386725;10;3_1;SR_1_SM_1;1.0
1788.6149501912178;1795.4391844474428;3;1;3_1;0.9951542070341551;10;3_1;SR_1_SM_1;1.0
1795.2644018775086;1795.4395087193725;3;1;3_1;0.9971614002010603;10;3_1;SR_1_SM_1;1.0
1801.9135292918693;1802.089284677592;3;1;3_1;1.0;10;3_1;SR_1_SM_1;1.0
0.0;0.0;3;2;3_2;0.0;1;;brak;
6.649127414361146;6.649775958219834;3;2;3_2;0.0030061919770337595;1;;brak;
6.6488031424317455;13.299227644510438;3;2;3_2;0.005131890709542962;1;;brak;
6.648478870502345;19.94867933080081;3;2;3_2;0.007257589442052089;1;;brak;
6.648154598573001;26.59813101709142;3;2;3_2;0.009383288174561293;1;;brak;
6.6478303266436;33.247582703381795;3;2;3_2;0.011508986907070423;1;;brak;
-0.0019456315762909;39.89671011774317;3;2;3_2;0.014515178884104248;1;;brak;
-0.0022699035056632;46.54616180403377;3;2;3_2;0.01664087761661345;1;;brak;
-0.0025941754350355;53.19561349032415;3;2;3_2;0.018766576349122578;1;;brak;
-0.0029184473644079;59.84506517661475;3;2;3_2;0.02089227508163178;1;;brak;
-6.652694405584299;66.4941925909759;3;2;3_2;0.023898467058665555;1;;brak;
-6.6530186775137;73.14364427726628;3;2;3_2;0.026024165791174683;1;;brak;
-6.653342949443072;79.79309596355688;3;2;3_2;0.02814986452368388;1;;brak;
-6.653667221372444;86.44254764984726;3;2;3_2;0.03027556325619301;1;;brak;
-6.653991493301817;93.09199933613786;3;2;3_2;0.03240126198870221;1;;brak;
-6.654315765231189;99.74145102242846;3;2;3_2;0.03452696072121141;1;;brak;
-6.654640037160561;106.39090270871884;3;2;3_2;0.036652659453720544;1;;brak;
-6.654964309089962;113.04035439500944;3;2;3_2;0.038778358186229746;1;;brak;
-6.655288581019335;119.68980608130003;3;2;3_2;0.04090405691873894;1;;brak;
-6.655612852948707;126.33925776759042;3;2;3_2;0.04302975565124808;1;;brak;
-6.655937124878079;132.98870945388103;3;2;3_2;0.04515545438375728;1;;brak;
-6.656261396807452;139.6381611401714;3;2;3_2;0.047281153116266406;1;;brak;
-0.0071339824463336;146.28793709839147;3;2;3_2;0.05028734509330021;1;;brak;
-0.007458254375706;152.93738878468207;3;2;3_2;0.05241304382580942;1;;brak;
-0.0077825263050783;159.58684047097245;3;2;3_2;0.054538742558318545;1;;brak;
-0.0081067982344507;166.23629215726305;3;2;3_2;0.05666444129082775;1;;brak;
-0.008431070163823;172.88574384355366;3;2;3_2;0.05879014002333695;1;;brak;
-0.0087553420931953;179.53519552984403;3;2;3_2;0.06091583875584607;1;;brak;
-0.0090796140225961;186.18464721613464;3;2;3_2;0.06304153748835528;1;;brak;
-0.0094038859519685;192.834098902425;3;2;3_2;0.0651672362208644;1;;brak;
-0.0097281578813408;199.4835505887156;3;2;3_2;0.0672929349533736;1;;brak;
-0.0100524298107131;206.13300227500625;3;2;3_2;0.06941863368588283;1;;brak;
-0.0103767017400855;212.7824539612966;3;2;3_2;0.07154433241839195;1;;brak;
-0.0107009736694863;219.4319056475872;3;2;3_2;0.07367003115090115;1;;brak;
-0.0110252455988586;226.0813573338778;3;2;3_2;0.07579572988341034;1;;brak;
6.638102168762316;232.7311332920974;3;2;3_2;0.07880192186044406;1;;brak;
6.637777896832915;239.380584978388;3;2;3_2;0.08092762059295325;1;;brak;
6.6374536249035145;246.03003666467865;3;2;3_2;0.08305331932546246;1;;brak;
6.637129352974171;252.679488350969;3;2;3_2;0.08517901805797158;1;;brak;
6.63680508104477;259.3289400372596;3;2;3_2;0.08730471679048081;1;;brak;
6.636480809115426;265.97839172355;3;2;3_2;0.08943041552298996;1;;brak;
6.636156537186025;272.6278434098406;3;2;3_2;0.09155611425549916;1;;brak;
6.635832265256624;279.2772950961312;3;2;3_2;0.09368181298800837;1;;brak;
6.6355079933272805;285.9267467824216;3;2;3_2;0.09580751172051752;1;;brak;
6.63518372139788;292.57619846871216;3;2;3_2;0.09793321045302672;1;;brak;
6.634859449468536;299.2256501550028;3;2;3_2;0.10005890918553595;2;3_2;SR_0_SM_0;0.6202047745074452
6.634535177539135;305.87510184129314;3;2;3_2;0.10218460791804507;2;3_2;SR_0_SM_0;0.6202047745074452
6.634210905609734;312.52455352758375;3;2;3_2;0.1043103066505542;2;3_2;SR_0_SM_0;0.6202047745074452
6.63388663368039;319.1740052138741;3;2;3_2;0.10643600538306333;2;3_2;SR_0_SM_0;0.6202047745074452
6.63356236175099;325.8234569001648;3;2;3_2;0.10856170411557256;2;3_2;SR_0_SM_0;0.6202047745074452
6.633238089821646;332.47290858645533;3;2;3_2;0.11068740284808176;2;3_2;SR_0_SM_0;0.6202047745074452
6.632913817892245;339.1223602727457;3;2;3_2;0.1128131015805909;2;3_2;SR_0_SM_0;0.6202047745074452
6.632589545962844;345.7718119590363;3;2;3_2;0.11493880031310011;2;3_2;SR_0_SM_0;0.6202047745074452
6.6322652740335;352.4212636453269;3;2;3_2;0.11706449904560931;2;3_2;SR_0_SM_0;0.6202047745074452
6.631941002104099;359.0707153316173;3;2;3_2;0.11919019777811846;2;3_2;SR_0_SM_0;0.6202047745074452
6.631616730174756;365.7201670179079;3;2;3_2;0.12131589651062763;2;3_2;SR_0_SM_0;0.6202047745074452
6.631292458245355;372.3696187041983;3;2;3_2;0.12344159524313676;2;3_2;SR_0_SM_0;0.6202047745074452
6.630968186315954;379.0190703904889;3;2;3_2;0.12556729397564598;2;3_2;SR_0_SM_0;0.6202047745074452
6.63064391438661;385.6685220767795;3;2;3_2;0.12769299270815518;2;3_2;SR_0_SM_0;0.6202047745074452
13.279771328747756;392.3182980349993;3;2;3_2;0.13069918468518893;2;3_2;SR_0_SM_0;0.6202047745074452
13.279447056818412;398.9677497212899;3;2;3_2;0.13282488341769816;2;3_2;SR_0_SM_0;0.6202047745074452
13.279122784889012;405.6172014075805;3;2;3_2;0.13495058215020736;2;3_2;SR_0_SM_0;0.6202047745074452
13.278798512959668;412.2666530938709;3;2;3_2;0.1370762808827165;2;3_2;SR_0_SM_0;0.6202047745074452
13.278474241030269;418.9161047801615;3;2;3_2;0.13920197961522562;2;3_2;SR_0_SM_0;0.6202047745074452
13.278149969100866;425.5655564664519;3;2;3_2;0.14132767834773477;2;3_2;SR_0_SM_0;0.6202047745074452
13.277825697171522;432.2150081527425;3;2;3_2;0.14345337708024397;2;3_2;SR_0_SM_0;0.6202047745074452
13.277501425242122;438.8644598390331;3;2;3_2;0.1455790758127532;2;3_2;SR_0_SM_0;0.6202047745074452
19.926628839603268;445.5142357972529;3;2;3_2;0.14858526778978695;2;3_2;SR_0_SM_0;0.6202047745074452
19.926304567673867;452.1636874835435;3;2;3_2;0.15071096652229615;2;3_2;SR_0_SM_0;0.6202047745074452
26.575431982035013;458.81346344176336;3;2;3_2;0.1537171584993299;2;3_2;SR_0_SM_0;0.6202047745074452
26.57510771010567;465.46291512805374;3;2;3_2;0.15584285723183905;2;3_2;SR_0_SM_0;0.6202047745074452
26.57478343817627;472.11236681434434;3;2;3_2;0.15796855596434822;2;3_2;SR_0_SM_0;0.6202047745074452
26.574459166246925;478.7618185006349;3;2;3_2;0.16009425469685742;2;3_2;SR_0_SM_0;0.6202047745074452
26.574134894317524;485.4112701869253;3;2;3_2;0.16221995342936657;2;3_2;SR_0_SM_0;0.6202047745074452
26.573810622388123;492.0607218732159;3;2;3_2;0.16434565216187577;2;3_2;SR_0_SM_0;0.6202047745074452
26.57348635045878;498.7101735595063;3;2;3_2;0.1664713508943849;2;3_2;SR_0_SM_0;0.6202047745074452
26.57316207852938;505.3596252457969;3;2;3_2;0.16859704962689406;2;3_2;SR_0_SM_0;0.6202047745074452
26.572837806600035;512.0090769320875;3;2;3_2;0.17072274835940326;2;3_2;SR_0_SM_0;0.6202047745074452
33.221965220961124;518.6588528903073;3;2;3_2;0.17372894033643702;2;3_2;SR_0_SM_0;0.6202047745074452
33.22164094903172;525.308304576598;3;2;3_2;0.17585463906894627;2;3_2;SR_0_SM_0;0.6202047745074452
33.22131667710238;531.9577562628886;3;2;3_2;0.17798033780145547;2;3_2;SR_0_SM_0;0.6202047745074452
33.22099240517298;538.6072079491789;3;2;3_2;0.1801060365339646;2;3_2;SR_0_SM_0;0.6202047745074452
33.220668133243635;545.2566596354695;3;2;3_2;0.18223173526647377;2;3_2;SR_0_SM_0;0.6202047745074452
33.220343861314234;551.9061113217599;3;2;3_2;0.18435743399898288;2;3_2;SR_0_SM_0;0.6202047745074452
39.86947127567538;558.55588727998;3;2;3_2;0.18736362597601672;2;3_2;SR_0_SM_0;0.6202047745074452
39.86914700374604;565.2053389662706;3;2;3_2;0.1894893247085259;2;3_2;SR_0_SM_0;0.6202047745074452
39.86882273181664;571.854790652561;3;2;3_2;0.191615023441035;2;3_2;SR_0_SM_0;0.6202047745074452
46.51795014617778;578.5045666107808;3;2;3_2;0.1946212154180688;2;3_2;SR_0_SM_0;0.6202047745074452
46.51762587424838;585.1540182970714;3;2;3_2;0.196746914150578;2;3_2;SR_0_SM_0;0.6202047745074452
46.51730160231904;591.8034699833618;3;2;3_2;0.1988726128830871;2;3_2;SR_0_SM_0;0.6202047745074452
46.51697733038964;598.4529216696524;3;2;3_2;0.20099831161559628;3;3_2;SR_0_SM_0;0.3947811447811448
46.51665305846024;605.1023733559427;3;2;3_2;0.2031240103481054;3;3_2;SR_0_SM_0;0.3947811447811448
46.51632878653089;611.7518250422333;3;2;3_2;0.2052497090806146;3;3_2;SR_0_SM_0;0.3947811447811448
46.51600451460149;618.401276728524;3;2;3_2;0.2073754078131238;3;3_2;SR_0_SM_0;0.3947811447811448
53.16513192896269;625.0510526867438;3;2;3_2;0.21038159979015758;3;3_2;SR_0_SM_0;0.3947811447811448
53.16480765703329;631.7005043730344;3;2;3_2;0.21250729852266684;3;3_2;SR_0_SM_0;0.3947811447811448
53.16448338510389;638.349956059325;3;2;3_2;0.21463299725517604;3;3_2;SR_0_SM_0;0.3947811447811448
59.81361079946504;644.9997320175446;3;2;3_2;0.21763918923220973;3;3_2;SR_0_SM_0;0.3947811447811448
59.81328652753564;651.6491837038352;3;2;3_2;0.21976488796471894;3;3_2;SR_0_SM_0;0.3947811447811448
59.81296225560629;658.2986353901258;3;2;3_2;0.2218905866972281;3;3_2;SR_0_SM_0;0.3947811447811448
59.81263798367689;664.9480870764162;3;2;3_2;0.22401628542973723;3;3_2;SR_0_SM_0;0.3947811447811448
59.81231371174749;671.5975387627068;3;2;3_2;0.22614198416224643;3;3_2;SR_0_SM_0;0.3947811447811448
66.4614411261087;678.2473147209266;3;2;3_2;0.2291481761392802;3;3_2;SR_0_SM_0;0.3947811447811448
66.4611168541793;684.8967664072172;3;2;3_2;0.23127387487178944;3;3_2;SR_0_SM_0;0.3947811447811448
73.11024426854044;691.5465423654373;3;2;3_2;0.23428006684882324;3;3_2;SR_0_SM_0;0.3947811447811448
73.10991999661104;698.1959940517277;3;2;3_2;0.23640576558133236;3;3_2;SR_0_SM_0;0.3947811447811448
73.10959572468164;704.8454457380183;3;2;3_2;0.23853146431384156;3;3_2;SR_0_SM_0;0.3947811447811448
73.1092714527523;711.4948974243089;3;2;3_2;0.24065716304635074;3;3_2;SR_0_SM_0;0.3947811447811448
79.75839886711344;718.1446733825285;3;2;3_2;0.24366335502338446;3;3_2;SR_0_SM_0;0.3947811447811448
86.40752628147459;724.7944493407485;3;2;3_2;0.24666954700041827;3;3_2;SR_0_SM_0;0.3947811447811448
86.40720200954519;731.4439010270389;3;2;3_2;0.24879524573292738;3;3_2;SR_0_SM_0;0.3947811447811448
93.05632942390632;738.093676985259;3;2;3_2;0.2518014377099612;3;3_2;SR_0_SM_0;0.3947811447811448
93.056005151977;744.7431286715496;3;2;3_2;0.25392713644247045;3;3_2;SR_0_SM_0;0.3947811447811448
93.0556808800476;751.39258035784;3;2;3_2;0.25605283517497957;3;3_2;SR_0_SM_0;0.3947811447811448
99.70480829440874;758.0423563160598;3;2;3_2;0.2590590271520133;3;3_2;SR_0_SM_0;0.3947811447811448
106.35393570876988;764.6921322742799;3;2;3_2;0.2620652191290471;3;3_2;SR_0_SM_0;0.3947811447811448
106.35361143684054;771.3415839605702;3;2;3_2;0.26419091786155624;3;3_2;SR_0_SM_0;0.3947811447811448
106.35328716491114;777.9910356468608;3;2;3_2;0.2663166165940654;3;3_2;SR_0_SM_0;0.3947811447811448
113.00241457927224;784.6408116050807;3;2;3_2;0.26932280857109914;3;3_2;SR_0_SM_0;0.3947811447811448
119.65154199363344;791.2905875633005;3;2;3_2;0.27232900054813297;3;3_2;SR_0_SM_0;0.3947811447811448
119.65121772170404;797.9400392495911;3;2;3_2;0.27445469928064214;3;3_2;SR_0_SM_0;0.3947811447811448
126.30034513606518;804.589815207811;3;2;3_2;0.27746089125767587;3;3_2;SR_0_SM_0;0.3947811447811448
132.94947255042632;811.239591166031;3;2;3_2;0.2804670832347097;3;3_2;SR_0_SM_0;0.3947811447811448
132.94914827849692;817.8890428523216;3;2;3_2;0.2825927819672189;3;3_2;SR_0_SM_0;0.3947811447811448
132.94882400656758;824.538494538612;3;2;3_2;0.284718480699728;3;3_2;SR_0_SM_0;0.3947811447811448
139.59795142092867;831.1882704968318;3;2;3_2;0.2877246726767618;3;3_2;SR_0_SM_0;0.3947811447811448
146.24707883528987;837.8380464550517;3;2;3_2;0.29073086465379555;3;3_2;SR_0_SM_0;0.3947811447811448
152.89620624965096;844.4878224132717;3;2;3_2;0.2937370566308294;3;3_2;SR_0_SM_0;0.3947811447811448
152.89588197772156;851.1372740995623;3;2;3_2;0.29586275536333867;3;3_2;SR_0_SM_0;0.3947811447811448
159.54500939208276;857.7870500577819;3;2;3_2;0.2988689473403724;3;3_2;SR_0_SM_0;0.3947811447811448
166.19413680644385;864.436826016002;3;2;3_2;0.30187513931740617;4;3_2;SR_0_SM_0;0.5993425462795855
172.84326422080505;871.0866019742218;3;2;3_2;0.30488133129443995;4;3_2;SR_0_SM_0;0.5993425462795855
172.84293994887565;877.7360536605122;3;2;3_2;0.30700703002694907;4;3_2;SR_0_SM_0;0.5993425462795855
179.4920673632368;884.3858296187323;3;2;3_2;0.3100132220039829;4;3_2;SR_0_SM_0;0.5993425462795855
186.14119477759797;891.0356055769523;3;2;3_2;0.3130194139810167;4;3_2;SR_0_SM_0;0.5993425462795855
186.14087050566852;897.6850572632427;3;2;3_2;0.3151451127135258;4;3_2;SR_0_SM_0;0.5993425462795855
192.78999792002972;904.3348332214626;3;2;3_2;0.31815130469055963;4;3_2;SR_0_SM_0;0.5993425462795855
199.43912533439084;910.9846091796824;3;2;3_2;0.32115749666759336;4;3_2;SR_0_SM_0;0.5993425462795855
206.088252748752;917.6343851379024;3;2;3_2;0.3241636886446272;4;3_2;SR_0_SM_0;0.5993425462795855
212.73738016311316;924.2841610961224;3;2;3_2;0.32716988062166097;4;3_2;SR_0_SM_0;0.5993425462795855
212.73705589118373;930.9336127824128;3;2;3_2;0.3292955793541701;4;3_2;SR_0_SM_0;0.5993425462795855
219.38618330554493;937.5833887406328;3;2;3_2;0.33230177133120387;4;3_2;SR_0_SM_0;0.5993425462795855
219.38585903361556;944.2328404269232;3;2;3_2;0.334427470063713;4;3_2;SR_0_SM_0;0.5993425462795855
226.03498644797668;950.882616385143;3;2;3_2;0.33743366204074676;4;3_2;SR_0_SM_0;0.5993425462795855
232.68411386233785;957.5323923433632;3;2;3_2;0.3404398540177806;4;3_2;SR_0_SM_0;0.5993425462795855
239.3332412766989;964.1821683015828;3;2;3_2;0.3434460459948143;4;3_2;SR_0_SM_0;0.5993425462795855
245.9823686910601;970.8319442598028;3;2;3_2;0.3464522379718481;4;3_2;SR_0_SM_0;0.5993425462795855
252.6314961054212;977.4817202180228;3;2;3_2;0.349458429948882;4;3_2;SR_0_SM_0;0.5993425462795855
259.2809477917117;977.482044489952;3;2;3_2;0.35158412868139105;4;3_2;SR_0_SM_0;0.5993425462795855
265.9300752060729;984.131820448172;3;2;3_2;0.35459032065842494;4;3_2;SR_0_SM_0;0.5993425462795855
272.57920262043393;990.7815964063918;3;2;3_2;0.35759651263545866;4;3_2;SR_0_SM_0;0.5993425462795855
279.2283300347952;997.4313723646118;3;2;3_2;0.36060270461249244;4;3_2;SR_0_SM_0;0.5993425462795855
285.87745744915634;1004.0811483228316;3;2;3_2;0.3636088965895262;4;3_2;SR_0_SM_0;0.5993425462795855
292.52690913544683;1004.081472594761;3;2;3_2;0.3657345953220354;4;3_2;SR_0_SM_0;0.5993425462795855
299.176036549808;1010.731248552981;3;2;3_2;0.3687407872990692;4;3_2;SR_0_SM_0;0.5993425462795855
305.8254882360986;1010.7315728249104;3;2;3_2;0.37086648603157835;4;3_2;SR_0_SM_0;0.5993425462795855
312.4746156504596;1017.3813487831302;3;2;3_2;0.37387267800861207;4;3_2;SR_0_SM_0;0.5993425462795855
319.1240673367501;1017.3816730550597;3;2;3_2;0.3759983767411213;4;3_2;SR_0_SM_0;0.5993425462795855
325.77319475111125;1024.0314490132796;3;2;3_2;0.3790045687181551;4;3_2;SR_0_SM_0;0.5993425462795855
332.42264643740185;1024.0317732852088;3;2;3_2;0.3811302674506643;4;3_2;SR_0_SM_0;0.5993425462795855
339.071773851763;1030.681549243429;3;2;3_2;0.3841364594276981;4;3_2;SR_0_SM_0;0.5993425462795855
345.72090126612403;1037.3313252016487;3;2;3_2;0.38714265140473186;4;3_2;SR_0_SM_0;0.5993425462795855
352.3703529524145;1037.3316494735782;3;2;3_2;0.389268350137241;4;3_2;SR_0_SM_0;0.5993425462795855
359.0194803667758;1043.981425431798;3;2;3_2;0.39227454211427476;4;3_2;SR_0_SM_0;0.5993425462795855
365.6689320530663;1043.9817497037277;3;2;3_2;0.394400240846784;4;3_2;SR_0_SM_0;0.5993425462795855
372.3180594674274;1050.6315256619473;3;2;3_2;0.3974064328238177;4;3_2;SR_0_SM_0;0.5993425462795855
378.96718688178856;1057.2813016201671;3;2;3_2;0.40041262480085144;5;3_2;SR_1_SM_1;0.926745904272406
385.6166385680792;1057.2816258920964;3;2;3_2;0.40253832353336066;5;3_2;SR_1_SM_1;0.926745904272406
392.26609025436966;1057.2819501640258;3;2;3_2;0.4046640222658698;5;3_2;SR_1_SM_1;0.926745904272406
398.9152176687307;1063.931726122246;3;2;3_2;0.40767021424290356;5;3_2;SR_1_SM_1;0.926745904272406
405.5646693550213;1063.9320503941751;3;2;3_2;0.40979591297541273;5;3_2;SR_1_SM_1;0.926745904272406
412.2137967693824;1070.5818263523952;3;2;3_2;0.4128021049524466;5;3_2;SR_1_SM_1;0.926745904272406
418.8632484556729;1070.5821506243244;3;2;3_2;0.4149278036849557;5;3_2;SR_1_SM_1;0.926745904272406
425.5123758700341;1077.2319265825442;3;2;3_2;0.4179339956619895;5;3_2;SR_1_SM_1;0.926745904272406
432.1618275563247;1077.2322508544737;3;2;3_2;0.42005969439449864;5;3_2;SR_1_SM_1;0.926745904272406
438.8109549706857;1083.8820268126938;3;2;3_2;0.4230658863715324;5;3_2;SR_1_SM_1;0.926745904272406
445.4604066569762;1083.882351084623;3;2;3_2;0.42519158510404165;5;3_2;SR_1_SM_1;0.926745904272406
452.10953407133735;1090.5321270428428;3;2;3_2;0.42819777708107537;5;3_2;SR_1_SM_1;0.926745904272406
458.758985757628;1090.5324513147723;3;2;3_2;0.4303234758135846;5;3_2;SR_1_SM_1;0.926745904272406
465.4084374439184;1090.5327755867015;3;2;3_2;0.43244917454609366;5;3_2;SR_1_SM_1;0.926745904272406
472.0578891302089;1090.533099858631;3;2;3_2;0.4345748732786029;5;3_2;SR_1_SM_1;0.926745904272406
478.7073408164994;1090.5334241305604;3;2;3_2;0.43670057201111206;5;3_2;SR_1_SM_1;0.926745904272406
485.3564682308607;1097.1832000887805;3;2;3_2;0.4397067639881459;5;3_2;SR_1_SM_1;0.926745904272406
492.0059199171512;1097.1835243607095;3;2;3_2;0.44183246272065513;5;3_2;SR_1_SM_1;0.926745904272406
498.6550473315122;1103.8333003189296;3;2;3_2;0.44483865469768885;5;3_2;SR_1_SM_1;0.926745904272406
505.3044990178027;1103.833624590859;3;2;3_2;0.446964353430198;5;3_2;SR_1_SM_1;0.926745904272406
511.9539507040933;1103.8339488627882;3;2;3_2;0.44909005216270714;5;3_2;SR_1_SM_1;0.926745904272406
518.6034023903837;1103.8342731347177;3;2;3_2;0.45121575089521637;5;3_2;SR_1_SM_1;0.926745904272406
525.2528540766743;1103.834597406647;3;2;3_2;0.45334144962772555;5;3_2;SR_1_SM_1;0.926745904272406
531.9019814910355;1110.484373364867;3;2;3_2;0.4563476416047594;5;3_2;SR_1_SM_1;0.926745904272406
538.5514331773261;1110.4846976367962;3;2;3_2;0.4584733403372686;5;3_2;SR_1_SM_1;0.926745904272406
545.2005605916872;1117.1344735950163;3;2;3_2;0.46147953231430233;5;3_2;SR_1_SM_1;0.926745904272406
551.8500122779776;1117.1347978669455;3;2;3_2;0.4636052310468115;5;3_2;SR_1_SM_1;0.926745904272406
558.4994639642682;1117.135122138875;3;2;3_2;0.4657309297793206;5;3_2;SR_1_SM_1;0.926745904272406
565.1489156505588;1117.1354464108044;3;2;3_2;0.46785662851182985;5;3_2;SR_1_SM_1;0.926745904272406
571.7983673368492;1117.135770682734;3;2;3_2;0.46998232724433897;5;3_2;SR_1_SM_1;0.926745904272406
578.4478190231398;1117.1360949546631;3;2;3_2;0.4721080259768482;5;3_2;SR_1_SM_1;0.926745904272406
585.0972707094302;1117.1364192265924;3;2;3_2;0.47423372470935726;5;3_2;SR_1_SM_1;0.926745904272406
591.7463981237916;1123.7861951848124;3;2;3_2;0.47723991668639115;5;3_2;SR_1_SM_1;0.926745904272406
598.3958498100819;1123.7865194567416;3;2;3_2;0.4793656154189004;5;3_2;SR_1_SM_1;0.926745904272406
605.0453014963725;1123.786843728671;3;2;3_2;0.4814913141514096;5;3_2;SR_1_SM_1;0.926745904272406
611.6947531826631;1123.7871680006006;3;2;3_2;0.48361701288391873;5;3_2;SR_1_SM_1;0.926745904272406
618.3442048689535;1123.78749227253;3;2;3_2;0.4857427116164279;5;3_2;SR_1_SM_1;0.926745904272406
624.9936565552441;1123.7878165444592;3;2;3_2;0.4878684103489371;5;3_2;SR_1_SM_1;0.926745904272406
631.6431082415345;1123.7881408163885;3;2;3_2;0.4899941090814462;5;3_2;SR_1_SM_1;0.926745904272406
638.2925599278251;1123.788465088318;3;2;3_2;0.49211980781395537;5;3_2;SR_1_SM_1;0.926745904272406
644.9420116141157;1123.7887893602474;3;2;3_2;0.49424550654646454;5;3_2;SR_1_SM_1;0.926745904272406
651.5911390284766;1130.4385653184672;3;2;3_2;0.49725169852349826;5;3_2;SR_1_SM_1;0.926745904272406
658.2405907147672;1130.438889590397;3;2;3_2;0.4993773972560075;5;3_2;SR_1_SM_1;0.926745904272406
664.8900424010578;1130.439213862326;3;2;3_2;0.5015030959885166;6;3_2;SR_1_SM_1;0.6504275427542755
671.539169815419;1137.088989820546;3;2;3_2;0.5045092879655505;6;3_2;SR_1_SM_1;0.6504275427542755
678.1886215017093;1137.0893140924754;3;2;3_2;0.5066349866980595;6;3_2;SR_1_SM_1;0.6504275427542755
684.838073188;1137.089638364405;3;2;3_2;0.5087606854305687;6;3_2;SR_1_SM_1;0.6504275427542755
691.4875248742906;1137.089962636334;3;2;3_2;0.510886384163078;6;3_2;SR_1_SM_1;0.6504275427542755
698.1369765605809;1137.0902869082634;3;2;3_2;0.5130120828955871;6;3_2;SR_1_SM_1;0.6504275427542755
704.7864282468715;1137.0906111801928;3;2;3_2;0.5151377816280964;6;3_2;SR_1_SM_1;0.6504275427542755
711.4358799331619;1137.0909354521225;3;2;3_2;0.5172634803606055;6;3_2;SR_1_SM_1;0.6504275427542755
718.0853316194525;1137.0912597240515;3;2;3_2;0.5193891790931147;6;3_2;SR_1_SM_1;0.6504275427542755
724.7347833057431;1137.0915839959812;3;2;3_2;0.5215148778256239;6;3_2;SR_1_SM_1;0.6504275427542755
731.3842349920335;1137.0919082679104;3;2;3_2;0.523640576558133;6;3_2;SR_1_SM_1;0.6504275427542755
738.0336866783241;1137.0922325398396;3;2;3_2;0.5257662752906421;6;3_2;SR_1_SM_1;0.6504275427542755
744.6831383646147;1137.092556811769;3;2;3_2;0.5278919740231514;6;3_2;SR_1_SM_1;0.6504275427542755
751.3325900509051;1137.0928810836986;3;2;3_2;0.5300176727556605;6;3_2;SR_1_SM_1;0.6504275427542755
757.9820417371957;1137.093205355628;3;2;3_2;0.5321433714881698;6;3_2;SR_1_SM_1;0.6504275427542755
764.6311691515568;1143.7429813138478;3;2;3_2;0.5351495634652036;6;3_2;SR_1_SM_1;0.6504275427542755
771.2806208378474;1143.7433055857773;3;2;3_2;0.5372752621977127;6;3_2;SR_1_SM_1;0.6504275427542755
777.9300725241378;1143.7436298577063;3;2;3_2;0.5394009609302219;6;3_2;SR_1_SM_1;0.6504275427542755
784.579199938499;1150.3934058159264;3;2;3_2;0.5424071529072556;6;3_2;SR_1_SM_1;0.6504275427542755
791.2286516247896;1150.3937300878558;3;2;3_2;0.5445328516397648;6;3_2;SR_1_SM_1;0.6504275427542755
797.8781033110799;1150.394054359785;3;2;3_2;0.546658550372274;6;3_2;SR_1_SM_1;0.6504275427542755
804.5275549973705;1150.3943786317143;3;2;3_2;0.5487842491047832;6;3_2;SR_1_SM_1;0.6504275427542755
811.1770066836611;1150.394702903644;3;2;3_2;0.5509099478372924;6;3_2;SR_1_SM_1;0.6504275427542755
817.8264583699515;1150.3950271755734;3;2;3_2;0.5530356465698015;6;3_2;SR_1_SM_1;0.6504275427542755
824.4759100562421;1150.395351447503;3;2;3_2;0.5551613453023108;6;3_2;SR_1_SM_1;0.6504275427542755
831.1253617425327;1150.395675719432;3;2;3_2;0.5572870440348199;6;3_2;SR_1_SM_1;0.6504275427542755
837.7748134288231;1150.3959999913614;3;2;3_2;0.559412742767329;6;3_2;SR_1_SM_1;0.6504275427542755
844.4242651151137;1150.3963242632908;3;2;3_2;0.5615384414998382;6;3_2;SR_1_SM_1;0.6504275427542755
851.0737168014041;1150.3966485352205;3;2;3_2;0.5636641402323473;6;3_2;SR_1_SM_1;0.6504275427542755
857.7231684876947;1150.3969728071495;3;2;3_2;0.5657898389648565;6;3_2;SR_1_SM_1;0.6504275427542755
864.3726201739853;1150.397297079079;3;2;3_2;0.5679155376973658;6;3_2;SR_1_SM_1;0.6504275427542755
871.0220718602757;1150.3976213510082;3;2;3_2;0.5700412364298749;6;3_2;SR_1_SM_1;0.6504275427542755
877.6715235465663;1150.3979456229376;3;2;3_2;0.5721669351623841;6;3_2;SR_1_SM_1;0.6504275427542755
884.3209752328569;1150.398269894867;3;2;3_2;0.5742926338948934;6;3_2;SR_1_SM_1;0.6504275427542755
890.9704269191473;1150.3985941667966;3;2;3_2;0.5764183326274024;6;3_2;SR_1_SM_1;0.6504275427542755
897.6198786054379;1150.3989184387258;3;2;3_2;0.5785440313599116;6;3_2;SR_1_SM_1;0.6504275427542755
904.2693302917282;1150.3992427106552;3;2;3_2;0.5806697300924207;6;3_2;SR_1_SM_1;0.6504275427542755
910.9187819780188;1150.3995669825845;3;2;3_2;0.58279542882493;6;3_2;SR_1_SM_1;0.6504275427542755
917.5682336643094;1150.399891254514;3;2;3_2;0.5849211275574392;6;3_2;SR_1_SM_1;0.6504275427542755
924.2176853505998;1150.4002155264434;3;2;3_2;0.5870468262899484;6;3_2;SR_1_SM_1;0.6504275427542755
930.8671370368904;1150.4005397983728;3;2;3_2;0.5891725250224576;6;3_2;SR_1_SM_1;0.6504275427542755
937.516588723181;1150.400864070302;3;2;3_2;0.5912982237549668;6;3_2;SR_1_SM_1;0.6504275427542755
944.1657161375422;1157.050640028522;3;2;3_2;0.5943044157320005;6;3_2;SR_1_SM_1;0.6504275427542755
950.8151678238328;1157.0509643004514;3;2;3_2;0.5964301144645098;6;3_2;SR_1_SM_1;0.6504275427542755
957.4646195101232;1157.0512885723806;3;2;3_2;0.5985558131970189;6;3_2;SR_1_SM_1;0.6504275427542755
964.1140711964138;1157.05161284431;3;2;3_2;0.6006815119295281;7;3_2;SR_1_SM_1;0.7222767062583996
970.7635228827044;1157.0519371162395;3;2;3_2;0.6028072106620372;7;3_2;SR_1_SM_1;0.7222767062583996
977.4129745689949;1157.052261388169;3;2;3_2;0.6049329093945465;7;3_2;SR_1_SM_1;0.7222767062583996
984.0624262552852;1157.0525856600982;3;2;3_2;0.6070586081270556;7;3_2;SR_1_SM_1;0.7222767062583996
990.711877941576;1157.0529099320274;3;2;3_2;0.6091843068595649;7;3_2;SR_1_SM_1;0.7222767062583996
997.3613296278664;1157.053234203957;3;2;3_2;0.6113100055920739;7;3_2;SR_1_SM_1;0.7222767062583996
1004.0107813141568;1157.0535584758863;3;2;3_2;0.6134357043245832;7;3_2;SR_1_SM_1;0.7222767062583996
1010.6602330004472;1157.0538827478158;3;2;3_2;0.6155614030570923;7;3_2;SR_1_SM_1;0.7222767062583996
1017.309684686738;1157.0542070197453;3;2;3_2;0.6176871017896015;7;3_2;SR_1_SM_1;0.7222767062583996
1023.9591363730284;1157.0545312916745;3;2;3_2;0.6198128005221106;7;3_2;SR_1_SM_1;0.7222767062583996
1030.608588059319;1157.0548555636035;3;2;3_2;0.6219384992546199;7;3_2;SR_1_SM_1;0.7222767062583996
1037.2580397456095;1157.0551798355332;3;2;3_2;0.6240641979871291;7;3_2;SR_1_SM_1;0.7222767062583996
1043.9074914319;1157.0555041074626;3;2;3_2;0.6261898967196383;7;3_2;SR_1_SM_1;0.7222767062583996
1050.5569431181902;1157.055828379392;3;2;3_2;0.6283155954521472;7;3_2;SR_1_SM_1;0.7222767062583996
1057.206394804481;1157.056152651321;3;2;3_2;0.6304412941846566;7;3_2;SR_1_SM_1;0.7222767062583996
1063.8558464907717;1157.0564769232508;3;2;3_2;0.6325669929171657;7;3_2;SR_1_SM_1;0.7222767062583996
1070.5049739051324;1163.7062528814708;3;2;3_2;0.6355731848941994;7;3_2;SR_1_SM_1;0.7222767062583996
1077.1544255914232;1163.7065771534;3;2;3_2;0.6376988836267088;7;3_2;SR_1_SM_1;0.7222767062583996
1083.8038772777136;1163.7069014253295;3;2;3_2;0.6398245823592179;7;3_2;SR_1_SM_1;0.7222767062583996
1090.453328964004;1163.7072256972588;3;2;3_2;0.6419502810917271;7;3_2;SR_1_SM_1;0.7222767062583996
1097.1027806502948;1163.7075499691882;3;2;3_2;0.6440759798242364;7;3_2;SR_1_SM_1;0.7222767062583996
1103.7522323365852;1163.7078742411177;3;2;3_2;0.6462016785567454;7;3_2;SR_1_SM_1;0.7222767062583996
1110.4016840228755;1163.7081985130471;3;2;3_2;0.6483273772892546;7;3_2;SR_1_SM_1;0.7222767062583996
1117.0511357091664;1163.7085227849764;3;2;3_2;0.6504530760217638;7;3_2;SR_1_SM_1;0.7222767062583996
1123.7005873954568;1163.7088470569056;3;2;3_2;0.652578774754273;7;3_2;SR_1_SM_1;0.7222767062583996
1130.3500390817471;1163.709171328835;3;2;3_2;0.6547044734867821;7;3_2;SR_1_SM_1;0.7222767062583996
1136.9994907680375;1163.7094956007645;3;2;3_2;0.6568301722192913;7;3_2;SR_1_SM_1;0.7222767062583996
1143.6489424543283;1163.709819872694;3;2;3_2;0.6589558709518005;7;3_2;SR_1_SM_1;0.7222767062583996
1150.2983941406187;1163.7101441446234;3;2;3_2;0.6610815696843098;7;3_2;SR_1_SM_1;0.7222767062583996
1156.947845826909;1163.7104684165529;3;2;3_2;0.6632072684168188;7;3_2;SR_1_SM_1;0.7222767062583996
1163.5969732412705;1170.3602443747725;3;2;3_2;0.6662134603938525;7;3_2;SR_1_SM_1;0.7222767062583996
1170.2464249275608;1170.3605686467015;3;2;3_2;0.6683391591263617;7;3_2;SR_1_SM_1;0.7222767062583996
1176.8958766138512;1170.3608929186312;3;2;3_2;0.6704648578588709;7;3_2;SR_1_SM_1;0.7222767062583996
1183.545328300142;1170.3612171905606;3;2;3_2;0.6725905565913801;7;3_2;SR_1_SM_1;0.7222767062583996
1190.1947799864324;1170.36154146249;3;2;3_2;0.6747162553238893;7;3_2;SR_1_SM_1;0.7222767062583996
1196.8439074007938;1177.01131742071;3;2;3_2;0.677722447300923;7;3_2;SR_1_SM_1;0.7222767062583996
1203.4933590870842;1177.0116416926394;3;2;3_2;0.6798481460334321;7;3_2;SR_1_SM_1;0.7222767062583996
1210.1428107733743;1177.0119659645686;3;2;3_2;0.6819738447659413;7;3_2;SR_1_SM_1;0.7222767062583996
1216.7922624596654;1177.0122902364978;3;2;3_2;0.6840995434984505;7;3_2;SR_1_SM_1;0.7222767062583996
1223.4413898740263;1183.662066194718;3;2;3_2;0.6871057354754841;7;3_2;SR_1_SM_1;0.7222767062583996
1230.090841560317;1183.6623904666471;3;2;3_2;0.6892314342079934;7;3_2;SR_1_SM_1;0.7222767062583996
1236.7402932466075;1183.6627147385766;3;2;3_2;0.6913571329405026;7;3_2;SR_1_SM_1;0.7222767062583996
1243.389744932898;1183.663039010506;3;2;3_2;0.6934828316730118;7;3_2;SR_1_SM_1;0.7222767062583996
1250.0391966191885;1183.6633632824355;3;2;3_2;0.6956085304055211;7;3_2;SR_1_SM_1;0.7222767062583996
1256.6883240335496;1190.3131392406551;3;2;3_2;0.6986147223825548;7;3_2;SR_1_SM_1;0.7222767062583996
1263.3374514479106;1196.9629151988752;3;2;3_2;0.7016209143595886;8;3_2;SR_0_SM_0;0.9174154334038055
1269.9869031342014;1196.9632394708046;3;2;3_2;0.7037466130920979;8;3_2;SR_0_SM_0;0.9174154334038055
1276.6360305485623;1203.6130154290245;3;2;3_2;0.7067528050691315;8;3_2;SR_0_SM_0;0.9174154334038055
1283.285482234853;1203.613339700954;3;2;3_2;0.7088785038016407;8;3_2;SR_0_SM_0;0.9174154334038055
1289.934609649214;1210.2631156591738;3;2;3_2;0.7118846957786745;8;3_2;SR_0_SM_0;0.9174154334038055
1296.5840613355044;1210.2634399311032;3;2;3_2;0.7140103945111836;8;3_2;SR_0_SM_0;0.9174154334038055
1303.2331887498658;1216.913215889323;3;2;3_2;0.7170165864882173;8;3_2;SR_0_SM_0;0.9174154334038055
1309.8823161642267;1223.562991847543;3;2;3_2;0.7200227784652511;8;3_2;SR_0_SM_0;0.9174154334038055
1316.5314435785876;1230.2127678057627;3;2;3_2;0.7230289704422849;8;3_2;SR_0_SM_0;0.9174154334038055
1323.180570992949;1236.8625437639826;3;2;3_2;0.7260351624193185;8;3_2;SR_0_SM_0;0.9174154334038055
1329.8296984073104;1243.5123197222028;3;2;3_2;0.7290413543963524;8;3_2;SR_0_SM_0;0.9174154334038055
1336.4788258216713;1250.162095680423;3;2;3_2;0.7320475463733863;8;3_2;SR_0_SM_0;0.9174154334038055
1343.127953236033;1256.8118716386423;3;2;3_2;0.7350537383504201;8;3_2;SR_0_SM_0;0.9174154334038055
1349.7770806503936;1263.4616475968623;3;2;3_2;0.7380599303274537;8;3_2;SR_0_SM_0;0.9174154334038055
1356.426208064755;1270.1114235550822;3;2;3_2;0.7410661223044875;8;3_2;SR_0_SM_0;0.9174154334038055
1356.4258837928255;1276.7608752413728;3;2;3_2;0.7431918210369968;8;3_2;SR_0_SM_0;0.9174154334038055
1363.0750112071864;1283.4106511995926;3;2;3_2;0.7461980130140303;8;3_2;SR_0_SM_0;0.9174154334038055
1369.7241386215478;1290.060427157813;3;2;3_2;0.7492042049910644;8;3_2;SR_0_SM_0;0.9174154334038055
1369.7238143496184;1296.709878844103;3;2;3_2;0.7513299037235733;8;3_2;SR_0_SM_0;0.9174154334038055
1376.3729417639793;1303.359654802323;3;2;3_2;0.7543360957006071;8;3_2;SR_0_SM_0;0.9174154334038055
1383.0220691783406;1310.0094307605427;3;2;3_2;0.757342287677641;8;3_2;SR_0_SM_0;0.9174154334038055
1383.0217449064112;1316.6588824468336;3;2;3_2;0.7594679864101502;8;3_2;SR_0_SM_0;0.9174154334038055
1383.0214206344815;1323.308334133124;3;2;3_2;0.7615936851426592;8;3_2;SR_0_SM_0;0.9174154334038055
1389.670548048843;1329.9581100913438;3;2;3_2;0.7645998771196931;8;3_2;SR_0_SM_0;0.9174154334038055
1396.319675463204;1336.6078860495636;3;2;3_2;0.7676060690967269;8;3_2;SR_0_SM_0;0.9174154334038055
1396.3193511912746;1343.2573377358542;3;2;3_2;0.7697317678292361;8;3_2;SR_0_SM_0;0.9174154334038055
1402.968478605636;1349.9071136940745;3;2;3_2;0.77273795980627;8;3_2;SR_0_SM_0;0.9174154334038055
1402.9681543337065;1356.5565653803646;3;2;3_2;0.7748636585387791;8;3_2;SR_0_SM_0;0.9174154334038055
1402.967830061777;1363.206017066655;3;2;3_2;0.7769893572712882;8;3_2;SR_0_SM_0;0.9174154334038055
1402.967505789848;1369.855468752946;3;2;3_2;0.7791150560037976;8;3_2;SR_0_SM_0;0.9174154334038055
1402.9671815179186;1376.5049204392362;3;2;3_2;0.7812407547363066;8;3_2;SR_0_SM_0;0.9174154334038055
1409.6163089322797;1383.154696397456;3;2;3_2;0.7842469467133404;8;3_2;SR_0_SM_0;0.9174154334038055
1409.61598466035;1389.8041480837464;3;2;3_2;0.7863726454458496;8;3_2;SR_0_SM_0;0.9174154334038055
1416.2651120747114;1396.4539240419665;3;2;3_2;0.7893788374228834;8;3_2;SR_0_SM_0;0.9174154334038055
1416.264787802782;1403.103375728257;3;2;3_2;0.7915045361553926;8;3_2;SR_0_SM_0;0.9174154334038055
1416.2644635308525;1409.7528274145477;3;2;3_2;0.7936302348879019;8;3_2;SR_0_SM_0;0.9174154334038055
1416.264139258923;1416.402279100838;3;2;3_2;0.7957559336204111;8;3_2;SR_0_SM_0;0.9174154334038055
1416.263814986994;1423.0517307871287;3;2;3_2;0.7978816323529201;8;3_2;SR_0_SM_0;0.9174154334038055
1416.2634907150646;1429.701182473419;3;2;3_2;0.8000073310854292;9;3_2;SR_1_SM_0;0.9043062200956937
1422.9126181294257;1436.350958431639;3;2;3_2;0.8030135230624631;9;3_2;SR_1_SM_0;0.9043062200956937
1422.912293857496;1443.0004101179295;3;2;3_2;0.8051392217949722;9;3_2;SR_1_SM_0;0.9043062200956937
1429.5614212718574;1449.650186076149;3;2;3_2;0.8081454137720061;9;3_2;SR_1_SM_0;0.9043062200956937
1429.561096999928;1456.29963776244;3;2;3_2;0.8102711125045153;9;3_2;SR_1_SM_0;0.9043062200956937
1429.5607727279985;1462.9490894487303;3;2;3_2;0.8123968112370243;9;3_2;SR_1_SM_0;0.9043062200956937
1429.560448456069;1469.598541135021;3;2;3_2;0.8145225099695336;9;3_2;SR_1_SM_0;0.9043062200956937
1429.5601241841396;1476.2479928213115;3;2;3_2;0.8166482087020428;9;3_2;SR_1_SM_0;0.9043062200956937
1429.5597999122106;1482.897444507602;3;2;3_2;0.8187739074345519;9;3_2;SR_1_SM_0;0.9043062200956937
1429.559475640281;1489.5468961938925;3;2;3_2;0.8208996061670611;9;3_2;SR_1_SM_0;0.9043062200956937
1429.5591513683516;1496.196347880183;3;2;3_2;0.8230253048995703;9;3_2;SR_1_SM_0;0.9043062200956937
1429.5588270964222;1502.8457995664735;3;2;3_2;0.8251510036320795;9;3_2;SR_1_SM_0;0.9043062200956937
1436.2079545107836;1509.4955755246935;3;2;3_2;0.8281571956091132;9;3_2;SR_1_SM_0;0.9043062200956937
1442.8570819251445;1516.1453514829134;3;2;3_2;0.8311633875861469;9;3_2;SR_1_SM_0;0.9043062200956937
1442.856757653215;1522.794803169204;3;2;3_2;0.8332890863186562;9;3_2;SR_1_SM_0;0.9043062200956937
1442.8564333812856;1529.4442548554944;3;2;3_2;0.8354147850511653;9;3_2;SR_1_SM_0;0.9043062200956937
1442.8561091093566;1536.093706541785;3;2;3_2;0.8375404837836745;9;3_2;SR_1_SM_0;0.9043062200956937
1442.855784837427;1542.7431582280756;3;2;3_2;0.8396661825161837;9;3_2;SR_1_SM_0;0.9043062200956937
1442.8554605654977;1549.392609914366;3;2;3_2;0.8417918812486928;9;3_2;SR_1_SM_0;0.9043062200956937
1442.8551362935682;1556.0420616006566;3;2;3_2;0.843917579981202;9;3_2;SR_1_SM_0;0.9043062200956937
1442.8548120216387;1562.691513286947;3;2;3_2;0.8460432787137111;9;3_2;SR_1_SM_0;0.9043062200956937
1449.503939436;1569.341289245167;3;2;3_2;0.849049470690745;9;3_2;SR_1_SM_0;0.9043062200956937
1456.1530668503617;1575.9910652033868;3;2;3_2;0.8520556626677789;9;3_2;SR_1_SM_0;0.9043062200956937
1456.152742578432;1582.6405168896772;3;2;3_2;0.8541813614002879;9;3_2;SR_1_SM_0;0.9043062200956937
1456.1524183065026;1589.2899685759678;3;2;3_2;0.8563070601327971;9;3_2;SR_1_SM_0;0.9043062200956937
1456.152094034573;1595.9394202622584;3;2;3_2;0.8584327588653063;9;3_2;SR_1_SM_0;0.9043062200956937
1456.1517697626437;1602.5888719485488;3;2;3_2;0.8605584575978155;9;3_2;SR_1_SM_0;0.9043062200956937
1462.8008971770046;1609.2386479067688;3;2;3_2;0.8635646495748494;9;3_2;SR_1_SM_0;0.9043062200956937
1462.8005729050756;1615.8880995930592;3;2;3_2;0.8656903483073585;9;3_2;SR_1_SM_0;0.9043062200956937
1469.4497003194365;1622.5378755512793;3;2;3_2;0.8686965402843921;9;3_2;SR_1_SM_0;0.9043062200956937
1476.098827733798;1629.1876515094991;3;2;3_2;0.871702732261426;9;3_2;SR_1_SM_0;0.9043062200956937
1476.0985034618684;1635.8371031957895;3;2;3_2;0.8738284309939353;9;3_2;SR_1_SM_0;0.9043062200956937
1482.747630876229;1642.4868791540096;3;2;3_2;0.8768346229709689;9;3_2;SR_1_SM_0;0.9043062200956937
1489.3967582905907;1649.1366551122294;3;2;3_2;0.8798408149480028;9;3_2;SR_1_SM_0;0.9043062200956937
1496.0458857049516;1655.7864310704492;3;2;3_2;0.8828470069250365;9;3_2;SR_1_SM_0;0.9043062200956937
1502.695013119313;1662.4362070286693;3;2;3_2;0.8858531989020703;9;3_2;SR_1_SM_0;0.9043062200956937
1509.3444648056034;1662.4365313005983;3;2;3_2;0.8879788976345795;9;3_2;SR_1_SM_0;0.9043062200956937
1515.9935922199647;1669.0863072588186;3;2;3_2;0.8909850896116134;9;3_2;SR_1_SM_0;0.9043062200956937
1522.6430439062551;1669.0866315307478;3;2;3_2;0.8931107883441226;9;3_2;SR_1_SM_0;0.9043062200956937
1529.2921713206165;1675.736407488968;3;2;3_2;0.8961169803211565;9;3_2;SR_1_SM_0;0.9043062200956937
1535.9412987349774;1682.3861834471877;3;2;3_2;0.8991231722981903;9;3_2;SR_1_SM_0;0.9043062200956937
1542.5904261493388;1689.0359594054075;3;2;3_2;0.9021293642752239;10;3_2;SR_1_SM_1;1.0
1549.2395535636997;1695.6857353636274;3;2;3_2;0.9051355562522577;10;3_2;SR_1_SM_1;1.0
1555.88900524999;1695.6860596355568;3;2;3_2;0.9072612549847668;10;3_2;SR_1_SM_1;1.0
1562.5381326643517;1702.335835593777;3;2;3_2;0.9102674469618007;10;3_2;SR_1_SM_1;1.0
1569.1872600787124;1708.9856115519965;3;2;3_2;0.9132736389388343;10;3_2;SR_1_SM_1;1.0
1575.8367117650032;1708.985935823926;3;2;3_2;0.9153993376713434;10;3_2;SR_1_SM_1;1.0
1582.485839179364;1715.6357117821458;3;2;3_2;0.9184055296483771;10;3_2;SR_1_SM_1;1.0
1589.134966593725;1722.285487740366;3;2;3_2;0.921411721625411;10;3_2;SR_1_SM_1;1.0
1595.7840940080864;1728.9352636985857;3;2;3_2;0.9244179136024447;10;3_2;SR_1_SM_1;1.0
1602.4335456943768;1728.9355879705151;3;2;3_2;0.9265436123349539;10;3_2;SR_1_SM_1;1.0
1609.0826731087382;1735.585363928735;3;2;3_2;0.9295498043119877;10;3_2;SR_1_SM_1;1.0
1615.7321247950283;1735.5856882006642;3;2;3_2;0.9316755030444968;10;3_2;SR_1_SM_1;1.0
1622.38125220939;1742.2354641588845;3;2;3_2;0.9346816950215306;10;3_2;SR_1_SM_1;1.0
1629.0307038956803;1742.2357884308135;3;2;3_2;0.9368073937540398;10;3_2;SR_1_SM_1;1.0
1635.6798313100417;1748.8855643890336;3;2;3_2;0.9398135857310737;10;3_2;SR_1_SM_1;1.0
1642.329282996332;1748.8858886609628;3;2;3_2;0.9419392844635828;10;3_2;SR_1_SM_1;1.0
1648.9787346826224;1748.8862129328922;3;2;3_2;0.944064983196092;10;3_2;SR_1_SM_1;1.0
1655.627862096983;1755.535988891112;3;2;3_2;0.9470711751731256;10;3_2;SR_1_SM_1;1.0
1662.2773137832742;1755.5363131630415;3;2;3_2;0.9491968739056349;10;3_2;SR_1_SM_1;1.0
1668.9264411976355;1762.1860891212614;3;2;3_2;0.9522030658826687;10;3_2;SR_1_SM_1;1.0
1675.575892883926;1762.1864133931908;3;2;3_2;0.9543287646151779;10;3_2;SR_1_SM_1;1.0
1682.2250202982868;1768.836189351411;3;2;3_2;0.9573349565922118;10;3_2;SR_1_SM_1;1.0
1688.8744719845777;1768.83651362334;3;2;3_2;0.959460655324721;10;3_2;SR_1_SM_1;1.0
1695.523923670868;1768.8368378952694;3;2;3_2;0.96158635405723;10;3_2;SR_1_SM_1;1.0
1702.173051085229;1775.4866138534894;3;2;3_2;0.9645925460342638;10;3_2;SR_1_SM_1;1.0
1708.8225027715198;1775.4869381254186;3;2;3_2;0.9667182447667731;10;3_2;SR_1_SM_1;1.0
1715.4716301858807;1782.1367140836387;3;2;3_2;0.9697244367438069;10;3_2;SR_1_SM_1;1.0
1722.1210818721715;1782.137038355568;3;2;3_2;0.9718501354763162;10;3_2;SR_1_SM_1;1.0
1728.770533558462;1782.1373626274974;3;2;3_2;0.9739758342088253;10;3_2;SR_1_SM_1;1.0
1735.4199852447523;1782.1376868994266;3;2;3_2;0.9761015329413345;10;3_2;SR_1_SM_1;1.0
1742.0694369310431;1782.138011171356;3;2;3_2;0.9782272316738437;10;3_2;SR_1_SM_1;1.0
1748.7188886173335;1782.1383354432855;3;2;3_2;0.9803529304063527;10;3_2;SR_1_SM_1;1.0
1755.3680160316944;1788.7881114015054;3;2;3_2;0.9833591223833865;10;3_2;SR_1_SM_1;1.0
1762.0174677179853;1788.7884356734348;3;2;3_2;0.9854848211158957;10;3_2;SR_1_SM_1;1.0
1768.6665951323462;1795.438211631655;3;2;3_2;0.9884910130929295;10;3_2;SR_1_SM_1;1.0
1775.3160468186366;1795.438535903584;3;2;3_2;0.9906167118254385;10;3_2;SR_1_SM_1;1.0
1781.965498504927;1795.4388601755134;3;2;3_2;0.9927424105579478;10;3_2;SR_1_SM_1;1.0
1788.6149501912178;1795.4391844474428;3;2;3_2;0.994868109290457;10;3_2;SR_1_SM_1;1.0
1795.2644018775086;1795.4395087193725;3;2;3_2;0.9969938080229662;10;3_2;SR_1_SM_1;1.0
1801.9135292918693;1802.089284677592;3;2;3_2;1.0;10;3_2;SR_1_SM_1;1.0
0.0;0.0;3;3;3_3;0.0;1;;brak;
6.64945168629049;0.0003242719292302;3;3;3_3;0.0024171359264882246;1;;brak;
13.298579100651692;6.650100230149292;3;3;3_3;0.0058354823358272015;1;;brak;
19.948030786942184;6.650424502078749;3;3;3_3;0.008252618262315428;1;;brak;
26.59715820130333;13.300200460298583;3;3;3_3;0.01167096467165433;1;;brak;
33.24628561566442;19.949976418518418;3;3;3_3;0.01508931108099322;1;;brak;
39.895737301954966;19.950300690447875;3;3;3_3;0.017506447007481468;1;;brak;
46.54486471631611;26.60007664866771;3;3;3_3;0.02092479341682037;1;;brak;
53.19431640260666;26.600400920597167;3;3;3_3;0.023341929343308615;1;;brak;
59.84344381696775;33.250176878816774;3;3;3_3;0.026760275752647444;1;;brak;
66.49257123132895;39.89995283703684;3;3;3_3;0.030178622161986426;1;;brak;
73.14169864569004;46.5497287952569;3;3;3_3;0.033596968571325374;1;;brak;
79.79115033198059;46.55005306718613;3;3;3_3;0.036014104497813615;1;;brak;
86.44027774634174;53.19982902540596;3;3;3_3;0.03943245090715252;1;;brak;
93.08940516070288;59.84960498362602;3;3;3_3;0.04285079731649148;1;;brak;
99.73853257506396;66.49938094184586;3;3;3_3;0.046269143725830374;1;;brak;
106.38765998942516;73.14915690006569;3;3;3_3;0.049687490135169286;1;;brak;
113.03678740378626;79.79893285828575;3;3;3_3;0.05310583654450824;1;;brak;
119.68591481814748;86.44870881650536;3;3;3_3;0.056524182953847105;1;;brak;
126.33504223250856;93.09848477472542;3;3;3_3;0.05994252936318605;1;;brak;
132.9844939187991;93.09880904665488;3;3;3_3;0.06235966528967429;1;;brak;
139.6336213331602;99.74858500487473;3;3;3_3;0.06577801169901319;1;;brak;
146.28307301945074;99.74890927680416;3;3;3_3;0.06819514762550143;1;;brak;
152.9322004338119;106.398685235024;3;3;3_3;0.07161349403484034;1;;brak;
159.58132784817303;113.04846119324384;3;3;3_3;0.07503184044417924;1;;brak;
159.5810035762437;119.69791287953444;3;3;3_3;0.0774489763706675;1;;brak;
166.23013099060478;126.34768883775428;3;3;3_3;0.0808673227800064;1;;brak;
172.87958267689532;126.3480131096835;3;3;3_3;0.08328445870649463;1;;brak;
179.52871009125647;132.99778906790357;3;3;3_3;0.0867028051158336;1;;brak;
186.17816177754696;132.99811333983305;3;3;3_3;0.08911994104232182;1;;brak;
192.82728919190816;139.64788929805263;3;3;3_3;0.09253828745166068;1;;brak;
199.47641660626925;146.2976652562727;3;3;3_3;0.09595663386099963;1;;brak;
206.1258682925598;146.29798952820215;3;3;3_3;0.0983737697874879;1;;brak;
212.77499570692092;152.947765486422;3;3;3_3;0.10179211619682679;2;3_3;SR_0_SM_1;0.5605688109092839
219.4241231212821;159.59754144464182;3;3;3_3;0.10521046260616569;2;3_3;SR_0_SM_1;0.5605688109092839
226.07357480757256;159.59786571657128;3;3;3_3;0.10762759853265391;2;3_3;SR_0_SM_1;0.5605688109092839
232.72270222193373;166.2476416747911;3;3;3_3;0.11104594494199281;2;3_3;SR_0_SM_1;0.5605688109092839
239.37215390822425;166.24796594672057;3;3;3_3;0.11346308086848104;2;3_3;SR_0_SM_1;0.5605688109092839
246.02128132258545;172.89774190494063;3;3;3_3;0.11688142727782003;2;3_3;SR_0_SM_1;0.5605688109092839
252.6704087369465;179.54751786316024;3;3;3_3;0.12029977368715886;2;3_3;SR_0_SM_1;0.5605688109092839
259.31953615130766;186.1972938213803;3;3;3_3;0.12371812009649781;2;3_3;SR_0_SM_1;0.5605688109092839
265.9689878375981;186.19761809330976;3;3;3_3;0.12613525602298603;2;3_3;SR_0_SM_1;0.5605688109092839
272.6181152519593;192.84739405152936;3;3;3_3;0.1295536024323249;2;3_3;SR_0_SM_1;0.5605688109092839
279.26724266632056;199.49717000974945;3;3;3_3;0.13297194884166388;2;3_3;SR_0_SM_1;0.5605688109092839
285.91669435261105;199.49749428167888;3;3;3_3;0.13538908476815212;2;3_3;SR_0_SM_1;0.5605688109092839
292.5658217669721;206.14727023989872;3;3;3_3;0.138807431177491;2;3_3;SR_0_SM_1;0.5605688109092839
299.21527345326257;206.14759451182815;3;3;3_3;0.14122456710397924;2;3_3;SR_0_SM_1;0.5605688109092839
305.86440086762383;212.79737047004775;3;3;3_3;0.1446429135133181;2;3_3;SR_0_SM_1;0.5605688109092839
312.513528281985;219.44714642826784;3;3;3_3;0.14806125992265706;2;3_3;SR_0_SM_1;0.5605688109092839
319.16297996827547;219.4474707001973;3;3;3_3;0.1504783958491453;2;3_3;SR_0_SM_1;0.5605688109092839
325.8121073826366;226.09724665841716;3;3;3_3;0.15389674225848418;2;3_3;SR_0_SM_1;0.5605688109092839
332.46123479699776;232.74702261663697;3;3;3_3;0.1573150886678231;2;3_3;SR_0_SM_1;0.5605688109092839
339.1103622113589;239.39679857485703;3;3;3_3;0.16073343507716206;2;3_3;SR_0_SM_1;0.5605688109092839
345.7598138976494;239.39712284678623;3;3;3_3;0.1631505710036503;2;3_3;SR_0_SM_1;0.5605688109092839
352.40894131201054;246.04689880500632;3;3;3_3;0.16656891741298926;2;3_3;SR_0_SM_1;0.5605688109092839
359.0580687263717;252.69667476322616;3;3;3_3;0.16998726382232815;2;3_3;SR_0_SM_1;0.5605688109092839
365.7075204126622;252.6969990351554;3;3;3_3;0.17240439974881638;2;3_3;SR_0_SM_1;0.5605688109092839
372.3566478270233;259.34677499337545;3;3;3_3;0.17582274615815535;2;3_3;SR_0_SM_1;0.5605688109092839
379.0060995133138;259.3470992653049;3;3;3_3;0.17823988208464359;2;3_3;SR_0_SM_1;0.5605688109092839
385.6552269276751;265.9968752235245;3;3;3_3;0.18165822849398244;2;3_3;SR_0_SM_1;0.5605688109092839
392.3043543420361;272.6466511817446;3;3;3_3;0.18507657490332138;2;3_3;SR_0_SM_1;0.5605688109092839
398.95348175639725;279.29642713996463;3;3;3_3;0.18849492131266035;2;3_3;SR_0_SM_1;0.5605688109092839
405.6029334426879;279.29675141189387;3;3;3_3;0.19091205723914864;2;3_3;SR_0_SM_1;0.5605688109092839
412.252060857049;285.9465273701137;3;3;3_3;0.19433040364848753;2;3_3;SR_0_SM_1;0.5605688109092839
418.90118827141015;292.59630332833353;3;3;3_3;0.19774875005782644;2;3_3;SR_0_SM_1;0.5605688109092839
425.5503156857712;299.2460792865536;3;3;3_3;0.20116709646716538;3;3_3;SR_0_SM_1;0.5543481793657845
432.1994431001325;305.89585524477343;3;3;3_3;0.20458544287650435;3;3_3;SR_0_SM_1;0.5543481793657845
438.8485705144936;312.54563120299326;3;3;3_3;0.2080037892858432;3;3_3;SR_0_SM_1;0.5543481793657845
445.4976979288546;319.1954071612131;3;3;3_3;0.2114221356951821;3;3_3;SR_0_SM_1;0.5543481793657845
452.1471496151451;319.19573143314256;3;3;3_3;0.21383927162167032;3;3_3;SR_0_SM_1;0.5543481793657845
458.7962770295064;325.8455073913624;3;3;3_3;0.21725761803100926;3;3_3;SR_0_SM_1;0.5543481793657845
465.4454044438675;332.49528334958245;3;3;3_3;0.22067596444034815;3;3_3;SR_0_SM_1;0.5543481793657845
472.094856130158;332.4956076215119;3;3;3_3;0.22309310036683638;3;3_3;SR_0_SM_1;0.5543481793657845
478.7439835445192;339.1453835797315;3;3;3_3;0.2265114467761752;3;3_3;SR_0_SM_1;0.5543481793657845
485.3931109588803;345.7951595379516;3;3;3_3;0.22992979318551418;3;3_3;SR_0_SM_1;0.5543481793657845
492.0422383732415;352.44493549617164;3;3;3_3;0.23334813959485315;3;3_3;SR_0_SM_1;0.5543481793657845
498.6913657876026;359.09471145439124;3;3;3_3;0.23676648600419198;3;3_3;SR_0_SM_1;0.5543481793657845
505.3404932019636;365.7444874126113;3;3;3_3;0.24018483241353092;3;3_3;SR_0_SM_1;0.5543481793657845
511.9896206163249;372.3942633708312;3;3;3_3;0.2436031788228699;3;3_3;SR_0_SM_1;0.5543481793657845
518.638748030686;379.044039329051;3;3;3_3;0.2470215252322088;3;3_3;SR_0_SM_1;0.5543481793657845
525.2878754450471;385.69381528727104;3;3;3_3;0.25043987164154774;3;3_3;SR_0_SM_1;0.5543481793657845
531.9370028594083;392.3435912454906;3;3;3_3;0.2538582180508866;3;3_3;SR_0_SM_1;0.5543481793657845
538.5864545456989;392.3439155174201;3;3;3_3;0.2562753539773749;3;3_3;SR_0_SM_1;0.5543481793657845
545.23558196006;398.99369147564016;3;3;3_3;0.2596937003867138;3;3_3;SR_0_SM_1;0.5543481793657845
551.8847093744212;405.64346743386;3;3;3_3;0.26311204679605277;3;3_3;SR_0_SM_1;0.5543481793657845
558.5341610607115;405.6437917057895;3;3;3_3;0.26552918272254095;3;3_3;SR_0_SM_1;0.5543481793657845
565.1832884750727;412.2935676640093;3;3;3_3;0.2689475291318798;3;3_3;SR_0_SM_1;0.5543481793657845
571.8324158894338;418.9433436222291;3;3;3_3;0.27236587554121866;3;3_3;SR_0_SM_1;0.5543481793657845
578.481543303795;425.59311958044896;3;3;3_3;0.27578422195055763;3;3_3;SR_0_SM_1;0.5543481793657845
585.1306707181561;432.242895538669;3;3;3_3;0.2792025683598966;3;3_3;SR_0_SM_1;0.5543481793657845
591.7797981325173;438.89267149688885;3;3;3_3;0.2826209147692355;3;3_3;SR_0_SM_1;0.5543481793657845
598.4289255468784;445.5424474551087;3;3;3_3;0.2860392611785744;3;3_3;SR_0_SM_1;0.5543481793657845
605.0780529612396;452.1922234133288;3;3;3_3;0.2894576075879134;3;3_3;SR_0_SM_1;0.5543481793657845
611.7271803756007;458.8419993715486;3;3;3_3;0.29287595399725225;3;3_3;SR_0_SM_1;0.5543481793657845
618.3763077899619;465.4917753297684;3;3;3_3;0.2962943004065912;3;3_3;SR_0_SM_1;0.5543481793657845
625.025435204323;472.1415512879885;3;3;3_3;0.2997126468159301;3;3_3;SR_0_SM_1;0.5543481793657845
631.6745626186841;478.7913272462083;3;3;3_3;0.303130993225269;4;3_3;SR_1_SM_1;0.7124076384224163
638.3236900330453;485.44110320442815;3;3;3_3;0.3065493396346079;4;3_3;SR_1_SM_1;0.7124076384224163
644.9731417193359;485.4414274763576;3;3;3_3;0.3089664755610962;4;3_3;SR_1_SM_1;0.7124076384224163
651.622269133697;492.09120343457744;3;3;3_3;0.3123848219704351;4;3_3;SR_1_SM_1;0.7124076384224163
651.6219448617676;498.7406551208678;3;3;3_3;0.3148019578969233;4;3_3;SR_1_SM_1;0.7124076384224163
658.2710722761287;505.3904310790879;3;3;3_3;0.31822030430626225;4;3_3;SR_1_SM_1;0.7124076384224163
664.9201996904899;512.0402070373077;3;3;3_3;0.32163865071560116;4;3_3;SR_1_SM_1;0.7124076384224163
671.5696513767805;512.0405313092372;3;3;3_3;0.3240557866420894;4;3_3;SR_1_SM_1;0.7124076384224163
678.2187787911416;518.690307267457;3;3;3_3;0.3274741330514283;4;3_3;SR_1_SM_1;0.7124076384224163
684.8679062055025;525.3400832256768;3;3;3_3;0.33089247946076716;4;3_3;SR_1_SM_1;0.7124076384224163
691.5170336198639;531.9898591838969;3;3;3_3;0.33431082587010613;4;3_3;SR_1_SM_1;0.7124076384224163
698.1661610342251;538.6396351421167;3;3;3_3;0.33772917227944504;4;3_3;SR_1_SM_1;0.7124076384224163
704.815288448586;545.2894111003366;3;3;3_3;0.3411475186887839;4;3_3;SR_1_SM_1;0.7124076384224163
711.4644158629471;551.9391870585564;3;3;3_3;0.3445658650981228;4;3_3;SR_1_SM_1;0.7124076384224163
718.1135432773085;558.5889630167765;3;3;3_3;0.34798421150746184;4;3_3;SR_1_SM_1;0.7124076384224163
724.7626706916694;565.2387389749963;3;3;3_3;0.3514025579168007;4;3_3;SR_1_SM_1;0.7124076384224163
731.4117981060306;571.8885149332161;3;3;3_3;0.3548209043261396;4;3_3;SR_1_SM_1;0.7124076384224163
738.0609255203917;578.5382908914362;3;3;3_3;0.3582392507354786;4;3_3;SR_1_SM_1;0.7124076384224163
744.7100529347531;585.188066849656;3;3;3_3;0.36165759714481754;4;3_3;SR_1_SM_1;0.7124076384224163
751.359180349114;591.8378428078759;3;3;3_3;0.3650759435541564;4;3_3;SR_1_SM_1;0.7124076384224163
758.0083077634752;598.4876187660959;3;3;3_3;0.36849428996349537;4;3_3;SR_1_SM_1;0.7124076384224163
764.6574351778363;605.1373947243155;3;3;3_3;0.37191263637283417;4;3_3;SR_1_SM_1;0.7124076384224163
764.6571109059068;611.7868464106061;3;3;3_3;0.37432977229932246;4;3_3;SR_1_SM_1;0.7124076384224163
771.3062383202682;618.4366223688262;3;3;3_3;0.3777481187086615;4;3_3;SR_1_SM_1;0.7124076384224163
777.9553657346291;625.0863983270458;3;3;3_3;0.3811664651180003;4;3_3;SR_1_SM_1;0.7124076384224163
784.6044931489905;631.7361742852659;3;3;3_3;0.3845848115273393;4;3_3;SR_1_SM_1;0.7124076384224163
784.604168877061;638.3856259715565;3;3;3_3;0.38700194745382765;4;3_3;SR_1_SM_1;0.7124076384224163
791.2532962914222;645.0354019297763;3;3;3_3;0.3904202938631665;4;3_3;SR_1_SM_1;0.7124076384224163
797.9027479777126;645.0357262017055;3;3;3_3;0.39283742978965475;4;3_3;SR_1_SM_1;0.7124076384224163
804.551875392074;651.6855021599256;3;3;3_3;0.39625577619899377;4;3_3;SR_1_SM_1;0.7124076384224163
811.2010028064351;658.3352781181457;3;3;3_3;0.39967412260833274;4;3_3;SR_1_SM_1;0.7124076384224163
817.8501302207962;664.9850540763653;3;3;3_3;0.4030924690176714;5;3_3;SR_0_SM_1;0.6853707699295934
824.4992576351574;671.6348300345853;3;3;3_3;0.4065108154270104;5;3_3;SR_0_SM_1;0.6853707699295934
831.1483850495185;678.2846059928052;3;3;3_3;0.4099291618363493;5;3_3;SR_0_SM_1;0.6853707699295934
837.7975124638797;684.934381951025;3;3;3_3;0.4133475082456883;5;3_3;SR_0_SM_1;0.6853707699295934
844.4466398782408;691.584157909245;3;3;3_3;0.41676585465502725;5;3_3;SR_0_SM_1;0.6853707699295934
851.0957672926017;698.2339338674649;3;3;3_3;0.4201842010643661;5;3_3;SR_0_SM_1;0.6853707699295934
857.7448947069631;704.8837098256847;3;3;3_3;0.423602547473705;5;3_3;SR_0_SM_1;0.6853707699295934
864.3940221213243;711.5334857839048;3;3;3_3;0.42702089388304404;5;3_3;SR_0_SM_1;0.6853707699295934
864.3936978493948;718.1829374701952;3;3;3_3;0.42943802980953216;5;3_3;SR_0_SM_1;0.6853707699295934
871.042825263756;724.8327134284152;3;3;3_3;0.43285637621887113;5;3_3;SR_0_SM_1;0.6853707699295934
871.0425009918265;731.4821651147056;3;3;3_3;0.43527351214535936;5;3_3;SR_0_SM_1;0.6853707699295934
877.6916284061876;738.1319410729254;3;3;3_3;0.4386918585546982;5;3_3;SR_0_SM_1;0.6853707699295934
884.340755820549;744.7817170311455;3;3;3_3;0.4421102049640373;5;3_3;SR_0_SM_1;0.6853707699295934
890.9898832349099;751.4314929893651;3;3;3_3;0.445528551373376;5;3_3;SR_0_SM_1;0.6853707699295934
897.6390106492711;758.0812689475852;3;3;3_3;0.44894689778271507;5;3_3;SR_0_SM_1;0.6853707699295934
904.2881380636322;764.7310449058052;3;3;3_3;0.45236524419205393;5;3_3;SR_0_SM_1;0.6853707699295934
904.2878137917028;771.3804965920956;3;3;3_3;0.45478238011854205;5;3_3;SR_0_SM_1;0.6853707699295934
910.936941206064;778.0302725503154;3;3;3_3;0.45820072652788096;5;3_3;SR_0_SM_1;0.6853707699295934
917.5860686204252;784.6800485085353;3;3;3_3;0.46161907293721993;5;3_3;SR_0_SM_1;0.6853707699295934
924.2351960347862;791.3298244667553;3;3;3_3;0.4650374193465589;5;3_3;SR_0_SM_1;0.6853707699295934
930.8846477210768;791.3301487386846;3;3;3_3;0.4674545552730471;5;3_3;SR_0_SM_1;0.6853707699295934
937.5337751354382;797.9799246969046;3;3;3_3;0.47087290168238605;5;3_3;SR_0_SM_1;0.6853707699295934
944.1829025497992;804.6297006551245;3;3;3_3;0.47429124809172496;5;3_3;SR_0_SM_1;0.6853707699295934
950.8320299641604;811.2794766133443;3;3;3_3;0.4777095945010639;5;3_3;SR_0_SM_1;0.6853707699295934
957.4811573785214;817.9292525715643;3;3;3_3;0.48112794091040284;5;3_3;SR_0_SM_1;0.6853707699295934
964.1302847928824;824.5790285297842;3;3;3_3;0.48454628731974175;5;3_3;SR_0_SM_1;0.6853707699295934
964.1299605209532;831.2284802160748;3;3;3_3;0.48696342324623004;5;3_3;SR_0_SM_1;0.6853707699295934
970.7790879353144;837.8782561742944;3;3;3_3;0.49038176965556884;5;3_3;SR_0_SM_1;0.6853707699295934
977.4282153496754;844.5280321325145;3;3;3_3;0.4938001160649078;5;3_3;SR_0_SM_1;0.6853707699295934
977.427891077746;851.1774838188051;3;3;3_3;0.49621725199139605;5;3_3;SR_0_SM_1;0.6853707699295934
984.0770184921072;857.8272597770249;3;3;3_3;0.499635598400735;5;3_3;SR_0_SM_1;0.6853707699295934
990.7261459064684;864.4770357352447;3;3;3_3;0.5030539448100738;6;3_3;SR_1_SM_0;0.7833827893175074
997.3752733208294;871.1268116934648;3;3;3_3;0.5064722912194127;6;3_3;SR_1_SM_0;0.7833827893175074
1004.0244007351909;877.7765876516846;3;3;3_3;0.5098906376287518;6;3_3;SR_1_SM_0;0.7833827893175074
1010.6735281495515;884.4263636099045;3;3;3_3;0.5133089840380906;6;3_3;SR_1_SM_0;0.7833827893175074
1017.3226555639128;891.0761395681245;3;3;3_3;0.5167273304474296;6;3_3;SR_1_SM_0;0.7833827893175074
1023.9717829782742;897.7259155263442;3;3;3_3;0.5201456768567685;6;3_3;SR_1_SM_0;0.7833827893175074
1030.6209103926349;904.3756914845642;3;3;3_3;0.5235640232661073;6;3_3;SR_1_SM_0;0.7833827893175074
1037.2700378069962;911.025467442784;3;3;3_3;0.5269823696754463;6;3_3;SR_1_SM_0;0.7833827893175074
1037.2697135350668;917.6749191290744;3;3;3_3;0.5293995056019345;6;3_3;SR_1_SM_0;0.7833827893175074
1043.9188409494282;924.3246950872943;3;3;3_3;0.5328178520112735;6;3_3;SR_1_SM_0;0.7833827893175074
1043.9185166774987;930.9741467735852;3;3;3_3;0.5352349879377618;6;3_3;SR_1_SM_0;0.7833827893175074
1050.5676440918596;937.6239227318048;3;3;3_3;0.5386533343471006;6;3_3;SR_1_SM_0;0.7833827893175074
1057.216771506221;944.2736986900248;3;3;3_3;0.5420716807564396;6;3_3;SR_1_SM_0;0.7833827893175074
1063.8658989205824;950.9234746482448;3;3;3_3;0.5454900271657787;6;3_3;SR_1_SM_0;0.7833827893175074
1070.5150263349433;957.5732506064646;3;3;3_3;0.5489083735751175;6;3_3;SR_1_SM_0;0.7833827893175074
1077.1641537493042;964.2230265646843;3;3;3_3;0.5523267199844563;6;3_3;SR_1_SM_0;0.7833827893175074
1083.8132811636656;970.8728025229044;3;3;3_3;0.5557450663937953;6;3_3;SR_1_SM_0;0.7833827893175074
1090.4624085780265;977.5225784811242;3;3;3_3;0.5591634128031341;6;3_3;SR_1_SM_0;0.7833827893175074
1090.462084306097;984.1720301674148;3;3;3_3;0.5615805487296224;6;3_3;SR_1_SM_0;0.7833827893175074
1097.1112117204584;990.8218061256348;3;3;3_3;0.5649988951389614;6;3_3;SR_1_SM_0;0.7833827893175074
1103.7606634067488;990.822130397564;3;3;3_3;0.5674160310654495;6;3_3;SR_1_SM_0;0.7833827893175074
1110.4097908211102;997.471906355784;3;3;3_3;0.5708343774747886;6;3_3;SR_1_SM_0;0.7833827893175074
1117.058918235471;1004.1216823140038;3;3;3_3;0.5742527238841274;6;3_3;SR_1_SM_0;0.7833827893175074
1123.7080456498325;1010.7714582722238;3;3;3_3;0.5776710702934664;6;3_3;SR_1_SM_0;0.7833827893175074
1130.3571730641934;1017.4212342304436;3;3;3_3;0.5810894167028052;6;3_3;SR_1_SM_0;0.7833827893175074
1137.0063004785547;1024.0710101886634;3;3;3_3;0.5845077631121443;6;3_3;SR_1_SM_0;0.7833827893175074
1143.6554278929157;1030.7207861468833;3;3;3_3;0.587926109521483;6;3_3;SR_1_SM_0;0.7833827893175074
1150.304555307277;1037.3705621051035;3;3;3_3;0.5913444559308222;6;3_3;SR_1_SM_0;0.7833827893175074
1156.953682721638;1044.0203380633234;3;3;3_3;0.594762802340161;6;3_3;SR_1_SM_0;0.7833827893175074
1163.602810135999;1050.6701140215432;3;3;3_3;0.5981811487494999;6;3_3;SR_1_SM_0;0.7833827893175074
1163.60248586407;1057.3195657078336;3;3;3_3;0.6005982846759881;7;3_3;SR_0_SM_0;0.8184650240725007
1170.2516132784313;1063.9693416660534;3;3;3_3;0.604016631085327;7;3_3;SR_0_SM_0;0.8184650240725007
1176.9007406927922;1070.6191176242737;3;3;3_3;0.607434977494666;7;3_3;SR_0_SM_0;0.8184650240725007
1183.549868107153;1077.268893582493;3;3;3_3;0.6108533239040046;7;3_3;SR_0_SM_0;0.8184650240725007
1190.1989955215145;1083.9186695407134;3;3;3_3;0.6142716703133437;7;3_3;SR_0_SM_0;0.8184650240725007
1190.198671249585;1090.5681212270038;3;3;3_3;0.6166888062398319;7;3_3;SR_0_SM_0;0.8184650240725007
1196.847798663946;1097.2178971852236;3;3;3_3;0.6201071526491708;7;3_3;SR_0_SM_0;0.8184650240725007
1203.4969260783073;1103.8676731434434;3;3;3_3;0.6235254990585096;7;3_3;SR_0_SM_0;0.8184650240725007
1210.1460534926682;1110.5174491016635;3;3;3_3;0.6269438454678486;7;3_3;SR_0_SM_0;0.8184650240725007
1216.7951809070296;1117.167225059883;3;3;3_3;0.6303621918771876;7;3_3;SR_0_SM_0;0.8184650240725007
1223.444308321391;1123.8170010181034;3;3;3_3;0.6337805382865267;7;3_3;SR_0_SM_0;0.8184650240725007
1230.093435735752;1130.4667769763232;3;3;3_3;0.6371988846958655;7;3_3;SR_0_SM_0;0.8184650240725007
1236.7425631501128;1137.116552934543;3;3;3_3;0.6406172311052043;7;3_3;SR_0_SM_0;0.8184650240725007
1243.3916905644742;1143.7663288927629;3;3;3_3;0.6440355775145433;7;3_3;SR_0_SM_0;0.8184650240725007
1250.040817978835;1150.4161048509827;3;3;3_3;0.6474539239238821;7;3_3;SR_0_SM_0;0.8184650240725007
1256.6899453931965;1157.0658808092026;3;3;3_3;0.650872270333221;7;3_3;SR_0_SM_0;0.8184650240725007
1263.3390728075574;1163.7156567674228;3;3;3_3;0.6542906167425601;7;3_3;SR_0_SM_0;0.8184650240725007
1269.9882002219188;1170.365432725643;3;3;3_3;0.6577089631518991;7;3_3;SR_0_SM_0;0.8184650240725007
1276.63732763628;1177.0152086838625;3;3;3_3;0.6611273095612379;7;3_3;SR_0_SM_0;0.8184650240725007
1276.637003364351;1183.664660370153;3;3;3_3;0.6635444454877261;7;3_3;SR_0_SM_0;0.8184650240725007
1283.2861307787116;1190.3144363283727;3;3;3_3;0.6669627918970649;7;3_3;SR_0_SM_0;0.8184650240725007
1289.935258193073;1196.9642122865928;3;3;3_3;0.6703811383064039;7;3_3;SR_0_SM_0;0.8184650240725007
1296.5847098793631;1196.964536558522;3;3;3_3;0.672798274232892;7;3_3;SR_0_SM_0;0.8184650240725007
1303.2338372937245;1203.6143125167418;3;3;3_3;0.676216620642231;7;3_3;SR_0_SM_0;0.8184650240725007
1309.8829647080856;1210.264088474962;3;3;3_3;0.6796349670515699;7;3_3;SR_0_SM_0;0.8184650240725007
1316.5320921224466;1216.913864433182;3;3;3_3;0.6830533134609089;7;3_3;SR_0_SM_0;0.8184650240725007
1316.531767850517;1223.5633161194723;3;3;3_3;0.685470449387397;7;3_3;SR_0_SM_0;0.8184650240725007
1323.1808952648785;1230.2130920776922;3;3;3_3;0.688888795796736;7;3_3;SR_0_SM_0;0.8184650240725007
1329.8300226792398;1236.862868035912;3;3;3_3;0.6923071422060749;7;3_3;SR_0_SM_0;0.8184650240725007
1329.8296984073104;1243.5123197222028;3;3;3_3;0.6947242781325633;7;3_3;SR_0_SM_0;0.8184650240725007
1336.4788258216713;1250.162095680423;3;3;3_3;0.6981426245419022;7;3_3;SR_0_SM_0;0.8184650240725007
1343.127953236033;1256.8118716386423;3;3;3_3;0.701560970951241;8;3_3;SR_0_SM_0;0.8013698630136985
1349.7770806503936;1263.4616475968623;3;3;3_3;0.70497931736058;8;3_3;SR_0_SM_0;0.8013698630136985
1356.426208064755;1270.1114235550822;3;3;3_3;0.708397663769919;8;3_3;SR_0_SM_0;0.8013698630136985
1356.4258837928255;1276.7608752413728;3;3;3_3;0.7108147996964073;8;3_3;SR_0_SM_0;0.8013698630136985
1363.0750112071864;1283.4106511995926;3;3;3_3;0.7142331461057461;8;3_3;SR_0_SM_0;0.8013698630136985
1369.7241386215478;1290.060427157813;3;3;3_3;0.7176514925150852;8;3_3;SR_0_SM_0;0.8013698630136985
1369.7238143496184;1296.709878844103;3;3;3_3;0.7200686284415732;8;3_3;SR_0_SM_0;0.8013698630136985
1376.3729417639793;1303.359654802323;3;3;3_3;0.723486974850912;8;3_3;SR_0_SM_0;0.8013698630136985
1383.0220691783406;1310.0094307605427;3;3;3_3;0.726905321260251;8;3_3;SR_0_SM_0;0.8013698630136985
1383.0217449064112;1316.6588824468336;3;3;3_3;0.7293224571867394;8;3_3;SR_0_SM_0;0.8013698630136985
1383.0214206344815;1323.308334133124;3;3;3_3;0.7317395931132276;8;3_3;SR_0_SM_0;0.8013698630136985
1389.670548048843;1329.9581100913438;3;3;3_3;0.7351579395225666;8;3_3;SR_0_SM_0;0.8013698630136985
1396.319675463204;1336.6078860495636;3;3;3_3;0.7385762859319054;8;3_3;SR_0_SM_0;0.8013698630136985
1396.3193511912746;1343.2573377358542;3;3;3_3;0.7409934218583937;8;3_3;SR_0_SM_0;0.8013698630136985
1402.968478605636;1349.9071136940745;3;3;3_3;0.7444117682677327;8;3_3;SR_0_SM_0;0.8013698630136985
1402.9681543337065;1356.5565653803646;3;3;3_3;0.7468289041942209;8;3_3;SR_0_SM_0;0.8013698630136985
1402.967830061777;1363.206017066655;3;3;3_3;0.7492460401207091;8;3_3;SR_0_SM_0;0.8013698630136985
1402.967505789848;1369.855468752946;3;3;3_3;0.7516631760471977;8;3_3;SR_0_SM_0;0.8013698630136985
1402.9671815179186;1376.5049204392362;3;3;3_3;0.7540803119736856;8;3_3;SR_0_SM_0;0.8013698630136985
1409.6163089322797;1383.154696397456;3;3;3_3;0.7574986583830244;8;3_3;SR_0_SM_0;0.8013698630136985
1409.61598466035;1389.8041480837464;3;3;3_3;0.7599157943095127;8;3_3;SR_0_SM_0;0.8013698630136985
1416.2651120747114;1396.4539240419665;3;3;3_3;0.7633341407188516;8;3_3;SR_0_SM_0;0.8013698630136985
1416.264787802782;1403.103375728257;3;3;3_3;0.7657512766453399;8;3_3;SR_0_SM_0;0.8013698630136985
1416.2644635308525;1409.7528274145477;3;3;3_3;0.7681684125718282;8;3_3;SR_0_SM_0;0.8013698630136985
1416.264139258923;1416.402279100838;3;3;3_3;0.7705855484983165;8;3_3;SR_0_SM_0;0.8013698630136985
1416.263814986994;1423.0517307871287;3;3;3_3;0.7730026844248048;8;3_3;SR_0_SM_0;0.8013698630136985
1416.2634907150646;1429.701182473419;3;3;3_3;0.7754198203512931;8;3_3;SR_0_SM_0;0.8013698630136985
1422.9126181294257;1436.350958431639;3;3;3_3;0.778838166760632;8;3_3;SR_0_SM_0;0.8013698630136985
1422.912293857496;1443.0004101179295;3;3;3_3;0.78125530268712;8;3_3;SR_0_SM_0;0.8013698630136985
1429.5614212718574;1449.650186076149;3;3;3_3;0.784673649096459;8;3_3;SR_0_SM_0;0.8013698630136985
1429.561096999928;1456.29963776244;3;3;3_3;0.7870907850229473;8;3_3;SR_0_SM_0;0.8013698630136985
1429.5607727279985;1462.9490894487303;3;3;3_3;0.7895079209494354;8;3_3;SR_0_SM_0;0.8013698630136985
1429.560448456069;1469.598541135021;3;3;3_3;0.7919250568759237;8;3_3;SR_0_SM_0;0.8013698630136985
1436.2095758704304;1476.248317093241;3;3;3_3;0.7953434032852628;8;3_3;SR_0_SM_0;0.8013698630136985
1436.209251598501;1482.8977687795314;3;3;3_3;0.7977605392117509;8;3_3;SR_0_SM_0;0.8013698630136985
1436.2089273265717;1489.547220465822;3;3;3_3;0.8001776751382392;9;3_3;SR_1_SM_1;0.7439516129032258
1436.208603054642;1496.1966721521126;3;3;3_3;0.8025948110647274;9;3_3;SR_1_SM_1;0.7439516129032258
1442.8577304690034;1502.8464481103324;3;3;3_3;0.8060131574740664;9;3_3;SR_1_SM_1;0.7439516129032258
1449.5068578833643;1509.4962240685522;3;3;3_3;0.8094315038834052;9;3_3;SR_1_SM_1;0.7439516129032258
1449.506533611435;1516.1456757548428;3;3;3_3;0.8118486398098934;9;3_3;SR_1_SM_1;0.7439516129032258
1449.506209339506;1522.7951274411332;3;3;3_3;0.8142657757363816;9;3_3;SR_1_SM_1;0.7439516129032258
1449.5058850675764;1529.4445791274238;3;3;3_3;0.8166829116628699;9;3_3;SR_1_SM_1;0.7439516129032258
1456.1550124819378;1536.0943550856437;3;3;3_3;0.8201012580722089;9;3_3;SR_1_SM_1;0.7439516129032258
1456.1546882100083;1542.7438067719345;3;3;3_3;0.8225183939986972;9;3_3;SR_1_SM_1;0.7439516129032258
1456.1543639380789;1549.3932584582246;3;3;3_3;0.8249355299251853;9;3_3;SR_1_SM_1;0.7439516129032258
1462.8034913524398;1556.0430344164447;3;3;3_3;0.8283538763345242;9;3_3;SR_1_SM_1;0.7439516129032258
1462.8031670805103;1562.692486102735;3;3;3_3;0.8307710122610125;9;3_3;SR_1_SM_1;0.7439516129032258
1469.4522944948717;1569.342262060955;3;3;3_3;0.8341893586703514;9;3_3;SR_1_SM_1;0.7439516129032258
1469.4519702229422;1575.9917137472455;3;3;3_3;0.8366064945968397;9;3_3;SR_1_SM_1;0.7439516129032258
1469.4516459510128;1582.641165433536;3;3;3_3;0.8390236305233278;9;3_3;SR_1_SM_1;0.7439516129032258
1469.451321679083;1589.2906171198265;3;3;3_3;0.8414407664498161;9;3_3;SR_1_SM_1;0.7439516129032258
1476.1004490934447;1595.9403930780466;3;3;3_3;0.8448591128591552;9;3_3;SR_1_SM_1;0.7439516129032258
1482.7495765078056;1602.5901690362664;3;3;3_3;0.8482774592684942;9;3_3;SR_1_SM_1;0.7439516129032258
1482.7492522358762;1609.239620722557;3;3;3_3;0.8506945951949824;9;3_3;SR_1_SM_1;0.7439516129032258
1489.3983796502375;1615.8893966807768;3;3;3_3;0.8541129416043214;9;3_3;SR_1_SM_1;0.7439516129032258
1496.0475070645984;1622.539172638997;3;3;3_3;0.8575312880136603;9;3_3;SR_1_SM_1;0.7439516129032258
1496.0471827926694;1629.1886243252873;3;3;3_3;0.8599484239401484;9;3_3;SR_1_SM_1;0.7439516129032258
1496.04685852074;1635.838076011578;3;3;3_3;0.8623655598666369;9;3_3;SR_1_SM_1;0.7439516129032258
1502.695985935101;1642.4878519697977;3;3;3_3;0.8657839062759756;9;3_3;SR_1_SM_1;0.7439516129032258
1509.3451133494625;1649.1376279280175;3;3;3_3;0.8692022526853146;9;3_3;SR_1_SM_1;0.7439516129032258
1515.9942407638232;1655.7874038862374;3;3;3_3;0.8726205990946535;9;3_3;SR_1_SM_1;0.7439516129032258
1522.6433681781846;1662.4371798444572;3;3;3_3;0.8760389455039924;9;3_3;SR_1_SM_1;0.7439516129032258
1529.292495592546;1669.0869558026773;3;3;3_3;0.8794572919133314;9;3_3;SR_1_SM_1;0.7439516129032258
1529.2921713206165;1675.736407488968;3;3;3_3;0.8818744278398197;9;3_3;SR_1_SM_1;0.7439516129032258
1535.9412987349774;1682.3861834471877;3;3;3_3;0.8852927742491586;9;3_3;SR_1_SM_1;0.7439516129032258
1542.5904261493388;1689.0359594054075;3;3;3_3;0.8887111206584974;9;3_3;SR_1_SM_1;0.7439516129032258
1549.2395535636997;1695.6857353636274;3;3;3_3;0.8921294670678364;9;3_3;SR_1_SM_1;0.7439516129032258
1555.88900524999;1695.6860596355568;3;3;3_3;0.8945466029943245;9;3_3;SR_1_SM_1;0.7439516129032258
1562.5381326643517;1702.335835593777;3;3;3_3;0.8979649494036636;9;3_3;SR_1_SM_1;0.7439516129032258
1569.1872600787124;1708.9856115519965;3;3;3_3;0.9013832958130022;10;3_3;SR_0_SM_0;1.0
1575.8363874930735;1715.6353875102166;3;3;3_3;0.9048016422223413;10;3_3;SR_0_SM_0;1.0
1582.485514907435;1722.2851634684364;3;3;3_3;0.9082199886316802;10;3_3;SR_0_SM_0;1.0
1589.134966593725;1722.285487740366;3;3;3_3;0.9106371245581684;10;3_3;SR_0_SM_0;1.0
1595.7840940080864;1728.9352636985857;3;3;3_3;0.9140554709675072;10;3_3;SR_0_SM_0;1.0
1602.4335456943768;1728.9355879705151;3;3;3_3;0.9164726068939953;10;3_3;SR_0_SM_0;1.0
1609.0826731087382;1735.585363928735;3;3;3_3;0.9198909533033344;10;3_3;SR_0_SM_0;1.0
1615.7321247950283;1735.5856882006642;3;3;3_3;0.9223080892298225;10;3_3;SR_0_SM_0;1.0
1622.38125220939;1742.2354641588845;3;3;3_3;0.9257264356391616;10;3_3;SR_0_SM_0;1.0
1629.0307038956803;1742.2357884308135;3;3;3_3;0.9281435715656496;10;3_3;SR_0_SM_0;1.0
1635.6801555819711;1742.236112702743;3;3;3_3;0.930560707492138;10;3_3;SR_0_SM_0;1.0
1642.329282996332;1748.8858886609628;3;3;3_3;0.9339790539014768;10;3_3;SR_0_SM_0;1.0
1648.9787346826224;1748.8862129328922;3;3;3_3;0.9363961898279651;10;3_3;SR_0_SM_0;1.0
1655.627862096983;1755.535988891112;3;3;3_3;0.9398145362373039;10;3_3;SR_0_SM_0;1.0
1662.2773137832742;1755.5363131630415;3;3;3_3;0.9422316721637923;10;3_3;SR_0_SM_0;1.0
1668.9267654695643;1755.536637434971;3;3;3_3;0.9446488080902805;10;3_3;SR_0_SM_0;1.0
1675.575892883926;1762.1864133931908;3;3;3_3;0.9480671544996195;10;3_3;SR_0_SM_0;1.0
1682.2253445702163;1762.1867376651203;3;3;3_3;0.9504842904261076;10;3_3;SR_0_SM_0;1.0
1688.8744719845777;1768.83651362334;3;3;3_3;0.9539026368354465;10;3_3;SR_0_SM_0;1.0
1695.523923670868;1768.8368378952694;3;3;3_3;0.9563197727619347;10;3_3;SR_0_SM_0;1.0
1702.173051085229;1775.4866138534894;3;3;3_3;0.9597381191712737;10;3_3;SR_0_SM_0;1.0
1708.8225027715198;1775.4869381254186;3;3;3_3;0.962155255097762;10;3_3;SR_0_SM_0;1.0
1715.4719544578102;1775.487262397348;3;3;3_3;0.9645723910242502;10;3_3;SR_0_SM_0;1.0
1722.1210818721715;1782.137038355568;3;3;3_3;0.9679907374335892;10;3_3;SR_0_SM_0;1.0
1728.770533558462;1782.1373626274974;3;3;3_3;0.9704078733600773;10;3_3;SR_0_SM_0;1.0
1735.4199852447523;1782.1376868994266;3;3;3_3;0.9728250092865655;10;3_3;SR_0_SM_0;1.0
1742.0694369310431;1782.138011171356;3;3;3_3;0.9752421452130539;10;3_3;SR_0_SM_0;1.0
1748.7188886173335;1782.1383354432855;3;3;3_3;0.977659281139542;10;3_3;SR_0_SM_0;1.0
1755.3680160316944;1788.7881114015054;3;3;3_3;0.9810776275488807;10;3_3;SR_0_SM_0;1.0
1762.0174677179853;1788.7884356734348;3;3;3_3;0.9834947634753692;10;3_3;SR_0_SM_0;1.0
1768.6665951323462;1795.438211631655;3;3;3_3;0.9869131098847082;10;3_3;SR_0_SM_0;1.0
1775.3160468186366;1795.438535903584;3;3;3_3;0.9893302458111964;10;3_3;SR_0_SM_0;1.0
1781.965498504927;1795.4388601755134;3;3;3_3;0.9917473817376845;10;3_3;SR_0_SM_0;1.0
1788.6149501912178;1795.4391844474428;3;3;3_3;0.9941645176641728;10;3_3;SR_0_SM_0;1.0
1795.2644018775086;1795.4395087193725;3;3;3_3;0.9965816535906611;10;3_3;SR_0_SM_0;1.0
1801.9135292918693;1802.089284677592;3;3;3_3;1.0;10;3_3;SR_0_SM_0;1.0
0.0;0.0;3;4;3_4;0.0;1;;brak;
6.64945168629049;0.0003242719292302;3;4;3_4;0.001904238773501909;1;;brak;
13.298579100651692;6.650100230149292;3;4;3_4;0.004597239072985075;1;;brak;
19.948030786942184;6.650424502078749;3;4;3_4;0.006501477846486985;1;;brak;
26.59715820130333;13.300200460298583;3;4;3_4;0.009194478145970093;1;;brak;
33.24628561566442;19.949976418518418;3;4;3_4;0.01188747844545319;1;;brak;
39.895737301954966;19.950300690447875;3;4;3_4;0.013791717218955116;1;;brak;
46.54486471631611;26.60007664866771;3;4;3_4;0.016484717518438222;1;;brak;
53.19431640260666;26.600400920597167;3;4;3_4;0.018388956291940147;1;;brak;
59.84344381696775;33.250176878816774;3;4;3_4;0.021081956591423198;1;;brak;
66.49257123132895;39.89995283703684;3;4;3_4;0.023774956890906366;1;;brak;
73.14169864569004;46.5497287952569;3;4;3_4;0.026467957190389507;1;;brak;
79.79115033198059;46.55005306718613;3;4;3_4;0.02837219596389143;1;;brak;
86.44027774634174;53.19982902540596;3;4;3_4;0.031065196263374537;1;;brak;
93.08940516070288;59.84960498362602;3;4;3_4;0.033758196562857695;1;;brak;
99.73853257506396;66.49938094184586;3;4;3_4;0.03645119686234079;1;;brak;
106.38765998942516;73.14915690006569;3;4;3_4;0.03914419716182391;1;;brak;
113.03678740378626;79.79893285828575;3;4;3_4;0.04183719746130706;1;;brak;
119.68591481814748;86.44870881650536;3;4;3_4;0.04453019776079013;1;;brak;
126.33504223250856;93.09848477472542;3;4;3_4;0.04722319806027327;1;;brak;
132.9844939187991;93.09880904665488;3;4;3_4;0.0491274368337752;1;;brak;
139.6336213331602;99.74858500487473;3;4;3_4;0.0518204371332583;1;;brak;
146.28307301945074;99.74890927680416;3;4;3_4;0.05372467590676022;1;;brak;
152.9322004338119;106.398685235024;3;4;3_4;0.05641767620624333;1;;brak;
159.58132784817303;113.04846119324384;3;4;3_4;0.059110676505726434;1;;brak;
159.5810035762437;119.69791287953444;3;4;3_4;0.06101491527922838;1;;brak;
166.23013099060478;126.34768883775428;3;4;3_4;0.06370791557871147;1;;brak;
172.87958267689532;126.3480131096835;3;4;3_4;0.0656121543522134;1;;brak;
179.52871009125647;132.99778906790357;3;4;3_4;0.06830515465169655;1;;brak;
186.17816177754696;132.99811333983305;3;4;3_4;0.07020939342519847;1;;brak;
192.82728919190816;139.64788929805263;3;4;3_4;0.07290239372468153;1;;brak;
199.47641660626925;146.2976652562727;3;4;3_4;0.07559539402416468;1;;brak;
206.1258682925598;146.29798952820215;3;4;3_4;0.07749963279766661;1;;brak;
212.77499570692092;152.947765486422;3;4;3_4;0.08019263309714972;1;;brak;
219.4241231212821;159.59754144464182;3;4;3_4;0.08288563339663282;1;;brak;
226.07357480757256;159.59786571657128;3;4;3_4;0.08478987217013473;1;;brak;
232.72270222193373;166.2476416747911;3;4;3_4;0.08748287246961783;1;;brak;
239.37215390822425;166.24796594672057;3;4;3_4;0.08938711124311975;1;;brak;
246.02128132258545;172.89774190494063;3;4;3_4;0.09208011154260293;1;;brak;
252.6704087369465;179.54751786316024;3;4;3_4;0.09477311184208596;1;;brak;
259.31953615130766;186.1972938213803;3;4;3_4;0.09746611214156913;1;;brak;
265.9689878375981;186.19761809330976;3;4;3_4;0.09937035091507103;1;;brak;
272.6181152519593;192.84739405152936;3;4;3_4;0.1020633512145541;2;;brak;
279.26724266632056;199.49717000974945;3;4;3_4;0.10475635151403728;2;;brak;
285.91669435261105;199.49749428167888;3;4;3_4;0.1066605902875392;2;;brak;
292.5658217669721;206.14727023989872;3;4;3_4;0.10935359058702229;2;;brak;
299.21527345326257;206.14759451182815;3;4;3_4;0.11125782936052421;2;;brak;
305.86440086762383;212.79737047004775;3;4;3_4;0.11395082966000727;2;;brak;
312.513528281985;219.44714642826784;3;4;3_4;0.11664382995949042;2;;brak;
319.16297996827547;219.4474707001973;3;4;3_4;0.11854806873299234;2;;brak;
325.8121073826366;226.09724665841716;3;4;3_4;0.12124106903247545;2;;brak;
332.46123479699776;232.74702261663697;3;4;3_4;0.12393406933195855;2;;brak;
339.1103622113589;239.39679857485703;3;4;3_4;0.1266270696314417;2;;brak;
345.7598138976494;239.39712284678623;3;4;3_4;0.12853130840494362;2;;brak;
352.40894131201054;246.04689880500632;3;4;3_4;0.13122430870442678;2;;brak;
359.0580687263717;252.69667476322616;3;4;3_4;0.13391730900390988;2;;brak;
365.7075204126622;252.6969990351554;3;4;3_4;0.1358215477774118;2;;brak;
372.3566478270233;259.34677499337545;3;4;3_4;0.13851454807689495;2;;brak;
379.0060995133138;259.3470992653049;3;4;3_4;0.14041878685039685;2;;brak;
385.6552269276751;265.9968752235245;3;4;3_4;0.14311178714987996;2;;brak;
392.3046786139656;265.997199495454;3;4;3_4;0.1450160259233819;2;;brak;
398.9538060283266;272.64697545367403;3;4;3_4;0.14770902622286503;2;;brak;
405.6032577146172;272.64729972560326;3;4;3_4;0.14961326499636696;2;;brak;
412.2523851289784;279.2970756838233;3;4;3_4;0.15230626529585006;2;;brak;
418.9018368152688;279.2973999557525;3;4;3_4;0.15421050406935194;2;;brak;
425.55096422963;285.9471759139724;3;4;3_4;0.15690350436883507;2;;brak;
432.2000916439912;292.59695187219245;3;4;3_4;0.1595965046683182;2;;brak;
438.8495433302817;292.5972761441217;3;4;3_4;0.1615007434418201;2;;brak;
445.4986707446428;299.24705210234174;3;4;3_4;0.16419374374130327;2;;brak;
452.1477981590039;305.8968280605616;3;4;3_4;0.16688674404078638;2;;brak;
458.7972498452945;305.8971523324908;3;4;3_4;0.1687909828142883;2;;brak;
465.44637725965566;312.54692829071087;3;4;3_4;0.17148398311377153;2;;brak;
472.09582894594615;312.5472525626403;3;4;3_4;0.17338822188727343;2;;brak;
478.7449563603072;319.19702852086;3;4;3_4;0.17608122218675648;2;;brak;
485.3944080465978;319.1973527927894;3;4;3_4;0.1779854609602584;2;;brak;
492.0435354609589;325.84712875100945;3;4;3_4;0.18067846125974157;2;;brak;
498.6929871472494;325.8474530229387;3;4;3_4;0.1825827000332435;2;;brak;
505.3421145616106;332.49722898115874;3;4;3_4;0.18527570033272667;2;;brak;
511.99124197597183;339.1470049393786;3;4;3_4;0.18796870063220977;2;;brak;
518.6406936622623;339.1473292113078;3;4;3_4;0.18987293940571168;2;;brak;
525.2898210766234;345.79710516952787;3;4;3_4;0.19256593970519484;2;;brak;
531.9392727629138;345.7974294414571;3;4;3_4;0.19447017847869671;2;;brak;
538.5884001772752;352.4472053996772;3;4;3_4;0.19716317877817993;2;;brak;
545.2378518635655;352.4475296716066;3;4;3_4;0.19906741755168178;2;;brak;
551.8869792779267;359.0973056298262;3;4;3_4;0.20176041785116486;3;3_4;SR_1_SM_1;0.3796271987398267
558.5364309642173;359.0976299017557;3;4;3_4;0.2036646566246668;3;3_4;SR_1_SM_1;0.3796271987398267
565.1855583785784;365.7474058599757;3;4;3_4;0.20635765692414995;3;3_4;SR_1_SM_1;0.3796271987398267
571.8350100648688;365.747730131905;3;4;3_4;0.2082618956976518;3;3_4;SR_1_SM_1;0.3796271987398267
578.48413747923;372.3975060901248;3;4;3_4;0.21095489599713493;3;3_4;SR_1_SM_1;0.3796271987398267
585.1335891655206;372.3978303620543;3;4;3_4;0.21285913477063687;3;3_4;SR_1_SM_1;0.3796271987398267
591.7827165798817;379.0476063202741;3;4;3_4;0.21555213507011994;3;3_4;SR_1_SM_1;0.3796271987398267
598.4321682661723;379.0479305922036;3;4;3_4;0.21745637384362188;3;3_4;SR_1_SM_1;0.3796271987398267
605.0816199524627;379.048254864133;3;4;3_4;0.21936061261712375;3;3_4;SR_1_SM_1;0.3796271987398267
611.7307473668238;385.6980308223529;3;4;3_4;0.22205361291660689;3;3_4;SR_1_SM_1;0.3796271987398267
618.3801990531144;385.6983550942823;3;4;3_4;0.22395785169010882;3;3_4;SR_1_SM_1;0.3796271987398267
625.0293264674756;392.3481310525021;3;4;3_4;0.22665085198959192;3;3_4;SR_1_SM_1;0.3796271987398267
631.678778153766;392.34845532443137;3;4;3_4;0.2285550907630938;3;3_4;SR_1_SM_1;0.3796271987398267
638.3282298400566;392.3487795963608;3;4;3_4;0.23045932953659573;3;3_4;SR_1_SM_1;0.3796271987398267
644.9773572544177;398.9985555545809;3;4;3_4;0.2331523298360789;3;3_4;SR_1_SM_1;0.3796271987398267
651.6268089407083;398.9988798265101;3;4;3_4;0.23505656860958082;3;3_4;SR_1_SM_1;0.3796271987398267
658.2759363550695;405.6486557847302;3;4;3_4;0.23774956890906399;3;3_4;SR_1_SM_1;0.3796271987398267
664.9253880413601;405.6489800566594;3;4;3_4;0.23965380768256592;3;3_4;SR_1_SM_1;0.3796271987398267
671.574515455721;412.2987560148793;3;4;3_4;0.24234680798204897;3;3_4;SR_1_SM_1;0.3796271987398267
678.2239671420116;412.2990802868087;3;4;3_4;0.2442510467555509;3;3_4;SR_1_SM_1;0.3796271987398267
684.8730945563727;418.9488562450285;3;4;3_4;0.246944047055034;3;3_4;SR_1_SM_1;0.3796271987398267
691.5225462426633;418.949180516958;3;4;3_4;0.24884828582853594;3;3_4;SR_1_SM_1;0.3796271987398267
698.1716736570245;425.5989564751778;3;4;3_4;0.251541286128019;3;3_4;SR_1_SM_1;0.3796271987398267
704.8211253433149;425.5992807471071;3;4;3_4;0.2534455249015209;3;3_4;SR_1_SM_1;0.3796271987398267
711.470252757676;432.2490567053271;3;4;3_4;0.25613852520100405;3;3_4;SR_1_SM_1;0.3796271987398267
718.1197044439666;432.2493809772566;3;4;3_4;0.258042763974506;3;3_4;SR_1_SM_1;0.3796271987398267
724.7688318583278;438.8991569354764;3;4;3_4;0.2607357642739891;3;3_4;SR_1_SM_1;0.3796271987398267
731.4182835446181;438.8994812074058;3;4;3_4;0.262640003047491;3;3_4;SR_1_SM_1;0.3796271987398267
738.0674109589793;445.5492571656257;3;4;3_4;0.26533300334697413;3;3_4;SR_1_SM_1;0.3796271987398267
744.7168626452699;445.5495814375549;3;4;3_4;0.26723724212047606;3;3_4;SR_1_SM_1;0.3796271987398267
751.365990059631;452.199357395775;3;4;3_4;0.2699302424199592;3;3_4;SR_1_SM_1;0.3796271987398267
758.0154417459214;452.19968166770445;3;4;3_4;0.2718344811934611;3;3_4;SR_1_SM_1;0.3796271987398267
764.664893432212;452.2000059396337;3;4;3_4;0.27373871996696303;3;3_4;SR_1_SM_1;0.3796271987398267
771.3140208465734;458.84978189785375;3;4;3_4;0.2764317202664462;3;3_4;SR_1_SM_1;0.3796271987398267
777.9634725328638;458.850106169783;3;4;3_4;0.27833595903994807;3;3_4;SR_1_SM_1;0.3796271987398267
784.6129242191544;458.8504304417124;3;4;3_4;0.28024019781345005;3;3_4;SR_1_SM_1;0.3796271987398267
791.2620516335155;465.50020639993227;3;4;3_4;0.28293319811293316;3;3_4;SR_1_SM_1;0.3796271987398267
797.9115033198059;465.5005306718615;3;4;3_4;0.28483743688643504;3;3_4;SR_1_SM_1;0.3796271987398267
804.560630734167;472.1503066300816;3;4;3_4;0.2875304371859182;3;3_4;SR_1_SM_1;0.3796271987398267
811.2100824204576;472.150630902011;3;4;3_4;0.28943467595942013;3;3_4;SR_1_SM_1;0.3796271987398267
817.8592098348188;478.8004068602309;3;4;3_4;0.2921276762589033;3;3_4;SR_1_SM_1;0.3796271987398267
824.5086615211094;478.8007311321603;3;4;3_4;0.2940319150324052;3;3_4;SR_1_SM_1;0.3796271987398267
831.1577889354705;485.45050709038014;3;4;3_4;0.2967249153318883;3;3_4;SR_1_SM_1;0.3796271987398267
837.8072406217609;485.4508313623094;3;4;3_4;0.2986291541053902;3;3_4;SR_1_SM_1;0.3796271987398267
844.4566923080515;485.4511556342388;3;4;3_4;0.30053339287889225;4;3_4;SR_1_SM_1;0.4869056985500731
851.1058197224124;492.1009315924589;3;4;3_4;0.3032263931783753;4;3_4;SR_1_SM_1;0.4869056985500731
857.755271408703;492.1012558643881;3;4;3_4;0.3051306319518773;4;3_4;SR_1_SM_1;0.4869056985500731
864.4043988230644;498.751031822608;3;4;3_4;0.3078236322513604;4;3_4;SR_1_SM_1;0.4869056985500731
871.0538505093548;498.7513560945374;3;4;3_4;0.30972787102486227;4;3_4;SR_1_SM_1;0.4869056985500731
877.7029779237159;505.4011320527573;3;4;3_4;0.31242087132434543;4;3_4;SR_1_SM_1;0.4869056985500731
884.3524296100065;505.4014563246867;3;4;3_4;0.3143251100978473;4;3_4;SR_1_SM_1;0.4869056985500731
891.0018812962969;505.401780596616;3;4;3_4;0.31622934887134924;4;3_4;SR_1_SM_1;0.4869056985500731
897.6510087106581;512.051556554836;3;4;3_4;0.31892234917083245;4;3_4;SR_1_SM_1;0.4869056985500731
904.3004603969484;512.0518808267655;3;4;3_4;0.3208265879443343;4;3_4;SR_1_SM_1;0.4869056985500731
910.949912083239;512.0522050986947;3;4;3_4;0.32273082671783626;4;3_4;SR_1_SM_1;0.4869056985500731
917.5990394976004;518.7019810569145;3;4;3_4;0.3254238270173193;4;3_4;SR_1_SM_1;0.4869056985500731
924.2484911838908;518.702305328844;3;4;3_4;0.32732806579082124;4;3_4;SR_1_SM_1;0.4869056985500731
930.8979428701814;518.7026296007732;3;4;3_4;0.3292323045643231;4;3_4;SR_1_SM_1;0.4869056985500731
937.547394556472;518.7029538727027;3;4;3_4;0.3311365433378251;4;3_4;SR_1_SM_1;0.4869056985500731
944.1968462427624;518.7032781446321;3;4;3_4;0.333040782111327;4;3_4;SR_1_SM_1;0.4869056985500731
950.8459736571236;525.353054102852;3;4;3_4;0.33573378241081014;4;3_4;SR_1_SM_1;0.4869056985500731
957.495425343414;525.3533783747814;3;4;3_4;0.33763802118431196;4;3_4;SR_1_SM_1;0.4869056985500731
964.1448770297044;525.3537026467109;3;4;3_4;0.33954225995781384;4;3_4;SR_1_SM_1;0.4869056985500731
970.7943287159952;525.3540269186401;3;4;3_4;0.34144649873131583;4;3_4;SR_1_SM_1;0.4869056985500731
977.4437804022856;525.3543511905696;3;4;3_4;0.34335073750481776;4;3_4;SR_1_SM_1;0.4869056985500731
984.093232088576;525.354675462499;3;4;3_4;0.3452549762783196;4;3_4;SR_1_SM_1;0.4869056985500731
990.7426837748668;525.3549997344282;3;4;3_4;0.34715921505182157;4;3_4;SR_1_SM_1;0.4869056985500731
997.3918111892276;532.0047756926483;3;4;3_4;0.34985221535130473;4;3_4;SR_1_SM_1;0.4869056985500731
1004.0412628755182;532.0050999645778;3;4;3_4;0.3517564541248066;4;3_4;SR_1_SM_1;0.4869056985500731
1010.691038833738;525.3559725502164;3;4;3_4;0.3544494544242898;4;3_4;SR_1_SM_1;0.4869056985500731
1017.3404905200288;525.3562968221459;3;4;3_4;0.3563536931977918;4;3_4;SR_1_SM_1;0.4869056985500731
1023.9899422063193;525.3566210940751;3;4;3_4;0.35825793197129363;4;3_4;SR_1_SM_1;0.4869056985500731
1030.6393938926094;525.3569453660045;3;4;3_4;0.36016217074479545;4;3_4;SR_1_SM_1;0.4869056985500731
1037.2888455789002;525.357269637934;3;4;3_4;0.36206640951829744;4;3_4;SR_1_SM_1;0.4869056985500731
1043.9382972651906;525.3575939098632;3;4;3_4;0.3639706482917993;4;3_4;SR_1_SM_1;0.4869056985500731
1050.5880732234104;518.7084664955021;3;4;3_4;0.36666364859128253;4;3_4;SR_1_SM_1;0.4869056985500731
1057.2375249097013;518.7087907674315;3;4;3_4;0.3685678873647846;4;3_4;SR_1_SM_1;0.4869056985500731
1063.887300867921;512.0596633530704;3;4;3_4;0.3712608876642677;4;3_4;SR_1_SM_1;0.4869056985500731
1070.537076826141;505.4105359387093;3;4;3_4;0.3739538879637508;4;3_4;SR_1_SM_1;0.4869056985500731
1077.186528512431;505.4108602106387;3;4;3_4;0.3758581267372526;4;3_4;SR_1_SM_1;0.4869056985500731
1083.8363044706512;498.7617327962773;3;4;3_4;0.3785511270367358;4;3_4;SR_1_SM_1;0.4869056985500731
1090.486080428871;492.1126053819164;3;4;3_4;0.3812441273362189;4;3_4;SR_1_SM_1;0.4869056985500731
1097.1358563870913;485.46347796755526;3;4;3_4;0.383937127635702;4;3_4;SR_1_SM_1;0.4869056985500731
1103.7856323453111;478.8143505531941;3;4;3_4;0.3866301279351851;4;3_4;SR_1_SM_1;0.4869056985500731
1110.435408303531;472.16522313883297;3;4;3_4;0.3893231282346682;4;3_4;SR_1_SM_1;0.4869056985500731
1117.0851842617508;465.5160957244718;3;4;3_4;0.39201612853415135;4;3_4;SR_1_SM_1;0.4869056985500731
1123.7349602199706;458.8669683101107;3;4;3_4;0.3947091288336345;4;3_4;SR_1_SM_1;0.4869056985500731
1130.3847361781905;452.21784089574953;3;4;3_4;0.39740212913311757;4;3_4;SR_1_SM_1;0.4869056985500731
1137.0345121364105;445.56871348138816;3;4;3_4;0.40009512943260084;5;3_4;SR_1_SM_1;0.8695652173913043
1143.6842880946306;438.9195860670272;3;4;3_4;0.4027881297320839;5;3_4;SR_1_SM_1;0.8695652173913043
1143.6846123665596;432.27013438073664;3;4;3_4;0.4046923685055859;5;3_4;SR_1_SM_1;0.8695652173913043
1150.33438832478;425.6210069663755;3;4;3_4;0.4073853688050691;5;3_4;SR_1_SM_1;0.8695652173913043
1150.3347125967089;418.9715552800851;3;4;3_4;0.4092896075785709;5;3_4;SR_1_SM_1;0.8695652173913043
1156.9844885549287;412.3224278657237;3;4;3_4;0.4119826078780541;5;3_4;SR_1_SM_1;0.8695652173913043
1163.634264513149;405.6733004513628;3;4;3_4;0.41467560817753724;5;3_4;SR_1_SM_1;0.8695652173913043
1170.2840404713688;399.0241730370017;3;4;3_4;0.41736860847702034;5;3_4;SR_1_SM_1;0.8695652173913043
1176.933816429589;392.3750456226403;3;4;3_4;0.42006160877650356;5;3_4;SR_1_SM_1;0.8695652173913043
1183.5835923878085;385.7259182082794;3;4;3_4;0.42275460907598655;5;3_4;SR_1_SM_1;0.8695652173913043
1190.2333683460283;379.07679079391824;3;4;3_4;0.4254476093754697;5;3_4;SR_1_SM_1;0.8695652173913043
1190.2336926179578;372.4273391076276;3;4;3_4;0.4273518481489716;5;3_4;SR_1_SM_1;0.8695652173913043
1196.8834685761776;365.7782116932665;3;4;3_4;0.43004484844845464;5;3_4;SR_1_SM_1;0.8695652173913043
1203.5332445343977;359.12908427890534;3;4;3_4;0.43273784874793786;5;3_4;SR_1_SM_1;0.8695652173913043
1210.1826962206878;359.1294085508348;3;4;3_4;0.4346420875214396;5;3_4;SR_1_SM_1;0.8695652173913043
1216.832472178908;352.48028113647365;3;4;3_4;0.4373350878209228;5;3_4;SR_1_SM_1;0.8695652173913043
1223.482248137128;345.8311537221125;3;4;3_4;0.44002808812040595;5;3_4;SR_1_SM_1;0.8695652173913043
1230.1316998234183;345.831477994042;3;4;3_4;0.4419323268939079;5;3_4;SR_1_SM_1;0.8695652173913043
1236.7811515097092;345.8318022659712;3;4;3_4;0.4438365656674098;5;3_4;SR_1_SM_1;0.8695652173913043
1243.430927467929;339.18267485161005;3;4;3_4;0.44652956596689297;5;3_4;SR_1_SM_1;0.8695652173913043
1250.0803791542194;339.1829991235393;3;4;3_4;0.4484338047403949;5;3_4;SR_1_SM_1;0.8695652173913043
1256.7301551124392;332.5338717091784;3;4;3_4;0.4511268050398779;5;3_4;SR_1_SM_1;0.8695652173913043
1263.379931070659;325.8847442948172;3;4;3_4;0.45381980533936106;5;3_4;SR_1_SM_1;0.8695652173913043
1270.02938275695;325.88506856674644;3;4;3_4;0.4557240441128631;5;3_4;SR_1_SM_1;0.8695652173913043
1276.6788344432402;325.8853928386759;3;4;3_4;0.45762828288636487;5;3_4;SR_1_SM_1;0.8695652173913043
1283.3282861295306;325.88571711060536;3;4;3_4;0.45953252165986674;5;3_4;SR_1_SM_1;0.8695652173913043
1289.9780620877505;319.236589696244;3;4;3_4;0.4622255219593499;5;3_4;SR_1_SM_1;0.8695652173913043
1296.6278380459707;312.58746228188306;3;4;3_4;0.46491852225883307;5;3_4;SR_1_SM_1;0.8695652173913043
1303.2772897322611;312.5877865538125;3;4;3_4;0.466822761032335;5;3_4;SR_1_SM_1;0.8695652173913043
1309.9267414185515;312.5881108257417;3;4;3_4;0.4687269998058368;5;3_4;SR_1_SM_1;0.8695652173913043
1316.5758688329124;319.2378867839616;3;4;3_4;0.4714200001053199;5;3_4;SR_1_SM_1;0.8695652173913043
1323.2253205192033;319.23821105589104;3;4;3_4;0.47332423887882186;5;3_4;SR_1_SM_1;0.8695652173913043
1329.8744479335646;325.8879870141109;3;4;3_4;0.476017239178305;5;3_4;SR_1_SM_1;0.8695652173913043
1336.523899619855;325.88831128604033;3;4;3_4;0.47792147795180695;5;3_4;SR_1_SM_1;0.8695652173913043
1343.173027034216;332.5380872442604;3;4;3_4;0.48061447825129;5;3_4;SR_1_SM_1;0.8695652173913043
1349.8224787205068;332.5384115161896;3;4;3_4;0.482518717024792;5;3_4;SR_1_SM_1;0.8695652173913043
1356.4716061348677;339.18818747440946;3;4;3_4;0.4852117173242751;5;3_4;SR_1_SM_1;0.8695652173913043
1363.121057821158;339.1885117463389;3;4;3_4;0.4871159560977769;5;3_4;SR_1_SM_1;0.8695652173913043
1369.7701852355194;345.83828770455875;3;4;3_4;0.48980895639726013;5;3_4;SR_1_SM_1;0.8695652173913043
1376.4196369218098;345.8386119764882;3;4;3_4;0.49171319517076195;5;3_4;SR_1_SM_1;0.8695652173913043
1383.0687643361712;352.48838793470804;3;4;3_4;0.4944061954702451;5;3_4;SR_1_SM_1;0.8695652173913043
1389.717891750532;359.1381638929279;3;4;3_4;0.49709919576972816;5;3_4;SR_1_SM_1;0.8695652173913043
1389.7175674786026;365.7876155792185;3;4;3_4;0.4990034345432301;5;3_4;SR_1_SM_1;0.8695652173913043
1389.7172432066732;372.43706726550886;3;4;3_4;0.500907673316732;6;3_4;SR_1_SM_1;0.9064011379800854
1396.3663706210343;379.0868432237289;3;4;3_4;0.5036006736162152;6;3_4;SR_1_SM_1;0.9064011379800854
1403.015498035396;385.7366191819488;3;4;3_4;0.5062936739156984;6;3_4;SR_1_SM_1;0.9064011379800854
1403.0151737634665;392.38607086823913;3;4;3_4;0.5081979126892002;6;3_4;SR_1_SM_1;0.9064011379800854
1409.6643011778274;399.0358468264592;3;4;3_4;0.5108909129886834;6;3_4;SR_1_SM_1;0.9064011379800854
1409.663976905898;405.6852985127498;3;4;3_4;0.5127951517621853;6;3_4;SR_1_SM_1;0.9064011379800854
1416.3131043202593;412.3350744709696;3;4;3_4;0.5154881520616685;6;3_4;SR_1_SM_1;0.9064011379800854
1416.3127800483298;418.9845261572602;3;4;3_4;0.5173923908351704;6;3_4;SR_1_SM_1;0.9064011379800854
1416.3124557764004;425.6339778435506;3;4;3_4;0.5192966296086723;6;3_4;SR_1_SM_1;0.9064011379800854
1416.312131504471;432.2834295298412;3;4;3_4;0.5212008683821743;6;3_4;SR_1_SM_1;0.9064011379800854
1422.9612589188323;438.93320548806105;3;4;3_4;0.5238938686816573;6;3_4;SR_1_SM_1;0.9064011379800854
1422.9609346469028;445.5826571743514;3;4;3_4;0.5257981074551593;6;3_4;SR_1_SM_1;0.9064011379800854
1422.9606103749734;452.232108860642;3;4;3_4;0.5277023462286612;6;3_4;SR_1_SM_1;0.9064011379800854
1429.6097377893348;458.8818848188621;3;4;3_4;0.5303953465281444;6;3_4;SR_1_SM_1;0.9064011379800854
1429.6094135174053;465.53133650515247;3;4;3_4;0.5322995853016462;6;3_4;SR_1_SM_1;0.9064011379800854
1436.2585409317662;472.1811124633725;3;4;3_4;0.5349925856011294;6;3_4;SR_1_SM_1;0.9064011379800854
1436.2582166598372;478.83056414966313;3;4;3_4;0.5368968243746314;6;3_4;SR_1_SM_1;0.9064011379800854
1436.2578923879078;485.4800158359535;3;4;3_4;0.5388010631481333;6;3_4;SR_1_SM_1;0.9064011379800854
1442.907019802269;492.1297917941733;3;4;3_4;0.5414940634476163;6;3_4;SR_1_SM_1;0.9064011379800854
1449.55614721663;498.7795677523932;3;4;3_4;0.5441870637470995;6;3_4;SR_1_SM_1;0.9064011379800854
1449.5558229447006;505.4290194386838;3;4;3_4;0.5460913025206013;6;3_4;SR_1_SM_1;0.9064011379800854
1456.2049503590615;512.0787953969038;3;4;3_4;0.5487843028200845;6;3_4;SR_1_SM_1;0.9064011379800854
1456.2046260871325;518.7282470831942;3;4;3_4;0.5506885415935863;6;3_4;SR_1_SM_1;0.9064011379800854
1456.204301815203;525.3776987694848;3;4;3_4;0.5525927803670883;6;3_4;SR_1_SM_1;0.9064011379800854
1462.853429229564;532.0274747277047;3;4;3_4;0.5552857806665714;6;3_4;SR_1_SM_1;0.9064011379800854
1462.8531049576343;538.676926413995;3;4;3_4;0.5571900194400732;6;3_4;SR_1_SM_1;0.9064011379800854
1462.852780685705;545.3263781002856;3;4;3_4;0.5590942582135752;6;3_4;SR_1_SM_1;0.9064011379800854
1462.852456413776;551.975829786576;3;4;3_4;0.560998496987077;6;3_4;SR_1_SM_1;0.9064011379800854
1462.8521321418466;558.6252814728666;3;4;3_4;0.5629027357605789;6;3_4;SR_1_SM_1;0.9064011379800854
1469.5012595562075;565.2750574310867;3;4;3_4;0.5655957360600621;6;3_4;SR_1_SM_1;0.9064011379800854
1469.5009352842785;571.924509117377;3;4;3_4;0.5674999748335638;6;3_4;SR_1_SM_1;0.9064011379800854
1476.1500626986394;578.5742850755971;3;4;3_4;0.570192975133047;6;3_4;SR_1_SM_1;0.9064011379800854
1476.14973842671;585.2237367618877;3;4;3_4;0.572097213906549;6;3_4;SR_1_SM_1;0.9064011379800854
1476.149414154781;591.8731884481781;3;4;3_4;0.5740014526800509;6;3_4;SR_1_SM_1;0.9064011379800854
1476.1490898828515;598.5226401344687;3;4;3_4;0.5759056914535529;6;3_4;SR_1_SM_1;0.9064011379800854
1482.7982172972124;605.1724160926883;3;4;3_4;0.5785986917530358;6;3_4;SR_1_SM_1;0.9064011379800854
1482.797893025283;611.8218677789789;3;4;3_4;0.5805029305265378;6;3_4;SR_1_SM_1;0.9064011379800854
1489.4470204396443;618.471643737199;3;4;3_4;0.5831959308260211;6;3_4;SR_1_SM_1;0.9064011379800854
1489.446696167715;625.1210954234894;3;4;3_4;0.5851001695995228;6;3_4;SR_1_SM_1;0.9064011379800854
1489.4463718957854;631.77054710978;3;4;3_4;0.5870044083730248;6;3_4;SR_1_SM_1;0.9064011379800854
1489.446047623856;638.4199987960706;3;4;3_4;0.5889086471465267;6;3_4;SR_1_SM_1;0.9064011379800854
1496.095175038217;645.0697747542902;3;4;3_4;0.5916016474460097;6;3_4;SR_1_SM_1;0.9064011379800854
1496.094850766288;651.7192264405808;3;4;3_4;0.5935058862195117;6;3_4;SR_1_SM_1;0.9064011379800854
1496.0945264943584;658.3686781268714;3;4;3_4;0.5954101249930136;6;3_4;SR_1_SM_1;0.9064011379800854
1502.7436539087198;665.0184540850912;3;4;3_4;0.5981031252924969;6;3_4;SR_1_SM_1;0.9064011379800854
1502.7433296367903;671.6679057713818;3;4;3_4;0.6000073640659987;7;3_4;SR_0_SM_0;0.6512013256006628
1502.743005364861;678.3173574576722;3;4;3_4;0.6019116028395006;7;3_4;SR_0_SM_0;0.6512013256006628
1509.3921327792225;684.9671334158922;3;4;3_4;0.6046046031389839;7;3_4;SR_0_SM_0;0.6512013256006628
1509.3918085072928;691.6165851021829;3;4;3_4;0.6065088419124859;7;3_4;SR_0_SM_0;0.6512013256006628
1509.3914842353634;698.2660367884732;3;4;3_4;0.6084130806859875;7;3_4;SR_0_SM_0;0.6512013256006628
1509.391159963434;704.9154884747638;3;4;3_4;0.6103173194594895;7;3_4;SR_0_SM_0;0.6512013256006628
1509.3908356915044;711.5649401610544;3;4;3_4;0.6122215582329915;7;3_4;SR_0_SM_0;0.6512013256006628
1516.0399631058654;718.214716119274;3;4;3_4;0.6149145585324746;7;3_4;SR_0_SM_0;0.6512013256006628
1516.0396388339364;724.8641678055646;3;4;3_4;0.6168187973059766;7;3_4;SR_0_SM_0;0.6512013256006628
1516.039314562007;731.513619491855;3;4;3_4;0.6187230360794783;7;3_4;SR_0_SM_0;0.6512013256006628
1522.6884419763678;738.1633954500751;3;4;3_4;0.6214160363789615;7;3_4;SR_0_SM_0;0.6512013256006628
1522.6881177044388;744.8128471363657;3;4;3_4;0.6233202751524635;7;3_4;SR_0_SM_0;0.6512013256006628
1522.6877934325094;751.4622988226561;3;4;3_4;0.6252245139259653;7;3_4;SR_0_SM_0;0.6512013256006628
1529.3369208468705;758.1120747808761;3;4;3_4;0.6279175142254485;7;3_4;SR_0_SM_0;0.6512013256006628
1529.3365965749413;764.7615264671667;3;4;3_4;0.6298217529989505;7;3_4;SR_0_SM_0;0.6512013256006628
1529.3362723030118;771.4109781534571;3;4;3_4;0.6317259917724524;7;3_4;SR_0_SM_0;0.6512013256006628
1529.3359480310824;778.0604298397477;3;4;3_4;0.6336302305459542;7;3_4;SR_0_SM_0;0.6512013256006628
1529.335623759153;784.7098815260381;3;4;3_4;0.6355344693194561;7;3_4;SR_0_SM_0;0.6512013256006628
1535.9847511735138;791.3596574842579;3;4;3_4;0.6382274696189392;7;3_4;SR_0_SM_0;0.6512013256006628
1535.9844269015848;798.0091091705485;3;4;3_4;0.6401317083924412;7;3_4;SR_0_SM_0;0.6512013256006628
1535.9841026296554;804.6585608568389;3;4;3_4;0.642035947165943;7;3_4;SR_0_SM_0;0.6512013256006628
1535.983778357726;811.3080125431295;3;4;3_4;0.643940185939445;7;3_4;SR_0_SM_0;0.6512013256006628
1542.6329057720873;817.9577885013496;3;4;3_4;0.6466331862389282;7;3_4;SR_0_SM_0;0.6512013256006628
1542.6325815001578;824.60724018764;3;4;3_4;0.6485374250124301;7;3_4;SR_0_SM_0;0.6512013256006628
1549.2817089145187;831.25701614586;3;4;3_4;0.6512304253119131;7;3_4;SR_0_SM_0;0.6512013256006628
1549.2813846425893;837.9064678321504;3;4;3_4;0.6531346640854151;7;3_4;SR_0_SM_0;0.6512013256006628
1549.2810603706598;844.555919518441;3;4;3_4;0.655038902858917;7;3_4;SR_0_SM_0;0.6512013256006628
1549.2807360987304;851.2053712047316;3;4;3_4;0.6569431416324191;7;3_4;SR_0_SM_0;0.6512013256006628
1549.2804118268014;857.854822891022;3;4;3_4;0.6588473804059207;7;3_4;SR_0_SM_0;0.6512013256006628
1555.9295392411625;864.5045988492418;3;4;3_4;0.661540380705404;7;3_4;SR_0_SM_0;0.6512013256006628
1555.9292149692328;871.1540505355324;3;4;3_4;0.6634446194789058;7;3_4;SR_0_SM_0;0.6512013256006628
1555.9288906973038;877.8035022218228;3;4;3_4;0.6653488582524077;7;3_4;SR_0_SM_0;0.6512013256006628
1555.9285664253744;884.4529539081134;3;4;3_4;0.6672530970259097;7;3_4;SR_0_SM_0;0.6512013256006628
1555.928242153445;891.102405594404;3;4;3_4;0.6691573357994117;7;3_4;SR_0_SM_0;0.6512013256006628
1562.5773695678065;897.7521815526238;3;4;3_4;0.6718503360988948;7;3_4;SR_0_SM_0;0.6512013256006628
1562.5770452958768;904.4016332389144;3;4;3_4;0.6737545748723968;7;3_4;SR_0_SM_0;0.6512013256006628
1562.5767210239474;911.0510849252048;3;4;3_4;0.6756588136458987;7;3_4;SR_0_SM_0;0.6512013256006628
1562.576396752018;917.7005366114954;3;4;3_4;0.6775630524194006;7;3_4;SR_0_SM_0;0.6512013256006628
1562.5760724800884;924.349988297786;3;4;3_4;0.6794672911929026;7;3_4;SR_0_SM_0;0.6512013256006628
1569.2251998944498;930.9997642560058;3;4;3_4;0.6821602914923858;7;3_4;SR_0_SM_0;0.6512013256006628
1569.2248756225204;937.6492159422965;3;4;3_4;0.6840645302658876;7;3_4;SR_0_SM_0;0.6512013256006628
1575.8740030368813;944.2989919005162;3;4;3_4;0.6867575305653707;7;3_4;SR_0_SM_0;0.6512013256006628
1575.8736787649525;950.9484435868068;3;4;3_4;0.6886617693388725;7;3_4;SR_0_SM_0;0.6512013256006628
1575.8733544930228;957.5978952730972;3;4;3_4;0.6905660081123745;7;3_4;SR_0_SM_0;0.6512013256006628
1575.8730302210934;964.2473469593878;3;4;3_4;0.6924702468858764;7;3_4;SR_0_SM_0;0.6512013256006628
1582.5221576354547;970.8971229176076;3;4;3_4;0.6951632471853595;7;3_4;SR_0_SM_0;0.6512013256006628
1582.5218333635253;977.5465746038982;3;4;3_4;0.6970674859588615;7;3_4;SR_0_SM_0;0.6512013256006628
1582.5215090915958;984.1960262901888;3;4;3_4;0.6989717247323635;7;3_4;SR_0_SM_0;0.6512013256006628
1589.1706365059567;990.8458022484086;3;4;3_4;0.7016647250318465;8;3_4;SR_1_SM_1;0.7096219931271478
1589.1703122340273;997.4952539346992;3;4;3_4;0.7035689638053485;8;3_4;SR_1_SM_1;0.7096219931271478
1589.1699879620978;1004.1447056209896;3;4;3_4;0.7054732025788502;8;3_4;SR_1_SM_1;0.7096219931271478
1589.1696636901688;1010.7941573072802;3;4;3_4;0.7073774413523523;8;3_4;SR_1_SM_1;0.7096219931271478
1589.1693394182394;1017.4436089935708;3;4;3_4;0.7092816801258541;8;3_4;SR_1_SM_1;0.7096219931271478
1589.16901514631;1024.093060679861;3;4;3_4;0.7111859188993561;8;3_4;SR_1_SM_1;0.7096219931271478
1589.1686908743804;1030.7425123661517;3;4;3_4;0.7130901576728581;8;3_4;SR_1_SM_1;0.7096219931271478
1595.8178182887418;1037.3922883243715;3;4;3_4;0.7157831579723412;8;3_4;SR_1_SM_1;0.7096219931271478
1595.8174940168124;1044.041740010662;3;4;3_4;0.7176873967458431;8;3_4;SR_1_SM_1;0.7096219931271478
1602.4666214311733;1050.691515968882;3;4;3_4;0.7203803970453262;8;3_4;SR_1_SM_1;0.7096219931271478
1602.4662971592438;1057.3409676551726;3;4;3_4;0.7222846358188282;8;3_4;SR_1_SM_1;0.7096219931271478
1602.4659728873148;1063.9904193414632;3;4;3_4;0.7241888745923302;8;3_4;SR_1_SM_1;0.7096219931271478
1602.4656486153854;1070.6398710277535;3;4;3_4;0.7260931133658318;8;3_4;SR_1_SM_1;0.7096219931271478
1602.465324343456;1077.289322714044;3;4;3_4;0.7279973521393338;8;3_4;SR_1_SM_1;0.7096219931271478
1602.4650000715264;1083.9387744003348;3;4;3_4;0.7299015909128358;8;3_4;SR_1_SM_1;0.7096219931271478
1609.1141274858878;1090.5885503585546;3;4;3_4;0.7325945912123188;8;3_4;SR_1_SM_1;0.7096219931271478
1609.1138032139584;1097.238002044845;3;4;3_4;0.7344988299858208;8;3_4;SR_1_SM_1;0.7096219931271478
1609.113478942029;1103.8874537311356;3;4;3_4;0.7364030687593228;8;3_4;SR_1_SM_1;0.7096219931271478
1609.1131546700994;1110.5369054174262;3;4;3_4;0.7383073075328248;8;3_4;SR_1_SM_1;0.7096219931271478
1609.11283039817;1117.1863571037163;3;4;3_4;0.7402115463063266;8;3_4;SR_1_SM_1;0.7096219931271478
1609.112506126241;1123.8358087900071;3;4;3_4;0.7421157850798287;8;3_4;SR_1_SM_1;0.7096219931271478
1609.1121818543115;1130.4852604762978;3;4;3_4;0.7440200238533305;8;3_4;SR_1_SM_1;0.7096219931271478
1609.111857582382;1137.134712162588;3;4;3_4;0.7459242626268323;8;3_4;SR_1_SM_1;0.7096219931271478
1609.1115333104526;1143.7841638488787;3;4;3_4;0.7478285014003343;8;3_4;SR_1_SM_1;0.7096219931271478
1615.760660724814;1150.4339398070986;3;4;3_4;0.7505215016998175;8;3_4;SR_1_SM_1;0.7096219931271478
1615.7603364528843;1157.0833914933892;3;4;3_4;0.7524257404733193;8;3_4;SR_1_SM_1;0.7096219931271478
1615.760012180955;1163.7328431796795;3;4;3_4;0.7543299792468213;8;3_4;SR_1_SM_1;0.7096219931271478
1615.7596879090256;1170.3822948659702;3;4;3_4;0.7562342180203232;8;3_4;SR_1_SM_1;0.7096219931271478
1615.7593636370966;1177.0317465522608;3;4;3_4;0.7581384567938252;8;3_4;SR_1_SM_1;0.7096219931271478
1615.7590393651672;1183.6811982385511;3;4;3_4;0.760042695567327;8;3_4;SR_1_SM_1;0.7096219931271478
1615.7587150932377;1190.3306499248415;3;4;3_4;0.7619469343408289;8;3_4;SR_1_SM_1;0.7096219931271478
1615.7583908213082;1196.9801016111323;3;4;3_4;0.7638511731143309;8;3_4;SR_1_SM_1;0.7096219931271478
1615.7580665493788;1203.6295532974227;3;4;3_4;0.7657554118878327;8;3_4;SR_1_SM_1;0.7096219931271478
1615.757742277449;1210.279004983713;3;4;3_4;0.7676596506613346;8;3_4;SR_1_SM_1;0.7096219931271478
1609.1079663192295;1216.9281323980745;3;4;3_4;0.7703526509608176;8;3_4;SR_1_SM_1;0.7096219931271478
1609.1076420473;1223.5775840843648;3;4;3_4;0.7722568897343196;8;3_4;SR_1_SM_1;0.7096219931271478
1609.1073177753706;1230.2270357706554;3;4;3_4;0.7741611285078216;8;3_4;SR_1_SM_1;0.7096219931271478
1609.1069935034416;1236.876487456946;3;4;3_4;0.7760653672813236;8;3_4;SR_1_SM_1;0.7096219931271478
1609.106669231512;1243.5259391432364;3;4;3_4;0.7779696060548253;8;3_4;SR_1_SM_1;0.7096219931271478
1609.1063449595829;1250.175390829527;3;4;3_4;0.7798738448283273;8;3_4;SR_1_SM_1;0.7096219931271478
1609.1060206876532;1256.8248425158176;3;4;3_4;0.7817780836018292;8;3_4;SR_1_SM_1;0.7096219931271478
1609.1056964157235;1263.474294202108;3;4;3_4;0.7836823223753312;8;3_4;SR_1_SM_1;0.7096219931271478
1609.1053721437947;1270.1237458883986;3;4;3_4;0.7855865611488331;8;3_4;SR_1_SM_1;0.7096219931271478
1609.1050478718653;1276.7731975746892;3;4;3_4;0.7874907999223351;8;3_4;SR_1_SM_1;0.7096219931271478
1609.1047235999358;1283.4226492609796;3;4;3_4;0.789395038695837;8;3_4;SR_1_SM_1;0.7096219931271478
1602.454947641716;1290.071776675341;3;4;3_4;0.7920880389953201;8;3_4;SR_1_SM_1;0.7096219931271478
1602.4546233697863;1296.7212283616311;3;4;3_4;0.793992277768822;8;3_4;SR_1_SM_1;0.7096219931271478
1602.454299097857;1303.3706800479215;3;4;3_4;0.7958965165423239;8;3_4;SR_1_SM_1;0.7096219931271478
1602.4539748259276;1310.0201317342123;3;4;3_4;0.7978007553158257;8;3_4;SR_1_SM_1;0.7096219931271478
1602.4536505539982;1316.669583420503;3;4;3_4;0.7997049940893277;8;3_4;SR_1_SM_1;0.7096219931271478
1602.4533262820687;1323.3190351067933;3;4;3_4;0.8016092328628296;9;3_4;SR_1_SM_1;0.924812030075188
1602.4530020101397;1329.968486793084;3;4;3_4;0.8035134716363316;9;3_4;SR_1_SM_1;0.924812030075188
1595.80322605192;1336.617614207445;3;4;3_4;0.8062064719358146;9;3_4;SR_1_SM_1;0.924812030075188
1595.8029017799904;1343.2670658937354;3;4;3_4;0.8081107107093165;9;3_4;SR_1_SM_1;0.924812030075188
1589.1531258217706;1349.9161933080968;3;4;3_4;0.8108037110087997;9;3_4;SR_1_SM_1;0.924812030075188
1589.1528015498411;1356.5656449943872;3;4;3_4;0.8127079497823015;9;3_4;SR_1_SM_1;0.924812030075188
1589.1524772779117;1363.2150966806776;3;4;3_4;0.8146121885558034;9;3_4;SR_1_SM_1;0.924812030075188
1589.1521530059822;1369.8645483669684;3;4;3_4;0.8165164273293054;9;3_4;SR_1_SM_1;0.924812030075188
1589.1518287340527;1376.5140000532588;3;4;3_4;0.8184206661028073;9;3_4;SR_1_SM_1;0.924812030075188
1589.1515044621235;1383.1634517395491;3;4;3_4;0.8203249048763092;9;3_4;SR_1_SM_1;0.924812030075188
1589.1511801901945;1389.8129034258395;3;4;3_4;0.8222291436498109;9;3_4;SR_1_SM_1;0.924812030075188
1589.1508559182648;1396.4623551121304;3;4;3_4;0.824133382423313;9;3_4;SR_1_SM_1;0.924812030075188
1582.501079960045;1403.1114825264915;3;4;3_4;0.8268263827227962;9;3_4;SR_1_SM_1;0.924812030075188
1575.8513040018252;1409.7606099408526;3;4;3_4;0.8295193830222792;9;3_4;SR_1_SM_1;0.924812030075188
1575.8509797298957;1416.410061627143;3;4;3_4;0.8314236217957811;9;3_4;SR_1_SM_1;0.924812030075188
1575.8506554579662;1423.0595133134336;3;4;3_4;0.833327860569283;9;3_4;SR_1_SM_1;0.924812030075188
1575.8503311860368;1429.7089649997242;3;4;3_4;0.835232099342785;9;3_4;SR_1_SM_1;0.924812030075188
1575.850006914107;1436.3584166860146;3;4;3_4;0.8371363381162868;9;3_4;SR_1_SM_1;0.924812030075188
1569.2002309558875;1443.0075441003758;3;4;3_4;0.8398293384157699;9;3_4;SR_1_SM_1;0.924812030075188
1569.199906683958;1449.6569957866664;3;4;3_4;0.8417335771892719;9;3_4;SR_1_SM_1;0.924812030075188
1569.1995824120286;1456.3064474729567;3;4;3_4;0.8436378159627738;9;3_4;SR_1_SM_1;0.924812030075188
1569.1992581400996;1462.955899159247;3;4;3_4;0.8455420547362755;9;3_4;SR_1_SM_1;0.924812030075188
1569.19893386817;1469.605350845538;3;4;3_4;0.8474462935097775;9;3_4;SR_1_SM_1;0.924812030075188
1562.5491579099505;1476.254478259899;3;4;3_4;0.8501392938092607;9;3_4;SR_1_SM_1;0.924812030075188
1562.5488336380208;1482.9039299461897;3;4;3_4;0.8520435325827626;9;3_4;SR_1_SM_1;0.924812030075188
1562.5485093660914;1489.55338163248;3;4;3_4;0.8539477713562645;9;3_4;SR_1_SM_1;0.924812030075188
1555.8987334078715;1496.2025090468412;3;4;3_4;0.8566407716557476;9;3_4;SR_1_SM_1;0.924812030075188
1555.898409135942;1502.8519607331318;3;4;3_4;0.8585450104292496;9;3_4;SR_1_SM_1;0.924812030075188
1555.8980848640126;1509.5014124194222;3;4;3_4;0.8604492492027513;9;3_4;SR_1_SM_1;0.924812030075188
1555.8977605920836;1516.1508641057128;3;4;3_4;0.8623534879762533;9;3_4;SR_1_SM_1;0.924812030075188
1555.8974363201542;1522.8003157920034;3;4;3_4;0.8642577267497552;9;3_4;SR_1_SM_1;0.924812030075188
1555.8971120482247;1529.4497674782938;3;4;3_4;0.8661619655232572;9;3_4;SR_1_SM_1;0.924812030075188
1555.8967877762952;1536.0992191645844;3;4;3_4;0.8680662042967592;9;3_4;SR_1_SM_1;0.924812030075188
1549.2470118180754;1542.7483465789455;3;4;3_4;0.8707592045962422;9;3_4;SR_1_SM_1;0.924812030075188
1549.246687546146;1549.397798265236;3;4;3_4;0.8726634433697441;9;3_4;SR_1_SM_1;0.924812030075188
1549.2463632742165;1556.0472499515265;3;4;3_4;0.874567682143246;9;3_4;SR_1_SM_1;0.924812030075188
1549.246039002287;1562.6967016378171;3;4;3_4;0.8764719209167479;9;3_4;SR_1_SM_1;0.924812030075188
1549.2457147303576;1569.3461533241075;3;4;3_4;0.8783761596902498;9;3_4;SR_1_SM_1;0.924812030075188
1549.2453904584286;1575.995605010398;3;4;3_4;0.8802803984637518;9;3_4;SR_1_SM_1;0.924812030075188
1549.2450661864991;1582.6450566966887;3;4;3_4;0.8821846372372538;9;3_4;SR_1_SM_1;0.924812030075188
1549.2447419145697;1589.294508382979;3;4;3_4;0.8840888760107555;9;3_4;SR_1_SM_1;0.924812030075188
1549.2444176426402;1595.9439600692697;3;4;3_4;0.8859931147842575;9;3_4;SR_1_SM_1;0.924812030075188
1549.2440933707107;1602.5934117555605;3;4;3_4;0.8878973535577595;9;3_4;SR_1_SM_1;0.924812030075188
1542.594317412491;1609.2425391699212;3;4;3_4;0.8905903538572425;9;3_4;SR_1_SM_1;0.924812030075188
1542.593993140562;1615.8919908562118;3;4;3_4;0.8924945926307445;9;3_4;SR_1_SM_1;0.924812030075188
1542.5936688686324;1622.5414425425024;3;4;3_4;0.8943988314042465;9;3_4;SR_1_SM_1;0.924812030075188
1542.593344596703;1629.1908942287928;3;4;3_4;0.8963030701777482;9;3_4;SR_1_SM_1;0.924812030075188
1542.5930203247735;1635.8403459150834;3;4;3_4;0.8982073089512501;9;3_4;SR_1_SM_1;0.924812030075188
1542.592696052844;1642.489797601374;3;4;3_4;0.9001115477247521;10;3_4;SR_1_SM_1;1.0
1542.592371780915;1649.1392492876644;3;4;3_4;0.9020157864982541;10;3_4;SR_1_SM_1;1.0
1542.5920475089856;1655.788700973955;3;4;3_4;0.903920025271756;10;3_4;SR_1_SM_1;1.0
1542.5917232370562;1662.4381526602456;3;4;3_4;0.905824264045258;10;3_4;SR_1_SM_1;1.0
1542.5913989651267;1669.087604346536;3;4;3_4;0.9077285028187597;10;3_4;SR_1_SM_1;1.0
1542.5910746931972;1675.7370560328266;3;4;3_4;0.9096327415922616;10;3_4;SR_1_SM_1;1.0
1542.5907504212678;1682.386507719117;3;4;3_4;0.9115369803657636;10;3_4;SR_1_SM_1;1.0
1549.2398778356292;1689.036283677337;3;4;3_4;0.9142299806652467;10;3_4;SR_1_SM_1;1.0
1555.88900524999;1695.6860596355568;3;4;3_4;0.9169229809647298;10;3_4;SR_1_SM_1;1.0
1562.5381326643517;1702.335835593777;3;4;3_4;0.9196159812642132;10;3_4;SR_1_SM_1;1.0
1569.1872600787124;1708.9856115519965;3;4;3_4;0.9223089815636961;10;3_4;SR_1_SM_1;1.0
1575.8363874930735;1715.6353875102166;3;4;3_4;0.9250019818631792;10;3_4;SR_1_SM_1;1.0
1582.485514907435;1722.2851634684364;3;4;3_4;0.9276949821626624;10;3_4;SR_1_SM_1;1.0
1589.134966593725;1722.285487740366;3;4;3_4;0.9295992209361641;10;3_4;SR_1_SM_1;1.0
1595.7840940080864;1728.9352636985857;3;4;3_4;0.9322922212356474;10;3_4;SR_1_SM_1;1.0
1602.4335456943768;1728.9355879705151;3;4;3_4;0.9341964600091491;10;3_4;SR_1_SM_1;1.0
1609.0826731087382;1735.585363928735;3;4;3_4;0.9368894603086323;10;3_4;SR_1_SM_1;1.0
1615.7321247950283;1735.5856882006642;3;4;3_4;0.9387936990821341;10;3_4;SR_1_SM_1;1.0
1622.38125220939;1742.2354641588845;3;4;3_4;0.9414866993816174;10;3_4;SR_1_SM_1;1.0
1629.0307038956803;1742.2357884308135;3;4;3_4;0.9433909381551193;10;3_4;SR_1_SM_1;1.0
1635.6801555819711;1742.236112702743;3;4;3_4;0.9452951769286213;10;3_4;SR_1_SM_1;1.0
1642.329282996332;1748.8858886609628;3;4;3_4;0.9479881772281044;10;3_4;SR_1_SM_1;1.0
1648.9787346826224;1748.8862129328922;3;4;3_4;0.9498924160016062;10;3_4;SR_1_SM_1;1.0
1655.627862096983;1755.535988891112;3;4;3_4;0.9525854163010893;10;3_4;SR_1_SM_1;1.0
1662.2773137832742;1755.5363131630415;3;4;3_4;0.9544896550745914;10;3_4;SR_1_SM_1;1.0
1668.9267654695643;1755.536637434971;3;4;3_4;0.956393893848093;10;3_4;SR_1_SM_1;1.0
1675.575892883926;1762.1864133931908;3;4;3_4;0.9590868941475764;10;3_4;SR_1_SM_1;1.0
1682.2253445702163;1762.1867376651203;3;4;3_4;0.9609911329210782;10;3_4;SR_1_SM_1;1.0
1688.8744719845777;1768.83651362334;3;4;3_4;0.9636841332205613;10;3_4;SR_1_SM_1;1.0
1695.523923670868;1768.8368378952694;3;4;3_4;0.9655883719940632;10;3_4;SR_1_SM_1;1.0
1702.173051085229;1775.4866138534894;3;4;3_4;0.9682813722935463;10;3_4;SR_1_SM_1;1.0
1708.8225027715198;1775.4869381254186;3;4;3_4;0.9701856110670483;10;3_4;SR_1_SM_1;1.0
1715.4719544578102;1775.487262397348;3;4;3_4;0.9720898498405502;10;3_4;SR_1_SM_1;1.0
1722.1210818721715;1782.137038355568;3;4;3_4;0.9747828501400333;10;3_4;SR_1_SM_1;1.0
1728.770533558462;1782.1373626274974;3;4;3_4;0.9766870889135353;10;3_4;SR_1_SM_1;1.0
1735.4199852447523;1782.1376868994266;3;4;3_4;0.978591327687037;10;3_4;SR_1_SM_1;1.0
1742.0694369310431;1782.138011171356;3;4;3_4;0.9804955664605391;10;3_4;SR_1_SM_1;1.0
1748.7188886173335;1782.1383354432855;3;4;3_4;0.9823998052340409;10;3_4;SR_1_SM_1;1.0
1755.3680160316944;1788.7881114015054;3;4;3_4;0.985092805533524;10;3_4;SR_1_SM_1;1.0
1762.0174677179853;1788.7884356734348;3;4;3_4;0.986997044307026;10;3_4;SR_1_SM_1;1.0
1768.6665951323462;1795.438211631655;3;4;3_4;0.989690044606509;10;3_4;SR_1_SM_1;1.0
1775.3160468186366;1795.438535903584;3;4;3_4;0.9915942833800111;10;3_4;SR_1_SM_1;1.0
1781.965498504927;1795.4388601755134;3;4;3_4;0.993498522153513;10;3_4;SR_1_SM_1;1.0
1788.6149501912178;1795.4391844474428;3;4;3_4;0.995402760927015;10;3_4;SR_1_SM_1;1.0
1795.2644018775086;1795.4395087193725;3;4;3_4;0.997306999700517;10;3_4;SR_1_SM_1;1.0
1801.9135292918693;1802.089284677592;3;4;3_4;1.0;10;3_4;SR_1_SM_1;1.0
0.0;0.0;4;1;4_1;0.0;1;;brak;
6.63632728977467;0.006412377291781;4;1;4_1;0.001968838095780671;1;;brak;
13.266242202257558;6.6491520443582885;4;1;4_1;0.004753195632950525;1;;brak;
19.896157114740504;13.291891711424569;4;1;4_1;0.0075375531701203455;1;;brak;
26.53248440451512;13.29830408871635;4;1;4_1;0.009506391265901;1;;brak;
33.16239931699806;19.94104375578263;4;1;4_1;0.01229074880307082;1;;brak;
39.79231422948095;26.583783422849137;4;1;4_1;0.015075106340240675;1;;brak;
46.42864151925562;26.59019580014069;4;1;4_1;0.017043944436021346;1;;brak;
53.05855643173851;33.23293546720697;4;1;4_1;0.019828301973191152;1;;brak;
59.69488372151318;33.23934784449875;4;1;4_1;0.021797140068971824;1;;brak;
66.32479863399607;39.88208751156526;4;1;4_1;0.02458149760614168;1;;brak;
72.96112592377074;39.88849988885681;4;1;4_1;0.026550335701922348;1;;brak;
79.59745321354535;39.894912266148594;4;1;4_1;0.028519173797703;1;;brak;
86.2273681260283;46.5376519332151;4;1;4_1;0.03130353133487287;1;;brak;
92.86369541580292;46.54406431050688;4;1;4_1;0.03327236943065352;1;;brak;
99.49361032828584;53.186803977572936;4;1;4_1;0.03605672696782329;1;;brak;
106.12993761806048;53.19321635486472;4;1;4_1;0.03802556506360395;1;;brak;
112.7598525305434;59.83595602193122;4;1;4_1;0.04080992260077381;1;;brak;
119.39617982031804;59.842368399223005;4;1;4_1;0.04277876069655448;1;;brak;
126.02609473280096;66.48510806628929;4;1;4_1;0.0455631182337243;1;;brak;
132.66242202257558;66.49152044358107;4;1;4_1;0.04753195632950495;1;;brak;
139.29233693505853;73.13426011064735;4;1;4_1;0.05031631386667477;1;;brak;
145.92866422483314;73.14067248793913;4;1;4_1;0.05228515196245542;1;;brak;
152.5585791373161;79.78341215500541;4;1;4_1;0.05506950949962524;1;;brak;
159.1949064270907;79.78982453229719;4;1;4_1;0.0570383475954059;1;;brak;
165.8248213395737;86.43256419936347;4;1;4_1;0.05982270513257573;1;;brak;
172.46114862934837;86.43897657665502;4;1;4_1;0.06179154322835641;1;;brak;
179.09106354183126;93.08171624372152;4;1;4_1;0.06457590076552626;1;;brak;
185.72739083160596;93.08812862101333;4;1;4_1;0.06654473886130693;1;;brak;
192.3573057440888;99.73086828807982;4;1;4_1;0.06932909639847679;1;;brak;
198.9936330338635;99.73728066537136;4;1;4_1;0.07129793449425746;1;;brak;
205.6235479463464;106.38002033243764;4;1;4_1;0.07408229203142727;1;;brak;
212.25987523612105;106.38643270972943;4;1;4_1;0.07605113012720792;1;;brak;
218.88979014860396;113.02917237679594;4;1;4_1;0.07883548766437778;1;;brak;
225.5261174383786;113.0355847540875;4;1;4_1;0.08080432576015846;1;;brak;
232.1560323508615;119.678324421154;4;1;4_1;0.08358868329732831;1;;brak;
238.78594726334444;126.32106408822028;4;1;4_1;0.08637304083449812;1;;brak;
245.42227455311908;126.32747646551206;4;1;4_1;0.08834187893027878;1;;brak;
252.0521894656019;132.97021613257834;4;1;4_1;0.0911262364674486;1;;brak;
258.6885167553765;132.97662850987012;4;1;4_1;0.09309507456322923;1;;brak;
265.3184316678595;139.6193681769364;4;1;4_1;0.09587943210039905;1;;brak;
271.9547589576342;139.6257805542282;4;1;4_1;0.09784827019617974;1;;brak;
278.58467387011706;146.26852022129447;4;1;4_1;0.10063262773334954;2;;brak;
285.22100115989167;146.27493259858625;4;1;4_1;0.10260146582913018;2;;brak;
291.8509160723746;152.91767226565275;4;1;4_1;0.10538582336630005;2;;brak;
298.48724336214934;152.92408464294454;4;1;4_1;0.10735466146208074;2;;brak;
305.1171582746322;159.5668243100106;4;1;4_1;0.11013901899925048;2;;brak;
311.7534855644068;159.57323668730237;4;1;4_1;0.11210785709503115;2;;brak;
318.3898128541814;159.57964906459415;4;1;4_1;0.1140766951908118;2;;brak;
325.01972776666446;166.22238873166066;4;1;4_1;0.11686105272798168;2;;brak;
331.6560550564391;166.2288011089522;4;1;4_1;0.11882989082376233;2;;brak;
338.2923823462137;166.235213486244;4;1;4_1;0.12079872891954298;2;;brak;
344.9222972586965;172.8779531533105;4;1;4_1;0.12358308645671283;2;;brak;
351.55862454847124;172.88436553060228;4;1;4_1;0.1255519245524935;2;;brak;
358.1885394609542;179.52710519766833;4;1;4_1;0.12833628208966327;2;;brak;
364.818454373437;186.16984486473484;4;1;4_1;0.13112063962683312;2;;brak;
371.4547816632116;186.17625724202665;4;1;4_1;0.13308947772261376;2;;brak;
378.0846965756947;192.8189969090929;4;1;4_1;0.1358738352597836;2;;brak;
384.7210238654693;192.82540928638448;4;1;4_1;0.13784267335556427;2;;brak;
391.35093877795214;199.46814895345096;4;1;4_1;0.1406270308927341;2;;brak;
397.98726606772686;199.47456133074277;4;1;4_1;0.14259586898851478;2;;brak;
404.6171809802098;206.11730099780925;4;1;4_1;0.14538022652568464;2;;brak;
411.24709589269264;212.7600406648753;4;1;4_1;0.1481645840628544;2;;brak;
417.8770108051756;219.4027803319418;4;1;4_1;0.15094894160002428;2;;brak;
417.8705984278838;226.0391076217165;4;1;4_1;0.15291777969580497;2;;brak;
424.50051334036687;232.6818472887828;4;1;4_1;0.15570213723297482;2;;brak;
424.4941009630751;239.31817457855755;4;1;4_1;0.1576709753287555;2;;brak;
424.4876885857834;245.95450186833227;4;1;4_1;0.1596398134245362;2;;brak;
424.4812762084917;252.5908291581068;4;1;4_1;0.16160865152031684;2;;brak;
424.4748638312;259.2271564478815;4;1;4_1;0.1635774896160975;2;;brak;
417.8321241641335;265.8570713603642;4;1;4_1;0.16636184715326732;2;;brak;
417.8257117868418;272.49339865013894;4;1;4_1;0.16833068524904798;2;;brak;
417.81929940955;279.12972593991367;4;1;4_1;0.1702995233448287;2;;brak;
417.8128870322584;285.76605322968817;4;1;4_1;0.17226836144060934;2;;brak;
417.8064746549667;292.4023805194629;4;1;4_1;0.17423719953639003;2;;brak;
411.1637349879003;299.03229543194584;4;1;4_1;0.17702155707355988;2;;brak;
411.1573226106086;305.66862272172034;4;1;4_1;0.1789903951693405;2;;brak;
411.1509102333168;312.30495001149507;4;1;4_1;0.1809592332651212;2;;brak;
411.1444978560252;318.9412773012696;4;1;4_1;0.18292807136090183;2;;brak;
411.1380854787334;325.5776045910443;4;1;4_1;0.18489690945668247;2;;brak;
411.1316731014417;332.213931880819;4;1;4_1;0.18686574755246316;2;;brak;
404.4889334343753;338.843846793302;4;1;4_1;0.189650105089633;2;;brak;
404.48252105708366;345.4801740830767;4;1;4_1;0.1916189431854137;2;;brak;
404.4761086797919;352.1165013728514;4;1;4_1;0.1935877812811944;2;;brak;
397.8333690127256;358.74641628533413;4;1;4_1;0.19637213881836416;2;;brak;
391.1906293456591;365.3763311978171;4;1;4_1;0.199156496355534;2;;brak;
391.1842169683674;372.0126584875916;4;1;4_1;0.20112533445131464;3;;brak;
384.541477301301;378.6425734000745;4;1;4_1;0.20390969198848444;3;;brak;
377.8987376342348;385.2724883125577;4;1;4_1;0.2066940495256543;3;;brak;
377.89232525694297;391.9088156023322;4;1;4_1;0.20866288762143492;3;;brak;
377.8859128796513;398.5451428921069;4;1;4_1;0.2106317257172156;3;;brak;
377.8795005023595;405.1814701818817;4;1;4_1;0.2126005638129963;3;;brak;
377.8730881250679;411.81779747165615;4;1;4_1;0.2145694019087769;3;;brak;
371.2303484580013;418.4477123841391;4;1;4_1;0.2173537594459468;3;;brak;
364.5876087909351;425.0776272966218;4;1;4_1;0.22013811698311656;3;;brak;
364.5811964136433;431.7139545863965;4;1;4_1;0.22210695507889722;3;;brak;
364.5747840363516;438.35028187617127;4;1;4_1;0.2240757931746779;3;;brak;
357.9320443692852;444.980196788654;4;1;4_1;0.2268601507118477;3;;brak;
351.28930470221894;451.6101117011372;4;1;4_1;0.22964450824901758;3;;brak;
344.64656503515243;458.2400266136201;4;1;4_1;0.23242886578618743;3;;brak;
344.6401526578608;464.8763539033946;4;1;4_1;0.23439770388196807;3;;brak;
337.9974129907944;471.5062688158776;4;1;4_1;0.23718206141913792;3;;brak;
337.9910006135027;478.1425961056523;4;1;4_1;0.23915089951491858;3;;brak;
337.9845882362109;484.7789233954268;4;1;4_1;0.24111973761069924;3;;brak;
337.97817585891926;491.4152506852015;4;1;4_1;0.24308857570647993;3;;brak;
331.33543619185286;498.0451655976842;4;1;4_1;0.24587293324364973;3;;brak;
324.6926965247866;504.6750805101674;4;1;4_1;0.24865729078081958;3;;brak;
324.6862841474948;511.3114077999421;4;1;4_1;0.2506261288766003;3;;brak;
324.67987177020314;517.9477350897166;4;1;4_1;0.25259496697238093;3;;brak;
318.0371321031366;524.5776500021996;4;1;4_1;0.25537932450955075;3;;brak;
311.39439243607035;531.2075649146825;4;1;4_1;0.2581636820467206;3;;brak;
304.75165276900395;537.8374798271652;4;1;4_1;0.26094803958389035;3;;brak;
304.7452403917123;544.47380711694;4;1;4_1;0.26291687767967103;3;;brak;
298.1025007246459;551.1037220294229;4;1;4_1;0.2657012352168409;3;;brak;
298.0960883473542;557.7400493191976;4;1;4_1;0.2676700733126216;3;;brak;
291.4533486802877;564.3699642316806;4;1;4_1;0.2704544308497915;3;;brak;
291.44693630299605;571.0062915214551;4;1;4_1;0.2724232689455721;3;;brak;
284.80419663592966;577.636206433938;4;1;4_1;0.27520762648274194;3;;brak;
284.797784258638;584.2725337237127;4;1;4_1;0.27717646457852263;3;;brak;
284.7913718813462;590.9088610134872;4;1;4_1;0.2791453026743032;3;;brak;
284.78495950405454;597.545188303262;4;1;4_1;0.2811141407700839;3;;brak;
278.14221983698815;604.1751032157447;4;1;4_1;0.28389849830725367;3;;brak;
271.49948016992187;610.8050181282279;4;1;4_1;0.28668285584442355;3;;brak;
264.85674050285536;617.4349330407108;4;1;4_1;0.28946721338159337;3;;brak;
264.8503281255637;624.0712603304853;4;1;4_1;0.291436051477374;3;;brak;
258.2075884584973;630.7011752429682;4;1;4_1;0.2942204090145439;3;;brak;
258.20117608120563;637.337502532743;4;1;4_1;0.29618924711032457;3;;brak;
258.19476370391385;643.9738298225175;4;1;4_1;0.2981580852061052;3;;brak;
251.55202403684757;650.6037447350004;4;1;4_1;0.30094244274327503;4;;brak;
251.54561165955576;657.2400720247751;4;1;4_1;0.3029112808390558;4;;brak;
244.90287199248948;663.8699869372581;4;1;4_1;0.30569563837622554;4;;brak;
238.26013232542311;670.499901849741;4;1;4_1;0.30847999591339537;4;;brak;
231.61739265835672;677.1298167622238;4;1;4_1;0.3112643534505652;4;;brak;
231.610980281065;683.7661440519985;4;1;4_1;0.3132331915463459;4;;brak;
231.60456790377327;690.4024713417732;4;1;4_1;0.3152020296421266;4;;brak;
231.59815552648155;697.0387986315477;4;1;4_1;0.3171708677379072;4;;brak;
231.59174314918985;703.6751259213224;4;1;4_1;0.3191397058336879;4;;brak;
224.9490034821235;710.3050408338054;4;1;4_1;0.32192406337085777;4;;brak;
218.3062638150571;716.9349557462883;4;1;4_1;0.32470842090802754;4;;brak;
218.29985143776537;723.571283036063;4;1;4_1;0.3266772590038083;4;;brak;
211.65711177069903;730.2011979485458;4;1;4_1;0.32946161654097805;4;;brak;
205.01437210363264;736.8311128610287;4;1;4_1;0.33224597407814793;4;;brak;
205.0079597263409;743.4674401508034;4;1;4_1;0.3342148121739286;4;;brak;
205.0015473490492;750.1037674405779;4;1;4_1;0.33618365026970914;4;;brak;
198.35880768198285;756.7336823530609;4;1;4_1;0.33896800780687897;4;;brak;
191.7160680149165;763.3635972655441;4;1;4_1;0.3417523653440489;4;;brak;
191.70965563762476;769.9999245553186;4;1;4_1;0.3437212034398295;4;;brak;
185.0669159705584;776.6298394678015;4;1;4_1;0.3465055609769993;4;;brak;
178.424176303492;783.2597543802842;4;1;4_1;0.34928991851416913;4;;brak;
178.41776392620028;789.896081670059;4;1;4_1;0.3512587566099499;4;;brak;
178.41135154890856;796.5324089598337;4;1;4_1;0.3532275947057305;4;;brak;
178.40493917161683;803.1687362496082;4;1;4_1;0.3551964328015111;4;;brak;
178.3985267943251;809.8050635393829;4;1;4_1;0.3571652708972918;4;;brak;
171.75578712725877;816.4349784518658;4;1;4_1;0.3599496284344616;4;;brak;
165.11304746019238;823.0648933643488;4;1;4_1;0.3627339859716314;4;;brak;
158.47030779312598;829.6948082768317;4;1;4_1;0.3655183435088013;4;;brak;
151.82756812605965;836.3247231893145;4;1;4_1;0.36830270104597107;4;;brak;
151.82115574876792;842.9610504790892;4;1;4_1;0.3702715391417518;4;;brak;
151.8147433714762;849.5973777688639;4;1;4_1;0.3722403772375325;4;;brak;
151.80833099418447;856.2337050586384;4;1;4_1;0.37420921533331314;4;;brak;
151.80191861689275;862.8700323484131;4;1;4_1;0.3761780534290939;4;;brak;
151.79550623960102;869.5063596381879;4;1;4_1;0.3781468915248745;4;;brak;
145.15276657253463;876.1362745506708;4;1;4_1;0.3809312490620444;4;;brak;
145.1463541952429;882.7726018404455;4;1;4_1;0.3829000871578251;4;;brak;
138.50361452817657;889.4025167529285;4;1;4_1;0.3856844446949949;4;;brak;
138.49720215088485;896.038844042703;4;1;4_1;0.38765328279077554;4;;brak;
138.49078977359318;902.6751713324776;4;1;4_1;0.3896221208865562;4;;brak;
138.48437739630145;909.3114986222524;4;1;4_1;0.39159095898233687;4;;brak;
138.47796501900973;915.9478259120268;4;1;4_1;0.3935597970781175;4;;brak;
138.471552641718;922.5841532018017;4;1;4_1;0.39552863517389825;4;;brak;
138.46514026442628;929.2204804915764;4;1;4_1;0.3974974732696789;4;;brak;
131.8224005973599;935.8503954040592;4;1;4_1;0.4002818308068487;5;;brak;
131.81598822006816;942.4867226938336;4;1;4_1;0.4022506689026293;5;;brak;
131.80957584277644;949.1230499836084;4;1;4_1;0.40421950699841;5;;brak;
138.43949075525938;955.7657896506748;4;1;4_1;0.4070038645355799;5;;brak;
138.43307837796766;962.4021169404494;4;1;4_1;0.40897270263136043;5;;brak;
145.06299329045055;969.0448566075156;4;1;4_1;0.4117570601685302;5;;brak;
151.6929082029335;975.687596274582;4;1;4_1;0.4145414177057001;5;;brak;
158.32282311541638;982.3303359416484;4;1;4_1;0.4173257752428699;5;;brak;
164.95915040519105;982.3367483189402;4;1;4_1;0.4192946133386506;5;;brak;
171.589065317674;988.9794879860066;4;1;4_1;0.42207897087582036;5;;brak;
178.2189802301569;995.6222276530729;4;1;4_1;0.4248633284129902;5;;brak;
184.8553075199316;995.6286400303646;4;1;4_1;0.4268321665087709;5;;brak;
191.48522243241445;1002.2713796974308;4;1;4_1;0.4296165240459407;5;;brak;
198.12154972218912;1002.2777920747228;4;1;4_1;0.43158536214172133;5;;brak;
204.751464634672;1008.9205317417892;4;1;4_1;0.43436971967889115;5;;brak;
211.38779192444667;1008.9269441190808;4;1;4_1;0.43633855777467184;5;;brak;
218.0177068369296;1015.5696837861472;4;1;4_1;0.4391229153118417;5;;brak;
224.65403412670423;1015.5760961634388;4;1;4_1;0.4410917534076223;5;;brak;
231.29036141647885;1015.5825085407306;4;1;4_1;0.44306059150340305;5;;brak;
237.9202763289618;1022.225248207797;4;1;4_1;0.44584494904057287;5;;brak;
244.5566036187364;1022.2316605850884;4;1;4_1;0.44781378713635345;5;;brak;
251.1865185312193;1028.874400252155;4;1;4_1;0.45059814467352344;5;;brak;
257.822845820994;1028.8808126294468;4;1;4_1;0.45256698276930407;5;;brak;
264.4527607334768;1035.5235522965131;4;1;4_1;0.45535134030647384;5;;brak;
271.0890880232515;1035.529964673805;4;1;4_1;0.4573201784022546;5;;brak;
277.71900293573447;1042.1727043408712;4;1;4_1;0.46010453593942435;5;;brak;
284.3553302255091;1042.179116718163;4;1;4_1;0.46207337403520504;5;;brak;
290.9852451379919;1048.8218563852297;4;1;4_1;0.4648577315723749;5;;brak;
297.62157242776664;1048.828268762521;4;1;4_1;0.4668265696681556;5;;brak;
304.2514873402496;1055.4710084295873;4;1;4_1;0.46961092720532543;5;;brak;
310.8878146300242;1055.477420806879;4;1;4_1;0.47157976530110607;5;;brak;
317.517729542507;1062.1201604739456;4;1;4_1;0.4743641228382759;5;;brak;
324.1540568322817;1062.1265728512374;4;1;4_1;0.47633296093405664;5;;brak;
330.7839717447647;1068.7693125183036;4;1;4_1;0.47911731847122646;5;;brak;
337.4202990345393;1068.7757248955952;4;1;4_1;0.48108615656700704;5;;brak;
344.05021394702214;1075.4184645626617;4;1;4_1;0.4838705141041769;5;;brak;
350.68654123679687;1075.4248769399535;4;1;4_1;0.4858393521999576;5;;brak;
357.3164561492798;1082.06761660702;4;1;4_1;0.48862370973712743;5;;brak;
363.9527834390544;1082.0740289843116;4;1;4_1;0.49059254783290807;5;;brak;
370.58269835153726;1088.7167686513778;4;1;4_1;0.4933769053700779;5;;brak;
377.219025641312;1088.7231810286696;4;1;4_1;0.4953457434658586;5;;brak;
383.8489405537949;1095.365920695736;4;1;4_1;0.49813010100302835;5;;brak;
390.4852678435696;1095.3723330730277;4;1;4_1;0.5000989390988091;6;;brak;
397.1151827560525;1102.015072740094;4;1;4_1;0.502883296635979;6;;brak;
403.7450976685354;1108.6578124071605;4;1;4_1;0.5056676541731487;6;;brak;
410.3814249583101;1108.6642247844522;4;1;4_1;0.5076364922689295;6;;brak;
417.011339870793;1115.3069644515183;4;1;4_1;0.5104208498060993;6;;brak;
423.6476671605677;1115.3133768288103;4;1;4_1;0.5123896879018799;6;;brak;
430.27758207305055;1121.9561164958766;4;1;4_1;0.5151740454390497;6;;brak;
436.9139093628252;1121.9625288731684;4;1;4_1;0.5171428835348304;6;;brak;
443.5502366525998;1121.96894125046;4;1;4_1;0.519111721630611;6;;brak;
450.1801515650829;1128.6116809175264;4;1;4_1;0.5218960791677809;6;;brak;
456.8164788548575;1128.618093294818;4;1;4_1;0.5238649172635615;6;;brak;
463.4463937673403;1135.2608329618845;4;1;4_1;0.5266492748007313;6;;brak;
470.0827210571149;1135.2672453391765;4;1;4_1;0.528618112896512;6;;brak;
476.712635969598;1141.9099850062428;4;1;4_1;0.5314024704336818;6;;brak;
483.34896325937257;1141.9163973835343;4;1;4_1;0.5333713085294625;6;;brak;
489.9788781718554;1148.5591370506006;4;1;4_1;0.5361556660666322;6;;brak;
496.61520546163;1148.5655494278924;4;1;4_1;0.538124504162413;6;;brak;
503.245120374113;1155.208289094959;4;1;4_1;0.5409088616995827;6;;brak;
509.8814476638877;1155.2147014722505;4;1;4_1;0.5428776997953635;6;;brak;
516.5113625763705;1161.857441139317;4;1;4_1;0.5456620573325334;6;;brak;
523.1476898661451;1161.8638535166083;4;1;4_1;0.5476308954283141;6;;brak;
529.7776047786282;1168.506593183675;4;1;4_1;0.550415252965484;6;;brak;
536.4139320684028;1168.5130055609668;4;1;4_1;0.5523840910612646;6;;brak;
543.0438469808856;1175.155745228033;4;1;4_1;0.5551684485984344;6;;brak;
549.6801742706602;1175.1621576053246;4;1;4_1;0.5571372866942151;6;;brak;
556.3100891831433;1181.8048972723911;4;1;4_1;0.559921644231385;6;;brak;
562.9464164729179;1181.811309649683;4;1;4_1;0.5618904823271655;6;;brak;
569.5763313854007;1188.4540493167492;4;1;4_1;0.5646748398643354;6;;brak;
576.2126586751754;1188.460461694041;4;1;4_1;0.5666436779601159;6;;brak;
582.8425735876584;1195.1032013611073;4;1;4_1;0.5694280354972859;6;;brak;
589.478900877433;1195.109613738399;4;1;4_1;0.5713968735930666;6;;brak;
596.1088157899159;1201.752353405465;4;1;4_1;0.5741812311302363;6;;brak;
602.7387307023989;1208.3950930725316;4;1;4_1;0.5769655886674062;6;;brak;
609.3750579921735;1208.4015054498234;4;1;4_1;0.5789344267631868;6;;brak;
616.0049729046564;1215.04424511689;4;1;4_1;0.5817187843003566;6;;brak;
622.641300194431;1215.0506574941817;4;1;4_1;0.5836876223961374;6;;brak;
629.271215106914;1221.693397161248;4;1;4_1;0.5864719799333071;6;;brak;
635.9075423966887;1221.6998095385395;4;1;4_1;0.5884408180290878;6;;brak;
642.5374573091715;1228.342549205606;4;1;4_1;0.5912251755662576;6;;brak;
649.1737845989461;1228.3489615828978;4;1;4_1;0.5931940136620383;6;;brak;
655.8036995114292;1234.991701249964;4;1;4_1;0.5959783711992082;6;;brak;
662.4400268012038;1234.9981136272556;4;1;4_1;0.5979472092949888;6;;brak;
669.0699417136866;1241.640853294322;4;1;4_1;0.6007315668321587;7;;brak;
675.7062690034612;1241.647265671614;4;1;4_1;0.6027004049279393;7;;brak;
682.3361839159443;1248.2900053386804;4;1;4_1;0.6054847624651092;7;;brak;
688.9725112057189;1248.296417715972;4;1;4_1;0.6074536005608899;7;;brak;
695.6024261182017;1254.9391573830385;4;1;4_1;0.6102379580980596;7;;brak;
702.2387534079763;1254.94556976033;4;1;4_1;0.6122067961938403;7;;brak;
708.8686683204594;1261.5883094273966;4;1;4_1;0.6149911537310103;7;;brak;
715.504995610234;1261.594721804688;4;1;4_1;0.616959991826791;7;;brak;
722.1349105227168;1268.2374614717546;4;1;4_1;0.6197443493639607;7;;brak;
728.7712378124914;1268.2438738490462;4;1;4_1;0.6217131874597414;7;;brak;
735.4011527249745;1274.886613516113;4;1;4_1;0.6244975449969115;7;;brak;
742.0374800147491;1274.8930258934045;4;1;4_1;0.626466383092692;7;;brak;
748.667394927232;1281.5357655604707;4;1;4_1;0.6292507406298619;7;;brak;
755.3037222170066;1281.5421779377623;4;1;4_1;0.6312195787256424;7;;brak;
761.9336371294896;1288.1849176048288;4;1;4_1;0.6340039362628123;7;;brak;
768.5699644192641;1288.1913299821206;4;1;4_1;0.635972774358593;7;;brak;
775.1998793317471;1294.834069649187;4;1;4_1;0.6387571318957628;7;;brak;
781.8362066215218;1294.8404820264786;4;1;4_1;0.6407259699915435;7;;brak;
788.4661215340045;1301.483221693545;4;1;4_1;0.6435103275287133;7;;brak;
795.1024488237792;1301.4896340708367;4;1;4_1;0.6454791656244939;7;;brak;
801.7323637362624;1308.1323737379032;4;1;4_1;0.6482635231616639;7;;brak;
808.3686910260369;1308.1387861151948;4;1;4_1;0.6502323612574447;7;;brak;
815.0050183158116;1308.1451984924863;4;1;4_1;0.6522011993532252;7;;brak;
821.6349332282946;1314.7879381595528;4;1;4_1;0.6549855568903951;7;;brak;
828.2712605180691;1314.7943505368446;4;1;4_1;0.6569543949861756;7;;brak;
834.901175430552;1321.437090203911;4;1;4_1;0.6597387525233455;7;;brak;
841.5375027203265;1321.443502581203;4;1;4_1;0.6617075906191262;7;;brak;
848.1674176328095;1328.086242248269;4;1;4_1;0.6644919481562959;7;;brak;
854.8037449225842;1328.0926546255607;4;1;4_1;0.6664607862520766;7;;brak;
861.4336598350671;1334.7353942926272;4;1;4_1;0.6692451437892466;7;;brak;
868.0699871248419;1334.741806669919;4;1;4_1;0.6712139818850271;7;;brak;
874.6999020373248;1341.3845463369853;4;1;4_1;0.673998339422197;7;;brak;
881.3362293270993;1341.390958714277;4;1;4_1;0.6759671775179775;7;;brak;
887.9661442395823;1348.0336983813434;4;1;4_1;0.6787515350551474;7;;brak;
894.6024715293568;1348.0401107586351;4;1;4_1;0.6807203731509279;7;;brak;
901.2323864418396;1354.6828504257014;4;1;4_1;0.6835047306880978;7;;brak;
907.8687137316144;1354.6892628029932;4;1;4_1;0.6854735687838786;7;;brak;
914.4986286440974;1361.3320024700597;4;1;4_1;0.6882579263210483;7;;brak;
921.134955933872;1361.3384148473513;4;1;4_1;0.6902267644168291;7;;brak;
927.764870846355;1367.9811545144178;4;1;4_1;0.6930111219539989;7;;brak;
934.4011981361296;1367.9875668917095;4;1;4_1;0.6949799600497795;7;;brak;
941.0311130486124;1374.6303065587756;4;1;4_1;0.6977643175869493;7;;brak;
947.667440338387;1374.6367189360674;4;1;4_1;0.6997331556827299;7;;brak;
954.29735525087;1381.279458603134;4;1;4_1;0.7025175132198999;8;;brak;
960.9336825406448;1381.2858709804254;4;1;4_1;0.7044863513156806;8;;brak;
967.5635974531276;1387.9286106474915;4;1;4_1;0.7072707088528503;8;;brak;
974.1999247429025;1387.9350230247835;4;1;4_1;0.709239546948631;8;;brak;
980.8298396553852;1394.57776269185;4;1;4_1;0.7120239044858008;8;;brak;
987.4661669451598;1394.5841750691418;4;1;4_1;0.7139927425815814;8;;brak;
994.0960818576428;1401.226914736208;4;1;4_1;0.7167771001187514;8;;brak;
1000.7324091474172;1401.2333271134996;4;1;4_1;0.7187459382145319;8;;brak;
1007.3623240599002;1407.876066780566;4;1;4_1;0.7215302957517018;8;;brak;
1013.9986513496748;1407.882479157858;4;1;4_1;0.7234991338474824;8;;brak;
1020.6285662621578;1414.5252188249242;4;1;4_1;0.7262834913846523;8;;brak;
1027.2648935519326;1414.531631202216;4;1;4_1;0.728252329480433;8;;brak;
1033.8948084644155;1421.1743708692825;4;1;4_1;0.7310366870176027;8;;brak;
1040.5247233768982;1427.8171105363488;4;1;4_1;0.7338210445547725;8;;brak;
1047.161050666673;1427.8235229136403;4;1;4_1;0.7357898826505531;8;;brak;
1053.790965579156;1434.4662625807068;4;1;4_1;0.738574240187723;8;;brak;
1060.4272928689304;1434.4726749579984;4;1;4_1;0.7405430782835036;8;;brak;
1067.0572077814136;1441.115414625065;4;1;4_1;0.7433274358206735;8;;brak;
1073.693535071188;1441.121827002357;4;1;4_1;0.7452962739164543;8;;brak;
1080.3298623609628;1441.1282393796484;4;1;4_1;0.7472651120122349;8;;brak;
1086.9597772734458;1447.7709790467147;4;1;4_1;0.7500494695494047;8;;brak;
1093.5961045632205;1447.7773914240065;4;1;4_1;0.7520183076451855;8;;brak;
1100.2260194757032;1454.4201310910728;4;1;4_1;0.7548026651823553;8;;brak;
1106.862346765478;1454.4265434683646;4;1;4_1;0.7567715032781359;8;;brak;
1113.4922616779606;1461.0692831354309;4;1;4_1;0.7595558608153058;8;;brak;
1120.1285889677354;1461.0756955127226;4;1;4_1;0.7615246989110864;8;;brak;
1126.7585038802183;1467.718435179789;4;1;4_1;0.7643090564482562;8;;brak;
1133.394831169993;1467.7248475570807;4;1;4_1;0.7662778945440369;8;;brak;
1140.024746082476;1474.367587224147;4;1;4_1;0.7690622520812067;8;;brak;
1146.6610733722505;1474.3739996014388;4;1;4_1;0.7710310901769873;8;;brak;
1153.2909882847334;1481.016739268505;4;1;4_1;0.7738154477141571;8;;brak;
1159.9273155745082;1481.0231516457968;4;1;4_1;0.7757842858099379;8;;brak;
1166.5572304869909;1487.665891312863;4;1;4_1;0.7785686433471077;8;;brak;
1173.187145399474;1494.3086309799296;4;1;4_1;0.7813530008842775;8;;brak;
1179.8234726892483;1494.3150433572212;4;1;4_1;0.7833218389800581;8;;brak;
1186.4533876017315;1500.9577830242877;4;1;4_1;0.7861061965172281;8;;brak;
1193.0897148915062;1500.9641954015794;4;1;4_1;0.7880750346130088;8;;brak;
1199.719629803989;1507.6069350686455;4;1;4_1;0.7908593921501785;8;;brak;
1206.3559570937637;1507.6133474459375;4;1;4_1;0.7928282302459593;8;;brak;
1212.9858720062468;1514.2560871130038;4;1;4_1;0.795612587783129;8;;brak;
1219.622199296021;1514.2624994902956;4;1;4_1;0.7975814258789097;8;;brak;
1226.2521142085045;1520.9052391573618;4;1;4_1;0.8003657834160794;9;;brak;
1232.888441498279;1520.9116515346536;4;1;4_1;0.8023346215118601;9;;brak;
1239.5183564107615;1527.55439120172;4;1;4_1;0.8051189790490298;9;;brak;
1246.1546837005365;1527.5608035790117;4;1;4_1;0.8070878171448106;9;;brak;
1252.7845986130192;1534.2035432460782;4;1;4_1;0.8098721746819803;9;;brak;
1259.420925902794;1534.2099556233698;4;1;4_1;0.811841012777761;9;;brak;
1266.050840815277;1540.8526952904365;4;1;4_1;0.814625370314931;9;;brak;
1272.6871681050516;1540.8591076677278;4;1;4_1;0.8165942084107116;9;;brak;
1279.3170830175343;1547.5018473347943;4;1;4_1;0.8193785659478814;9;;brak;
1285.9534103073092;1547.508259712086;4;1;4_1;0.8213474040436622;9;;brak;
1292.583325219792;1554.1509993791524;4;1;4_1;0.8241317615808321;9;;brak;
1299.219652509567;1554.1574117564442;4;1;4_1;0.8261005996766128;9;;brak;
1305.8495674220494;1560.8001514235104;4;1;4_1;0.8288849572137825;9;;brak;
1312.485894711824;1560.8065638008022;4;1;4_1;0.830853795309563;9;;brak;
1319.1158096243073;1567.4493034678685;4;1;4_1;0.8336381528467329;9;;brak;
1325.7521369140818;1567.4557158451605;4;1;4_1;0.8356069909425136;9;;brak;
1332.3820518265647;1574.0984555122266;4;1;4_1;0.8383913484796833;9;;brak;
1339.0183791163397;1574.1048678895183;4;1;4_1;0.8403601865754642;9;;brak;
1345.6482940288222;1580.7476075565849;4;1;4_1;0.8431445441126341;9;;brak;
1352.284621318597;1580.7540199338764;4;1;4_1;0.8451133822084146;9;;brak;
1358.9145362310796;1587.3967596009427;4;1;4_1;0.8478977397455845;9;;brak;
1365.5508635208544;1587.4031719782345;4;1;4_1;0.849866577841365;9;;brak;
1372.1807784333375;1594.045911645301;4;1;4_1;0.852650935378535;9;;brak;
1378.817105723112;1594.0523240225928;4;1;4_1;0.8546197734743157;9;;brak;
1385.447020635595;1600.695063689659;4;1;4_1;0.8574041310114855;9;;brak;
1392.0833479253697;1600.7014760669506;4;1;4_1;0.8593729691072661;9;;brak;
1398.7196752151442;1600.7078884442424;4;1;4_1;0.8613418072030468;9;;brak;
1405.3495901276272;1607.3506281113089;4;1;4_1;0.8641261647402165;9;;brak;
1411.9859174174017;1607.357040488601;4;1;4_1;0.8660950028359972;9;;brak;
1418.6158323298846;1613.999780155667;4;1;4_1;0.8688793603731669;9;;brak;
1425.252159619659;1614.0061925329585;4;1;4_1;0.8708481984689476;9;;brak;
1431.8820745321425;1620.648932200025;4;1;4_1;0.8736325560061177;9;;brak;
1438.518401821917;1620.6553445773168;4;1;4_1;0.8756013941018982;9;;brak;
1445.1483167344;1627.298084244383;4;1;4_1;0.8783857516390681;9;;brak;
1451.7846440241744;1627.3044966216748;4;1;4_1;0.8803545897348487;9;;brak;
1458.4145589366574;1633.9472362887411;4;1;4_1;0.8831389472720185;9;;brak;
1465.050886226432;1633.953648666033;4;1;4_1;0.8851077853677991;9;;brak;
1471.6808011389148;1640.5963883330992;4;1;4_1;0.8878921429049689;9;;brak;
1478.3171284286896;1640.602800710391;4;1;4_1;0.8898609810007495;9;;brak;
1484.9470433411725;1647.2455403774572;4;1;4_1;0.8926453385379193;9;;brak;
1491.5833706309472;1647.251952754749;4;1;4_1;0.8946141766337001;9;;brak;
1498.2132855434302;1653.8946924218155;4;1;4_1;0.89739853417087;9;;brak;
1504.849612833205;1653.901104799107;4;1;4_1;0.8993673722666505;9;;brak;
1511.4795277456876;1660.5438444661736;4;1;4_1;0.9021517298038204;10;;brak;
1518.1158550354623;1660.5502568434651;4;1;4_1;0.904120567899601;10;;brak;
1524.745769947945;1667.1929965105317;4;1;4_1;0.9069049254367708;10;;brak;
1531.3820972377198;1667.1994088878234;4;1;4_1;0.9088737635325516;10;;brak;
1538.0120121502027;1673.8421485548895;4;1;4_1;0.9116581210697213;10;;brak;
1544.6483394399777;1673.8485609321815;4;1;4_1;0.9136269591655021;10;;brak;
1551.2782543524604;1680.4913005992478;4;1;4_1;0.916411316702672;10;;brak;
1557.914581642235;1680.4977129765396;4;1;4_1;0.9183801547984525;10;;brak;
1564.544496554718;1687.1404526436058;4;1;4_1;0.9211645123356224;10;;brak;
1571.1808238444926;1687.1468650208976;4;1;4_1;0.9231333504314029;10;;brak;
1577.8107387569753;1693.789604687964;4;1;4_1;0.9259177079685728;10;;brak;
1584.44706604675;1693.7960170652557;4;1;4_1;0.9278865460643534;10;;brak;
1591.076980959233;1700.438756732322;4;1;4_1;0.9306709036015232;10;;brak;
1597.7133082490077;1700.4451691096135;4;1;4_1;0.9326397416973039;10;;brak;
1604.3432231614906;1707.08790877668;4;1;4_1;0.9354240992344739;10;;brak;
1610.9795504512651;1707.0943211539718;4;1;4_1;0.9373929373302544;10;;brak;
1617.609465363748;1713.7370608210383;4;1;4_1;0.9401772948674243;10;;brak;
1624.2457926535228;1713.74347319833;4;1;4_1;0.9421461329632052;10;;brak;
1630.8757075660055;1720.3862128653964;4;1;4_1;0.9449304905003749;10;;brak;
1637.5120348557805;1720.392625242688;4;1;4_1;0.9468993285961556;10;;brak;
1644.1419497682632;1727.0353649097544;4;1;4_1;0.9496836861333253;10;;brak;
1650.778277058038;1727.0417772870462;4;1;4_1;0.9516525242291062;10;;brak;
1657.4081919705209;1733.6845169541125;4;1;4_1;0.9544368817662761;10;;brak;
1664.0445192602954;1733.6909293314045;4;1;4_1;0.9564057198620567;10;;brak;
1670.6744341727783;1740.3336689984706;4;1;4_1;0.9591900773992265;10;;brak;
1677.310761462553;1740.3400813757623;4;1;4_1;0.9611589154950071;10;;brak;
1683.9406763750358;1746.9828210428286;4;1;4_1;0.9639432730321769;10;;brak;
1690.5770036648105;1746.9892334201204;4;1;4_1;0.9659121111279575;10;;brak;
1697.2069185772937;1753.631973087187;4;1;4_1;0.9686964686651273;10;;brak;
1703.8432458670682;1753.6383854644785;4;1;4_1;0.970665306760908;10;;brak;
1710.473160779551;1760.2811251315447;4;1;4_1;0.9734496642980779;10;;brak;
1717.1094880693256;1760.2875375088363;4;1;4_1;0.9754185023938585;10;;brak;
1723.7394029818086;1766.9302771759028;4;1;4_1;0.9782028599310284;10;;brak;
1730.3757302715833;1766.9366895531946;4;1;4_1;0.980171698026809;10;;brak;
1737.005645184066;1773.579429220261;4;1;4_1;0.9829560555639788;10;;brak;
1743.6419724738407;1773.5858415975526;4;1;4_1;0.9849248936597594;10;;brak;
1750.271887386324;1780.2285812646192;4;1;4_1;0.9877092511969293;10;;brak;
1756.9018022988066;1786.8713209316854;4;1;4_1;0.9904936087340992;10;;brak;
1763.5381295885811;1786.8777333089772;4;1;4_1;0.9924624468298797;10;;brak;
1770.168044501064;1793.5204729760435;4;1;4_1;0.9952468043670496;10;;brak;
1776.797959413547;1800.16321264311;4;1;4_1;0.9980311619042196;10;;brak;
1783.4342867033215;1800.1696250204016;4;1;4_1;1.0;10;;brak;
0.0;0.0;4;2;4_2;0.0;1;;brak;
6.63632728977467;0.006412377291781;4;2;4_2;0.002048698420208405;1;;brak;
13.266242202257558;6.6491520443582885;4;2;4_2;0.004945995511279477;1;;brak;
19.896157114740504;13.291891711424569;4;2;4_2;0.007843292602350513;1;;brak;
26.53248440451512;13.29830408871635;4;2;4_2;0.009891991022558902;1;;brak;
33.16239931699806;19.94104375578263;4;2;4_2;0.012789288113629936;1;;brak;
39.79231422948095;26.583783422849137;4;2;4_2;0.01568658520470101;1;;brak;
46.42864151925562;26.59019580014069;4;2;4_2;0.017735283624909413;1;;brak;
53.05855643173851;33.23293546720697;4;2;4_2;0.020632580715980436;1;;brak;
59.69488372151318;33.23934784449875;4;2;4_2;0.02268127913618884;1;;brak;
66.32479863399607;39.88208751156526;4;2;4_2;0.02557857622725991;1;;brak;
72.96112592377074;39.88849988885681;4;2;4_2;0.027627274647468315;1;;brak;
79.59745321354535;39.894912266148594;4;2;4_2;0.029675973067676702;1;;brak;
86.2273681260283;46.5376519332151;4;2;4_2;0.03257327015874779;1;;brak;
92.86369541580292;46.54406431050688;4;2;4_2;0.03462196857895618;1;;brak;
99.49361032828584;53.186803977572936;4;2;4_2;0.037519265670027155;1;;brak;
106.12993761806048;53.19321635486472;4;2;4_2;0.03956796409023555;1;;brak;
112.7598525305434;59.83595602193122;4;2;4_2;0.04246526118130663;1;;brak;
119.39617982031804;59.842368399223005;4;2;4_2;0.04451395960151503;1;;brak;
126.02609473280096;66.48510806628929;4;2;4_2;0.047411256692586064;1;;brak;
132.66242202257558;66.49152044358107;4;2;4_2;0.049459955112794454;1;;brak;
139.29233693505853;73.13426011064735;4;2;4_2;0.05235725220386549;1;;brak;
145.92866422483314;73.14067248793913;4;2;4_2;0.05440595062407388;1;;brak;
152.5585791373161;79.78341215500541;4;2;4_2;0.05730324771514491;1;;brak;
159.1949064270907;79.78982453229719;4;2;4_2;0.0593519461353533;1;;brak;
165.8248213395737;86.43256419936347;4;2;4_2;0.06224924322642435;1;;brak;
172.46114862934837;86.43897657665502;4;2;4_2;0.06429794164663276;1;;brak;
179.09106354183126;93.08171624372152;4;2;4_2;0.06719523873770382;1;;brak;
185.72739083160596;93.08812862101333;4;2;4_2;0.06924393715791224;1;;brak;
192.3573057440888;99.73086828807982;4;2;4_2;0.0721412342489833;1;;brak;
198.9936330338635;99.73728066537136;4;2;4_2;0.07418993266919172;1;;brak;
205.6235479463464;106.38002033243764;4;2;4_2;0.07708722976026273;1;;brak;
212.25987523612105;106.38643270972943;4;2;4_2;0.07913592818047112;1;;brak;
218.88979014860396;113.02917237679594;4;2;4_2;0.0820332252715422;1;;brak;
225.5261174383786;113.0355847540875;4;2;4_2;0.0840819236917506;1;;brak;
232.1560323508615;119.678324421154;4;2;4_2;0.08697922078282168;1;;brak;
238.78594726334444;126.32106408822028;4;2;4_2;0.08987651787389271;1;;brak;
245.42227455311908;126.32747646551206;4;2;4_2;0.09192521629410111;1;;brak;
252.0521894656019;132.97021613257834;4;2;4_2;0.09482251338517213;1;;brak;
258.6885167553765;132.97662850987012;4;2;4_2;0.09687121180538048;1;;brak;
265.3184316678595;139.6193681769364;4;2;4_2;0.09976850889645154;1;;brak;
271.9547589576342;139.6257805542282;4;2;4_2;0.10181720731665996;2;;brak;
278.58467387011706;146.26852022129447;4;2;4_2;0.10471450440773097;2;;brak;
285.22100115989167;146.27493259858625;4;2;4_2;0.10676320282793936;2;;brak;
291.8509160723746;152.91767226565275;4;2;4_2;0.10966049991901043;2;;brak;
298.48724336214934;152.92408464294454;4;2;4_2;0.11170919833921886;2;;brak;
305.1171582746322;159.5668243100106;4;2;4_2;0.11460649543028982;2;;brak;
311.7534855644068;159.57323668730237;4;2;4_2;0.11665519385049822;2;;brak;
318.3898128541814;159.57964906459415;4;2;4_2;0.1187038922707066;2;;brak;
325.01972776666446;166.22238873166066;4;2;4_2;0.1216011893617777;2;;brak;
331.6560550564391;166.2288011089522;4;2;4_2;0.12364988778198609;2;;brak;
338.2923823462137;166.235213486244;4;2;4_2;0.12569858620219446;2;;brak;
344.9222972586965;172.8779531533105;4;2;4_2;0.12859588329326554;2;;brak;
351.55862454847124;172.88436553060228;4;2;4_2;0.13064458171347396;2;;brak;
358.1885394609542;179.52710519766833;4;2;4_2;0.13354187880454493;2;;brak;
364.818454373437;186.16984486473484;4;2;4_2;0.136439175895616;2;;brak;
371.4547816632116;186.17625724202665;4;2;4_2;0.13848787431582435;2;;brak;
378.0846965756947;192.8189969090929;4;2;4_2;0.14138517140689544;2;;brak;
384.7210238654693;192.82540928638448;4;2;4_2;0.14343386982710382;2;;brak;
391.35093877795214;199.46814895345096;4;2;4_2;0.14633116691817485;2;;brak;
397.98726606772686;199.47456133074277;4;2;4_2;0.14837986533838327;2;;brak;
404.6171809802098;206.11730099780925;4;2;4_2;0.15127716242945435;2;;brak;
411.24709589269264;212.7600406648753;4;2;4_2;0.15417445952052533;2;;brak;
417.8770108051756;219.4027803319418;4;2;4_2;0.15707175661159642;2;;brak;
417.8705984278838;226.0391076217165;4;2;4_2;0.15912045503180486;2;;brak;
424.50051334036687;232.6818472887828;4;2;4_2;0.16201775212287592;2;;brak;
424.4941009630751;239.31817457855755;4;2;4_2;0.16406645054308436;2;;brak;
424.4876885857834;245.95450186833227;4;2;4_2;0.16611514896329277;2;;brak;
424.4812762084917;252.5908291581068;4;2;4_2;0.16816384738350115;2;;brak;
424.4748638312;259.2271564478815;4;2;4_2;0.17021254580370954;2;;brak;
417.8321241641335;265.8570713603642;4;2;4_2;0.17310984289478057;2;;brak;
417.8257117868418;272.49339865013894;4;2;4_2;0.17515854131498898;2;;brak;
417.81929940955;279.12972593991367;4;2;4_2;0.17720723973519742;2;;brak;
417.8128870322584;285.76605322968817;4;2;4_2;0.17925593815540578;2;;brak;
417.8064746549667;292.4023805194629;4;2;4_2;0.18130463657561421;2;;brak;
417.8000622776749;299.0387078092376;4;2;4_2;0.18335333499582265;2;;brak;
411.1573226106086;305.66862272172034;4;2;4_2;0.18625063208689366;2;;brak;
411.1509102333168;312.30495001149507;4;2;4_2;0.18829933050710207;2;;brak;
411.1444978560252;318.9412773012696;4;2;4_2;0.19034802892731045;2;;brak;
411.1380854787334;325.5776045910443;4;2;4_2;0.1923967273475188;2;;brak;
411.1316731014417;332.213931880819;4;2;4_2;0.19444542576772725;2;;brak;
404.4889334343753;338.843846793302;4;2;4_2;0.1973427228587983;2;;brak;
404.48252105708366;345.4801740830767;4;2;4_2;0.19939142127900672;2;;brak;
404.4761086797919;352.1165013728514;4;2;4_2;0.20144011969921513;3;;brak;
404.4696963025002;358.7528286626259;4;2;4_2;0.20348881811942351;3;;brak;
397.8269566354338;365.38274357510886;4;2;4_2;0.20638611521049458;3;;brak;
391.1842169683674;372.0126584875916;4;2;4_2;0.20928341230156558;3;;brak;
384.541477301301;378.6425734000745;4;2;4_2;0.21218070939263659;3;;brak;
377.8987376342348;385.2724883125577;4;2;4_2;0.21507800648370765;3;;brak;
377.89232525694297;391.9088156023322;4;2;4_2;0.217126704903916;3;;brak;
377.8859128796513;398.5451428921069;4;2;4_2;0.21917540332412444;3;;brak;
377.8795005023595;405.1814701818817;4;2;4_2;0.22122410174433288;3;;brak;
377.8730881250679;411.81779747165615;4;2;4_2;0.2232728001645412;3;;brak;
371.2303484580013;418.4477123841391;4;2;4_2;0.2261700972556123;3;;brak;
364.5876087909351;425.0776272966218;4;2;4_2;0.22906739434668327;3;;brak;
364.5811964136433;431.7139545863965;4;2;4_2;0.23111609276689166;3;;brak;
364.5747840363516;438.35028187617127;4;2;4_2;0.2331647911871001;3;;brak;
357.9320443692852;444.980196788654;4;2;4_2;0.2360620882781711;3;;brak;
351.28930470221894;451.6101117011372;4;2;4_2;0.2389593853692422;3;;brak;
351.2828923249272;458.2464389909119;4;2;4_2;0.2410080837894506;3;;brak;
344.6401526578608;464.8763539033946;4;2;4_2;0.2439053808805216;3;;brak;
337.9974129907944;471.5062688158776;4;2;4_2;0.24680267797159267;3;;brak;
337.9910006135027;478.1425961056523;4;2;4_2;0.24885137639180108;3;;brak;
337.9845882362109;484.7789233954268;4;2;4_2;0.2509000748120095;3;;brak;
337.97817585891926;491.4152506852015;4;2;4_2;0.2529487732322179;3;;brak;
331.33543619185286;498.0451655976842;4;2;4_2;0.25584607032328893;3;;brak;
331.3290238145612;504.6814928874589;4;2;4_2;0.2578947687434973;3;;brak;
331.3226114372694;511.31782017723367;4;2;4_2;0.25994346716370575;3;;brak;
331.31619905997775;517.9541474670082;4;2;4_2;0.26199216558391414;3;;brak;
331.309786682686;524.5904747567829;4;2;4_2;0.2640408640041226;3;;brak;
324.6670470156197;531.2203896692661;4;2;4_2;0.2669381610951937;3;;brak;
324.6606346383279;537.8567169590406;4;2;4_2;0.26898685951540197;3;;brak;
324.65422226103624;544.4930442488153;4;2;4_2;0.2710355579356104;3;;brak;
324.64780988374446;551.1293715385898;4;2;4_2;0.2730842563558188;3;;brak;
324.6413975064528;557.7656988283645;4;2;4_2;0.27513295477602717;3;;brak;
317.9986578393863;564.3956137408475;4;2;4_2;0.2780302518670983;3;;brak;
317.9922454620946;571.031941030622;4;2;4_2;0.2800789502873066;3;;brak;
317.98583308480283;577.6682683203967;4;2;4_2;0.28212764870751506;3;;brak;
317.9794207075112;584.3045956101714;4;2;4_2;0.2841763471277235;3;;brak;
324.6093356199941;590.9473352772377;4;2;4_2;0.28707364421879444;3;;brak;
324.60292324270245;597.5836625670124;4;2;4_2;0.2891223426390029;3;;brak;
331.2328381551853;604.2264022340785;4;2;4_2;0.29201963973007383;3;;brak;
331.2264257778936;610.8627295238532;4;2;4_2;0.29406833815028227;3;;brak;
337.85634069037644;617.5054691909197;4;2;4_2;0.29696563524135333;3;;brak;
337.8499283130848;624.1417964806942;4;2;4_2;0.2990143336615617;3;;brak;
344.4798432255676;630.7845361477607;4;2;4_2;0.3019116307526328;4;;brak;
351.10975813805067;637.4272758148272;4;2;4_2;0.3048089278437039;4;;brak;
357.7460854278253;637.4336881921188;4;2;4_2;0.3068576262639122;4;;brak;
364.3760003403081;644.0764278591851;4;2;4_2;0.3097549233549833;4;;brak;
371.0123276300827;644.0828402364768;4;2;4_2;0.31180362177519166;4;;brak;
377.6422425425658;650.7255799035433;4;2;4_2;0.3147009188662628;4;;brak;
384.2785698323404;650.7319922808349;4;2;4_2;0.3167496172864711;4;;brak;
390.9084847448232;657.3747319479014;4;2;4_2;0.3196469143775422;4;;brak;
397.5383996573063;664.0174716149677;4;2;4_2;0.3225442114686133;4;;brak;
404.1747269470809;664.0238839922595;4;2;4_2;0.32459290988882167;4;;brak;
410.8046418595637;670.6666236593258;4;2;4_2;0.3274902069798926;4;;brak;
417.4345567720467;677.309363326392;4;2;4_2;0.3303875040709637;4;;brak;
424.0708840618214;677.3157757036838;4;2;4_2;0.3324362024911721;4;;brak;
430.7007989743042;683.9585153707503;4;2;4_2;0.3353334995822432;4;;brak;
437.3371262640789;683.9649277480419;4;2;4_2;0.33738219800245156;4;;brak;
443.9670411765618;690.6076674151084;4;2;4_2;0.3402794950935227;4;;brak;
450.6033684663365;690.6140797924002;4;2;4_2;0.34232819351373106;4;;brak;
457.23969575611113;690.6204921696919;4;2;4_2;0.34437689193393944;4;;brak;
463.8696106685941;697.263231836758;4;2;4_2;0.3472741890250104;4;;brak;
470.5059379583686;697.2696442140498;4;2;4_2;0.34932288744521883;4;;brak;
477.1358528708517;703.9123838811163;4;2;4_2;0.3522201845362899;4;;brak;
483.7721801606263;703.9187962584081;4;2;4_2;0.3542688829564984;4;;brak;
490.4020950731092;710.5615359254743;4;2;4_2;0.35716618004756945;4;;brak;
497.0384223628838;710.5679483027661;4;2;4_2;0.3592148784677778;4;;brak;
503.6683372753668;717.2106879698324;4;2;4_2;0.3621121755588488;4;;brak;
510.30466456514137;717.2171003471242;4;2;4_2;0.36416087397905716;4;;brak;
516.9345794776243;723.8598400141905;4;2;4_2;0.36705817107012817;4;;brak;
523.5709067673989;723.8662523914822;4;2;4_2;0.3691068694903366;4;;brak;
530.2008216798819;730.5089920585485;4;2;4_2;0.37200416658140767;4;;brak;
536.8307365923648;737.151731725615;4;2;4_2;0.3749014636724787;4;;brak;
543.4670638821394;737.1581441029066;4;2;4_2;0.37695016209268706;4;;brak;
550.0969787946223;743.8008837699731;4;2;4_2;0.3798474591837582;4;;brak;
556.733306084397;743.8072961472649;4;2;4_2;0.38189615760396656;4;;brak;
563.3632209968799;750.4500358143309;4;2;4_2;0.38479345469503756;4;;brak;
569.9995482866545;750.4564481916227;4;2;4_2;0.386842153115246;4;;brak;
576.6294631991374;757.0991878586892;4;2;4_2;0.38973945020631706;4;;brak;
583.2657904889121;757.105600235981;4;2;4_2;0.3917881486265255;4;;brak;
589.9021177786867;757.1120126132726;4;2;4_2;0.39383684704673383;4;;brak;
596.5320326911697;763.7547522803391;4;2;4_2;0.39673414413780494;4;;brak;
603.1683599809444;763.7611646576308;4;2;4_2;0.39878284255801333;4;;brak;
609.7982748934272;770.4039043246971;4;2;4_2;0.4016801396490844;5;;brak;
616.4281898059102;777.0466439917634;4;2;4_2;0.4045774367401554;5;;brak;
623.0645170956848;777.0530563690552;4;2;4_2;0.4066261351603637;5;;brak;
629.6944320081677;783.6957960361215;4;2;4_2;0.4095234322514348;5;;brak;
636.3307592979423;783.7022084134132;4;2;4_2;0.4115721306716432;5;;brak;
642.9606742104253;790.3449480804795;4;2;4_2;0.4144694277627143;5;;brak;
649.5970015001999;790.3513604577713;4;2;4_2;0.4165181261829226;5;;brak;
656.2269164126828;796.9941001248378;4;2;4_2;0.4194154232739937;5;;brak;
662.8632437024575;797.0005125021296;4;2;4_2;0.4214641216942021;5;;brak;
669.4995709922321;797.0069248794211;4;2;4_2;0.4235128201144105;5;;brak;
676.129485904715;803.6496645464874;4;2;4_2;0.4264101172054815;5;;brak;
682.7658131944897;803.6560769237792;4;2;4_2;0.42845881562568994;5;;brak;
689.3957281069726;810.2988165908457;4;2;4_2;0.431356112716761;5;;brak;
696.0320553967472;810.3052289681373;4;2;4_2;0.4334048111369694;5;;brak;
702.6619703092301;816.9479686352038;4;2;4_2;0.4363021082280405;5;;brak;
709.2982975990049;816.9543810124956;4;2;4_2;0.4383508066482489;5;;brak;
715.9346248887795;816.9607933897873;4;2;4_2;0.44039950506845726;5;;brak;
722.5645398012623;823.6035330568534;4;2;4_2;0.4432968021595282;5;;brak;
729.2008670910369;823.6099454341452;4;2;4_2;0.44534550057973654;5;;brak;
735.83078200352;830.2526851012117;4;2;4_2;0.44824279767080766;5;;brak;
742.4671092932946;830.2590974785035;4;2;4_2;0.4502914960910161;5;;brak;
749.0970242057774;836.9018371455695;4;2;4_2;0.45318879318208705;5;;brak;
755.733351495552;836.9082495228613;4;2;4_2;0.45523749160229543;5;;brak;
762.3632664080351;843.5509891899278;4;2;4_2;0.45813478869336655;5;;brak;
768.9931813205178;850.1937288569943;4;2;4_2;0.46103208578443755;5;;brak;
775.6295086102925;850.2001412342859;4;2;4_2;0.46308078420464605;5;;brak;
782.2594235227755;856.8428809013521;4;2;4_2;0.46597808129571705;5;;brak;
788.8893384352584;863.4856205684187;4;2;4_2;0.4688753783867881;5;;brak;
795.5256657250332;863.4920329457104;4;2;4_2;0.47092407680699655;5;;brak;
802.1555806375161;870.1347726127767;4;2;4_2;0.4738213738980676;5;;brak;
808.7919079272906;870.1411849900685;4;2;4_2;0.47587007231827594;5;;brak;
815.4218228397735;876.7839246571348;4;2;4_2;0.47876736940934694;5;;brak;
822.0581501295483;876.7903370344266;4;2;4_2;0.48081606782955544;5;;brak;
828.688065042031;883.4330767014928;4;2;4_2;0.48371336492062644;5;;brak;
835.3243923318057;883.4394890787846;4;2;4_2;0.48576206334083477;5;;brak;
841.9543072442887;890.0822287458511;4;2;4_2;0.48865936043190583;5;;brak;
848.5906345340634;890.0886411231429;4;2;4_2;0.4907080588521143;5;;brak;
855.2205494465463;896.7313807902091;4;2;4_2;0.49360535594318533;5;;brak;
861.8568767363208;896.7377931675007;4;2;4_2;0.49565405436339366;5;;brak;
868.4867916488038;903.3805328345672;4;2;4_2;0.4985513514544647;5;;brak;
875.1231189385785;903.3869452118588;4;2;4_2;0.5006000498746732;6;;brak;
881.7530338510612;910.0296848789252;4;2;4_2;0.5034973469657442;6;;brak;
888.389361140836;910.036097256217;4;2;4_2;0.5055460453859527;6;;brak;
895.0192760533189;916.6788369232834;4;2;4_2;0.5084433424770237;6;;brak;
901.6556033430936;916.685249300575;4;2;4_2;0.5104920408972322;6;;brak;
908.2855182555766;923.3279889676414;4;2;4_2;0.5133893379883032;6;;brak;
914.9218455453512;923.3344013449332;4;2;4_2;0.5154380364085116;6;;brak;
921.551760457834;929.9771410119996;4;2;4_2;0.5183353334995826;6;;brak;
928.181675370317;936.619880679066;4;2;4_2;0.5212326305906537;6;;brak;
934.8180026600916;936.6262930563576;4;2;4_2;0.5232813290108621;6;;brak;
941.4479175725746;943.269032723424;4;2;4_2;0.5261786261019331;6;;brak;
948.0842448623492;943.2754451007156;4;2;4_2;0.5282273245221416;6;;brak;
954.714159774832;949.918184767782;4;2;4_2;0.5311246216132125;6;;brak;
961.3504870646068;949.9245971450736;4;2;4_2;0.533173320033421;6;;brak;
967.9804019770896;956.5673368121402;4;2;4_2;0.5360706171244921;6;;brak;
974.6103168895723;963.2100764792064;4;2;4_2;0.538967914215563;6;;brak;
981.2402318020556;969.8528161462727;4;2;4_2;0.5418652113066341;6;;brak;
987.87655909183;969.8592285235644;4;2;4_2;0.5439139097268425;6;;brak;
994.5128863816047;969.8656409008564;4;2;4_2;0.5459626081470508;6;;brak;
1001.1492136713794;969.872053278148;4;2;4_2;0.5480113065672593;6;;brak;
1007.7791285838624;976.5147929452144;4;2;4_2;0.5509086036583303;6;;brak;
1014.415455873637;976.521205322506;4;2;4_2;0.5529573020785388;6;;brak;
1021.0517831634116;976.5276176997978;4;2;4_2;0.5550060004987472;6;;brak;
1027.6816980758945;983.1703573668642;4;2;4_2;0.5579032975898182;6;;brak;
1034.3180253656692;983.176769744156;4;2;4_2;0.5599519960100267;6;;brak;
1040.947940278152;989.8195094112224;4;2;4_2;0.5628492931010975;6;;brak;
1047.5842675679266;989.825921788514;4;2;4_2;0.564897991521306;6;;brak;
1054.2141824804098;996.4686614555804;4;2;4_2;0.567795288612377;6;;brak;
1060.8505097701843;996.475073832872;4;2;4_2;0.5698439870325855;6;;brak;
1067.4804246826673;1003.1178134999384;4;2;4_2;0.5727412841236565;6;;brak;
1074.1167519724418;1003.1242258772302;4;2;4_2;0.5747899825438648;6;;brak;
1080.7466668849247;1009.7669655442966;4;2;4_2;0.5776872796349359;6;;brak;
1087.3829941746994;1009.7733779215883;4;2;4_2;0.5797359780551443;6;;brak;
1094.0129090871822;1016.4161175886546;4;2;4_2;0.5826332751462154;6;;brak;
1100.6492363769569;1016.4225299659464;4;2;4_2;0.5846819735664237;6;;brak;
1107.27915128944;1023.0652696330128;4;2;4_2;0.5875792706574949;6;;brak;
1113.9154785792146;1023.0716820103046;4;2;4_2;0.5896279690777032;6;;brak;
1120.5453934916975;1029.7144216773706;4;2;4_2;0.5925252661687742;6;;brak;
1127.181720781472;1029.7208340546624;4;2;4_2;0.5945739645889826;6;;brak;
1133.811635693955;1036.363573721729;4;2;4_2;0.5974712616800536;6;;brak;
1140.4479629837297;1036.3699860990207;4;2;4_2;0.5995199601002621;6;;brak;
1147.0778778962124;1043.012725766087;4;2;4_2;0.6024172571913331;7;;brak;
1153.714205185987;1043.0191381433788;4;2;4_2;0.6044659556115415;7;;brak;
1160.3441200984705;1049.661877810445;4;2;4_2;0.6073632527026126;7;;brak;
1166.9804473882448;1049.6682901877368;4;2;4_2;0.6094119511228209;7;;brak;
1173.6103623007275;1056.311029854803;4;2;4_2;0.6123092482138919;7;;brak;
1180.2466895905022;1056.317442232095;4;2;4_2;0.6143579466341003;7;;brak;
1186.8766045029852;1062.9601818991612;4;2;4_2;0.6172552437251714;7;;brak;
1193.51293179276;1062.966594276453;4;2;4_2;0.6193039421453798;7;;brak;
1200.1428467052426;1069.6093339435197;4;2;4_2;0.6222012392364509;7;;brak;
1206.7791739950171;1069.6157463208112;4;2;4_2;0.6242499376566591;7;;brak;
1213.4090889075003;1076.2584859878773;4;2;4_2;0.6271472347477303;7;;brak;
1220.045416197275;1076.264898365169;4;2;4_2;0.6291959331679386;7;;brak;
1226.675331109758;1082.9076380322356;4;2;4_2;0.6320932302590098;7;;brak;
1233.3116583995327;1082.9140504095274;4;2;4_2;0.6341419286792181;7;;brak;
1239.9415733120154;1089.5567900765936;4;2;4_2;0.6370392257702893;7;;brak;
1246.57790060179;1089.5632024538854;4;2;4_2;0.6390879241904975;7;;brak;
1253.2078155142729;1096.2059421209517;4;2;4_2;0.6419852212815685;7;;brak;
1259.8441428040476;1096.2123544982437;4;2;4_2;0.6440339197017769;7;;brak;
1266.4740577165308;1102.8550941653098;4;2;4_2;0.6469312167928479;7;;brak;
1273.1103850063053;1102.8615065426015;4;2;4_2;0.6489799152130563;7;;brak;
1279.7402999187882;1109.5042462096678;4;2;4_2;0.6518772123041273;7;;brak;
1286.3702148312711;1116.1469858767343;4;2;4_2;0.6547745093951984;7;;brak;
1293.0065421210456;1116.153398254026;4;2;4_2;0.6568232078154068;7;;brak;
1299.6364570335288;1122.7961379210924;4;2;4_2;0.6597205049064779;7;;brak;
1306.2727843233033;1122.802550298384;4;2;4_2;0.6617692033266863;7;;brak;
1312.9026992357865;1129.4452899654505;4;2;4_2;0.6646665004177574;7;;brak;
1319.539026525561;1129.4517023427422;4;2;4_2;0.6667151988379658;7;;brak;
1326.1689414380437;1136.0944420098087;4;2;4_2;0.6696124959290368;7;;brak;
1332.8052687278184;1136.1008543871003;4;2;4_2;0.6716611943492452;7;;brak;
1339.4415960175932;1136.107266764392;4;2;4_2;0.6737098927694538;7;;brak;
1346.071510930076;1142.7500064314584;4;2;4_2;0.6766071898605248;7;;brak;
1352.7078382198506;1142.75641880875;4;2;4_2;0.6786558882807331;7;;brak;
1359.3377531323335;1149.3991584758164;4;2;4_2;0.6815531853718042;7;;brak;
1365.9676680448165;1156.0418981428827;4;2;4_2;0.6844504824628752;7;;brak;
1372.5975829572994;1162.6846378099492;4;2;4_2;0.6873477795539462;7;;brak;
1379.233910247074;1162.691050187241;4;2;4_2;0.6893964779741546;7;;brak;
1385.8638251595569;1169.3337898543073;4;2;4_2;0.6922937750652256;7;;brak;
1392.49374007204;1175.9765295213735;4;2;4_2;0.6951910721562966;7;;brak;
1399.1300673618146;1175.982941898665;4;2;4_2;0.697239770576505;7;;brak;
1405.7599822742975;1182.6256815657316;4;2;4_2;0.700137067667576;8;;brak;
1412.3898971867802;1189.268421232798;4;2;4_2;0.703034364758647;8;;brak;
1419.0198120992632;1195.9111608998644;4;2;4_2;0.7059316618497182;8;;brak;
1419.0133997219716;1202.5474881896391;4;2;4_2;0.7079803602699267;8;;brak;
1425.6433146344546;1209.1902278567054;4;2;4_2;0.7108776573609977;8;;brak;
1425.6369022571628;1215.82655514648;4;2;4_2;0.712926355781206;8;;brak;
1432.2668171696455;1222.4692948135464;4;2;4_2;0.7158236528722771;8;;brak;
1432.260404792354;1229.1056221033211;4;2;4_2;0.7178723512924854;8;;brak;
1432.2539924150622;1235.7419493930956;4;2;4_2;0.7199210497126939;8;;brak;
1432.2475800377704;1242.3782766828704;4;2;4_2;0.7219697481329024;8;;brak;
1432.2411676604786;1249.0146039726449;4;2;4_2;0.7240184465531107;8;;brak;
1432.234755283187;1255.6509312624196;4;2;4_2;0.726067144973319;8;;brak;
1432.2283429058953;1262.2872585521943;4;2;4_2;0.7281158433935274;8;;brak;
1425.585603238829;1268.9171734646773;4;2;4_2;0.7310131404845985;8;;brak;
1425.5791908615372;1275.553500754452;4;2;4_2;0.7330618389048069;8;;brak;
1425.5727784842456;1282.1898280442265;4;2;4_2;0.7351105373250153;8;;brak;
1425.566366106954;1288.8261553340012;4;2;4_2;0.7371592357452238;8;;brak;
1425.559953729662;1295.4624826237757;4;2;4_2;0.7392079341654321;8;;brak;
1418.9172140625956;1302.0923975362589;4;2;4_2;0.7421052312565033;8;;brak;
1418.910801685304;1308.7287248260334;4;2;4_2;0.7441539296767116;8;;brak;
1418.9043893080122;1315.365052115808;4;2;4_2;0.74620262809692;8;;brak;
1418.8979769307205;1322.0013794055826;4;2;4_2;0.7482513265171284;8;;brak;
1418.891564553429;1328.637706695357;4;2;4_2;0.7503000249373367;8;;brak;
1412.2488248863624;1335.26762160784;4;2;4_2;0.7531973220284077;8;;brak;
1412.2424125090706;1341.9039488976148;4;2;4_2;0.7552460204486162;8;;brak;
1412.2360001317788;1348.5402761873895;4;2;4_2;0.7572947188688247;8;;brak;
1405.5932604647126;1355.1701910998725;4;2;4_2;0.7601920159598956;8;;brak;
1398.9505207976465;1361.8001060123554;4;2;4_2;0.7630893130509666;8;;brak;
1398.9441084203545;1368.43643330213;4;2;4_2;0.765138011471175;8;;brak;
1392.3013687532882;1375.0663482146128;4;2;4_2;0.768035308562246;8;;brak;
1392.2949563759964;1381.7026755043871;4;2;4_2;0.7700840069824543;8;;brak;
1385.6522167089302;1388.3325904168703;4;2;4_2;0.7729813040735254;8;;brak;
1385.6458043316384;1394.968917706645;4;2;4_2;0.7750300024937338;8;;brak;
1385.6393919543466;1401.6052449964195;4;2;4_2;0.7770787009139422;8;;brak;
1378.99665228728;1408.2351599089027;4;2;4_2;0.7799759980050133;8;;brak;
1372.353912620214;1414.8650748213856;4;2;4_2;0.7828732950960844;8;;brak;
1372.3475002429225;1421.50140211116;4;2;4_2;0.7849219935162927;8;;brak;
1372.3410878656305;1428.1377294009349;4;2;4_2;0.7869706919365012;8;;brak;
1365.698348198564;1434.7676443134178;4;2;4_2;0.7898679890275723;8;;brak;
1359.0556085314977;1441.3975592259007;4;2;4_2;0.7927652861186434;8;;brak;
1359.049196154206;1448.0338865156752;4;2;4_2;0.7948139845388517;8;;brak;
1359.042783776914;1454.67021380545;4;2;4_2;0.79686268295906;8;;brak;
1359.0363713996223;1461.3065410952247;4;2;4_2;0.7989113813792684;8;;brak;
1352.3936317325563;1467.9364560077076;4;2;4_2;0.8018086784703393;9;;brak;
1352.3872193552645;1474.572783297482;4;2;4_2;0.8038573768905477;9;;brak;
1352.3808069779727;1481.2091105872569;4;2;4_2;0.8059060753107563;9;;brak;
1345.7380673109062;1487.8390254997396;4;2;4_2;0.8088033724018273;9;;brak;
1345.731654933615;1494.4753527895143;4;2;4_2;0.8108520708220357;9;;brak;
1345.7252425563229;1501.111680079289;4;2;4_2;0.8129007692422442;9;;brak;
1345.718830179031;1507.7480073690638;4;2;4_2;0.8149494676624526;9;;brak;
1345.7124178017395;1514.3843346588385;4;2;4_2;0.8169981660826608;9;;brak;
1345.7060054244478;1521.020661948613;4;2;4_2;0.8190468645028692;9;;brak;
1345.699593047156;1527.6569892383875;4;2;4_2;0.8210955629230776;9;;brak;
1345.6931806698642;1534.2933165281622;4;2;4_2;0.8231442613432859;9;;brak;
1339.0504410027982;1540.9232314406452;4;2;4_2;0.826041558434357;9;;brak;
1339.0440286255064;1547.55955873042;4;2;4_2;0.8280902568545654;9;;brak;
1345.673943537989;1554.2022983974862;4;2;4_2;0.8309875539456365;9;;brak;
1345.6675311606973;1560.838625687261;4;2;4_2;0.8330362523658449;9;;brak;
1352.2974460731805;1567.4813653543272;4;2;4_2;0.8359335494569158;9;;brak;
1352.2910336958887;1574.117692644102;4;2;4_2;0.8379822478771243;9;;brak;
1358.9209486083714;1580.7604323111682;4;2;4_2;0.8408795449681953;9;;brak;
1365.5508635208544;1587.4031719782345;4;2;4_2;0.8437768420592664;9;;brak;
1372.187190810629;1587.4095843555262;4;2;4_2;0.8458255404794747;9;;brak;
1378.817105723112;1594.0523240225928;4;2;4_2;0.8487228375705459;9;;brak;
1385.4534330128868;1594.0587363998843;4;2;4_2;0.8507715359907543;9;;brak;
1392.0833479253697;1600.7014760669506;4;2;4_2;0.8536688330818254;9;;brak;
1398.7196752151442;1600.7078884442424;4;2;4_2;0.8557175315020337;9;;brak;
1405.3495901276272;1607.3506281113089;4;2;4_2;0.8586148285931047;9;;brak;
1411.9859174174017;1607.357040488601;4;2;4_2;0.8606635270133131;9;;brak;
1418.6158323298846;1613.999780155667;4;2;4_2;0.8635608241043841;9;;brak;
1425.252159619659;1614.0061925329585;4;2;4_2;0.8656095225245924;9;;brak;
1431.8820745321425;1620.648932200025;4;2;4_2;0.8685068196156636;9;;brak;
1438.518401821917;1620.6553445773168;4;2;4_2;0.870555518035872;9;;brak;
1445.1483167344;1627.298084244383;4;2;4_2;0.873452815126943;9;;brak;
1451.7846440241744;1627.3044966216748;4;2;4_2;0.8755015135471513;9;;brak;
1458.4145589366574;1633.9472362887411;4;2;4_2;0.8783988106382223;9;;brak;
1465.050886226432;1633.953648666033;4;2;4_2;0.8804475090584308;9;;brak;
1471.6808011389148;1640.5963883330992;4;2;4_2;0.8833448061495018;9;;brak;
1478.3171284286896;1640.602800710391;4;2;4_2;0.8853935045697101;9;;brak;
1484.9470433411725;1647.2455403774572;4;2;4_2;0.8882908016607812;9;;brak;
1491.5833706309472;1647.251952754749;4;2;4_2;0.8903395000809896;9;;brak;
1498.2132855434302;1653.8946924218155;4;2;4_2;0.8932367971720608;9;;brak;
1504.849612833205;1653.901104799107;4;2;4_2;0.8952854955922691;9;;brak;
1511.4795277456876;1660.5438444661736;4;2;4_2;0.8981827926833402;9;;brak;
1518.1158550354623;1660.5502568434651;4;2;4_2;0.9002314911035485;10;;brak;
1524.745769947945;1667.1929965105317;4;2;4_2;0.9031287881946195;10;;brak;
1531.3820972377198;1667.1994088878234;4;2;4_2;0.9051774866148281;10;;brak;
1538.0120121502027;1673.8421485548895;4;2;4_2;0.908074783705899;10;;brak;
1544.6483394399777;1673.8485609321815;4;2;4_2;0.9101234821261075;10;;brak;
1551.2782543524604;1680.4913005992478;4;2;4_2;0.9130207792171785;10;;brak;
1557.914581642235;1680.4977129765396;4;2;4_2;0.9150694776373869;10;;brak;
1564.544496554718;1687.1404526436058;4;2;4_2;0.9179667747284579;10;;brak;
1571.1808238444926;1687.1468650208976;4;2;4_2;0.9200154731486663;10;;brak;
1577.8107387569753;1693.789604687964;4;2;4_2;0.9229127702397373;10;;brak;
1584.44706604675;1693.7960170652557;4;2;4_2;0.9249614686599456;10;;brak;
1591.076980959233;1700.438756732322;4;2;4_2;0.9278587657510167;10;;brak;
1597.7133082490077;1700.4451691096135;4;2;4_2;0.9299074641712253;10;;brak;
1604.3432231614906;1707.08790877668;4;2;4_2;0.9328047612622963;10;;brak;
1610.9795504512651;1707.0943211539718;4;2;4_2;0.9348534596825047;10;;brak;
1617.609465363748;1713.7370608210383;4;2;4_2;0.9377507567735757;10;;brak;
1624.2457926535228;1713.74347319833;4;2;4_2;0.9397994551937842;10;;brak;
1630.8757075660055;1720.3862128653964;4;2;4_2;0.9426967522848552;10;;brak;
1637.5120348557805;1720.392625242688;4;2;4_2;0.9447454507050637;10;;brak;
1644.1419497682632;1727.0353649097544;4;2;4_2;0.9476427477961347;10;;brak;
1650.778277058038;1727.0417772870462;4;2;4_2;0.9496914462163432;10;;brak;
1657.4081919705209;1733.6845169541125;4;2;4_2;0.9525887433074142;10;;brak;
1664.0445192602954;1733.6909293314045;4;2;4_2;0.9546374417276224;10;;brak;
1670.6744341727783;1740.3336689984706;4;2;4_2;0.9575347388186936;10;;brak;
1677.310761462553;1740.3400813757623;4;2;4_2;0.9595834372389019;10;;brak;
1683.9406763750358;1746.9828210428286;4;2;4_2;0.9624807343299728;10;;brak;
1690.5770036648105;1746.9892334201204;4;2;4_2;0.9645294327501813;10;;brak;
1697.2069185772937;1753.631973087187;4;2;4_2;0.9674267298412526;10;;brak;
1703.8432458670682;1753.6383854644785;4;2;4_2;0.9694754282614608;10;;brak;
1710.473160779551;1760.2811251315447;4;2;4_2;0.9723727253525318;10;;brak;
1717.1094880693256;1760.2875375088363;4;2;4_2;0.9744214237727402;10;;brak;
1723.7394029818086;1766.9302771759028;4;2;4_2;0.9773187208638112;10;;brak;
1730.3757302715833;1766.9366895531946;4;2;4_2;0.9793674192840197;10;;brak;
1737.005645184066;1773.579429220261;4;2;4_2;0.9822647163750907;10;;brak;
1743.6419724738407;1773.5858415975526;4;2;4_2;0.9843134147952991;10;;brak;
1750.271887386324;1780.2285812646192;4;2;4_2;0.9872107118863702;10;;brak;
1756.9018022988066;1786.8713209316854;4;2;4_2;0.9901080089774412;10;;brak;
1763.5381295885811;1786.8777333089772;4;2;4_2;0.9921567073976496;10;;brak;
1770.168044501064;1793.5204729760435;4;2;4_2;0.9950540044887206;10;;brak;
1776.797959413547;1800.16321264311;4;2;4_2;0.9979513015797916;10;;brak;
1783.4342867033215;1800.1696250204016;4;2;4_2;1.0;10;;brak;
0.0;0.0;4;3;4_3;0.0;1;;brak;
6.63632728977467;0.006412377291781;4;3;4_3;0.0019688380957806717;1;;brak;
13.266242202257558;6.6491520443582885;4;3;4_3;0.004753195632950528;1;;brak;
19.896157114740504;13.291891711424569;4;3;4_3;0.00753755317012035;1;;brak;
26.53248440451512;13.29830408871635;4;3;4_3;0.009506391265901006;1;;brak;
33.16239931699806;19.94104375578263;4;3;4_3;0.012290748803070826;1;;brak;
39.79231422948095;26.583783422849137;4;3;4_3;0.015075106340240682;1;;brak;
46.42864151925562;26.59019580014069;4;3;4_3;0.017043944436021353;1;;brak;
53.05855643173851;33.23293546720697;4;3;4_3;0.019828301973191163;1;;brak;
59.69488372151318;33.23934784449875;4;3;4_3;0.021797140068971835;1;;brak;
66.32479863399607;39.88208751156526;4;3;4_3;0.02458149760614169;1;;brak;
72.96112592377074;39.88849988885681;4;3;4_3;0.026550335701922362;1;;brak;
79.59745321354535;39.894912266148594;4;3;4_3;0.028519173797703017;1;;brak;
86.2273681260283;46.5376519332151;4;3;4_3;0.03130353133487288;1;;brak;
92.86369541580292;46.54406431050688;4;3;4_3;0.033272369430653544;1;;brak;
99.49361032828584;53.186803977572936;4;3;4_3;0.03605672696782331;1;;brak;
106.12993761806048;53.19321635486472;4;3;4_3;0.038025565063603974;1;;brak;
112.7598525305434;59.83595602193122;4;3;4_3;0.04080992260077383;1;;brak;
119.39617982031804;59.842368399223005;4;3;4_3;0.0427787606965545;1;;brak;
126.02609473280096;66.48510806628929;4;3;4_3;0.04556311823372432;1;;brak;
132.66242202257558;66.49152044358107;4;3;4_3;0.04753195632950498;1;;brak;
139.29233693505853;73.13426011064735;4;3;4_3;0.050316313866674796;1;;brak;
145.92866422483314;73.14067248793913;4;3;4_3;0.05228515196245545;1;;brak;
152.5585791373161;79.78341215500541;4;3;4_3;0.055069509499625274;1;;brak;
159.1949064270907;79.78982453229719;4;3;4_3;0.05703834759540593;1;;brak;
165.8248213395737;86.43256419936347;4;3;4_3;0.05982270513257577;1;;brak;
172.46114862934837;86.43897657665502;4;3;4_3;0.06179154322835644;1;;brak;
179.09106354183126;93.08171624372152;4;3;4_3;0.06457590076552629;1;;brak;
185.72739083160596;93.08812862101333;4;3;4_3;0.06654473886130698;1;;brak;
192.3573057440888;99.73086828807982;4;3;4_3;0.06932909639847681;1;;brak;
198.9936330338635;99.73728066537136;4;3;4_3;0.0712979344942575;1;;brak;
205.6235479463464;106.38002033243764;4;3;4_3;0.0740822920314273;1;;brak;
212.25987523612105;106.38643270972943;4;3;4_3;0.07605113012720796;1;;brak;
218.88979014860396;113.02917237679594;4;3;4_3;0.07883548766437783;1;;brak;
225.5261174383786;113.0355847540875;4;3;4_3;0.0808043257601585;1;;brak;
232.1560323508615;119.678324421154;4;3;4_3;0.08358868329732835;1;;brak;
238.78594726334444;126.32106408822028;4;3;4_3;0.08637304083449816;1;;brak;
245.42227455311908;126.32747646551206;4;3;4_3;0.08834187893027884;1;;brak;
252.0521894656019;132.97021613257834;4;3;4_3;0.09112623646744863;1;;brak;
258.6885167553765;132.97662850987012;4;3;4_3;0.09309507456322927;1;;brak;
265.3184316678595;139.6193681769364;4;3;4_3;0.0958794321003991;1;;brak;
271.9547589576342;139.6257805542282;4;3;4_3;0.0978482701961798;1;;brak;
278.58467387011706;146.26852022129447;4;3;4_3;0.10063262773334959;2;;brak;
285.22100115989167;146.27493259858625;4;3;4_3;0.10260146582913024;2;;brak;
291.8509160723746;152.91767226565275;4;3;4_3;0.1053858233663001;2;;brak;
298.48724336214934;152.92408464294454;4;3;4_3;0.1073546614620808;2;;brak;
305.1171582746322;159.5668243100106;4;3;4_3;0.11013901899925055;2;;brak;
311.7534855644068;159.57323668730237;4;3;4_3;0.11210785709503121;2;;brak;
318.3898128541814;159.57964906459415;4;3;4_3;0.11407669519081186;2;;brak;
325.01972776666446;166.22238873166066;4;3;4_3;0.11686105272798175;2;;brak;
331.6560550564391;166.2288011089522;4;3;4_3;0.1188298908237624;2;;brak;
338.2923823462137;166.235213486244;4;3;4_3;0.12079872891954305;2;;brak;
344.9222972586965;172.8779531533105;4;3;4_3;0.1235830864567129;2;;brak;
351.55862454847124;172.88436553060228;4;3;4_3;0.1255519245524936;2;;brak;
358.1885394609542;179.52710519766833;4;3;4_3;0.12833628208966336;2;;brak;
364.818454373437;186.16984486473484;4;3;4_3;0.1311206396268332;2;;brak;
371.4547816632116;186.17625724202665;4;3;4_3;0.13308947772261384;2;;brak;
378.0846965756947;192.8189969090929;4;3;4_3;0.1358738352597837;2;;brak;
384.7210238654693;192.82540928638448;4;3;4_3;0.13784267335556433;2;;brak;
391.35093877795214;199.46814895345096;4;3;4_3;0.14062703089273418;2;;brak;
397.98726606772686;199.47456133074277;4;3;4_3;0.14259586898851487;2;;brak;
404.6235933575015;199.48097370803453;4;3;4_3;0.1445647070842955;2;;brak;
411.2535082699844;206.1237133751008;4;3;4_3;0.14734906462146533;2;;brak;
417.88983555975904;206.1301257523926;4;3;4_3;0.14931790271724601;2;;brak;
424.519750472242;212.77286541945887;4;3;4_3;0.15210226025441584;2;;brak;
431.1560777620166;212.77927779675065;4;3;4_3;0.1540710983501965;2;;brak;
437.78599267449954;219.42201746381693;4;3;4_3;0.15685545588736632;2;;brak;
444.4159075869824;226.06475713088344;4;3;4_3;0.15963981342453618;2;;brak;
451.0522348767571;226.0711695081752;4;3;4_3;0.16160865152031684;2;;brak;
457.68214978924;232.7139091752415;4;3;4_3;0.16439300905748666;2;;brak;
464.31847707901466;232.72032155253305;4;3;4_3;0.16636184715326732;2;;brak;
470.9483919914975;239.3630612195996;4;3;4_3;0.16914620469043717;2;;brak;
477.5847192812722;239.3694735968913;4;3;4_3;0.17111504278621786;2;;brak;
484.2146341937552;246.01221326395785;4;3;4_3;0.17389940032338774;2;;brak;
490.8509614835298;246.0186256412494;4;3;4_3;0.17586823841916838;2;;brak;
497.4808763960126;252.66136530831568;4;3;4_3;0.17865259595633817;2;;brak;
504.1172036857873;252.66777768560743;4;3;4_3;0.18062143405211883;2;;brak;
510.7471185982703;259.310517352674;4;3;4_3;0.1834057915892887;2;;brak;
517.3834458880449;259.3169297299655;4;3;4_3;0.1853746296850694;2;;brak;
524.0133608005277;265.9596693970318;4;3;4_3;0.1881589872222392;2;;brak;
530.6496880903024;265.9660817743236;4;3;4_3;0.19012782531801992;2;;brak;
537.2796030027854;272.6088214413901;4;3;4_3;0.19291218285518977;2;;brak;
543.91593029256;272.61523381868165;4;3;4_3;0.19488102095097043;2;;brak;
550.5522575823346;272.6216461959734;4;3;4_3;0.1968498590467511;2;;brak;
557.1821724948176;279.26438586303993;4;3;4_3;0.19963421658392094;2;;brak;
563.8184997845922;279.2707982403315;4;3;4_3;0.2016030546797016;3;4_3;SR_0_SM_0;0.08132207823088812
570.4484146970751;285.91353790739777;4;3;4_3;0.20438741221687143;3;4_3;SR_0_SM_0;0.08132207823088812
577.0847419868497;285.91995028468955;4;3;4_3;0.20635625031265206;3;4_3;SR_0_SM_0;0.08132207823088812
583.7146568993328;292.56268995175606;4;3;4_3;0.20914060784982194;3;4_3;SR_0_SM_0;0.08132207823088812
590.3509841891074;292.5691023290476;4;3;4_3;0.21110944594560263;3;4_3;SR_0_SM_0;0.08132207823088812
596.9808991015902;299.2118419961141;4;3;4_3;0.21389380348277248;3;4_3;SR_0_SM_0;0.08132207823088812
603.617226391365;299.2182543734059;4;3;4_3;0.21586264157855317;3;4_3;SR_0_SM_0;0.08132207823088812
610.2471413038479;305.8609940404722;4;3;4_3;0.218646999115723;3;4_3;SR_0_SM_0;0.08132207823088812
616.8834685936225;305.86740641776373;4;3;4_3;0.22061583721150366;3;4_3;SR_0_SM_0;0.08132207823088812
623.5133835061054;312.51014608483024;4;3;4_3;0.2234001947486735;3;4_3;SR_0_SM_0;0.08132207823088812
630.1497107958801;312.516558462122;4;3;4_3;0.22536903284445414;3;4_3;SR_0_SM_0;0.08132207823088812
636.779625708363;319.1592981291883;4;3;4_3;0.22815339038162397;3;4_3;SR_0_SM_0;0.08132207823088812
643.4159529981376;319.16571050647985;4;3;4_3;0.23012222847740463;3;4_3;SR_0_SM_0;0.08132207823088812
650.0458679106205;325.8084501735464;4;3;4_3;0.23290658601457448;3;4_3;SR_0_SM_0;0.08132207823088812
656.6757828231035;332.45118984061287;4;3;4_3;0.23569094355174436;3;4_3;SR_0_SM_0;0.08132207823088812
663.3121101128781;332.45760221790465;4;3;4_3;0.23765978164752502;3;4_3;SR_0_SM_0;0.08132207823088812
669.942025025361;339.1003418849707;4;3;4_3;0.2404441391846948;3;4_3;SR_0_SM_0;0.08132207823088812
676.5783523151356;339.1067542622625;4;3;4_3;0.24241297728047545;3;4_3;SR_0_SM_0;0.08132207823088812
683.2082672276186;345.749493929329;4;3;4_3;0.24519733481764533;3;4_3;SR_0_SM_0;0.08132207823088812
689.8445945173933;345.7559063066208;4;3;4_3;0.247166172913426;3;4_3;SR_0_SM_0;0.08132207823088812
696.4745094298761;352.39864597368705;4;3;4_3;0.2499505304505958;3;4_3;SR_0_SM_0;0.08132207823088812
703.1108367196507;352.40505835097883;4;3;4_3;0.2519193685463765;3;4_3;SR_0_SM_0;0.08132207823088812
709.7407516321338;359.0477980180451;4;3;4_3;0.2547037260835463;3;4_3;SR_0_SM_0;0.08132207823088812
716.3770789219084;359.0542103953369;4;3;4_3;0.256672564179327;3;4_3;SR_0_SM_0;0.08132207823088812
723.0069938343912;365.6969500624032;4;3;4_3;0.25945692171649676;3;4_3;SR_0_SM_0;0.08132207823088812
729.6433211241658;365.70336243969496;4;3;4_3;0.26142575981227745;3;4_3;SR_0_SM_0;0.08132207823088812
736.2732360366489;372.3461021067613;4;3;4_3;0.2642101173494472;3;4_3;SR_0_SM_0;0.08132207823088812
742.9095633264235;372.352514484053;4;3;4_3;0.2661789554452279;3;4_3;SR_0_SM_0;0.08132207823088812
749.5458906161981;372.35892686134457;4;3;4_3;0.2681477935410086;3;4_3;SR_0_SM_0;0.08132207823088812
756.1758055286809;379.0016665284111;4;3;4_3;0.2709321510781784;3;4_3;SR_0_SM_0;0.08132207823088812
762.8121328184557;379.00807890570286;4;3;4_3;0.2729009891739591;3;4_3;SR_0_SM_0;0.08132207823088812
769.4420477309384;385.65081857276937;4;3;4_3;0.27568534671112893;3;4_3;SR_0_SM_0;0.08132207823088812
776.0783750207131;385.6572309500609;4;3;4_3;0.2776541848069096;3;4_3;SR_0_SM_0;0.08132207823088812
782.7082899331963;392.2999706171272;4;3;4_3;0.2804385423440795;3;4_3;SR_0_SM_0;0.08132207823088812
789.3446172229708;392.306382994419;4;3;4_3;0.2824073804398601;3;4_3;SR_0_SM_0;0.08132207823088812
795.9745321354537;398.9491226614855;4;3;4_3;0.28519173797702996;3;4_3;SR_0_SM_0;0.08132207823088812
802.6108594252285;398.955535038777;4;3;4_3;0.28716057607281065;3;4_3;SR_0_SM_0;0.08132207823088812
809.2407743377112;405.5982747058436;4;3;4_3;0.2899449336099805;3;4_3;SR_0_SM_0;0.08132207823088812
815.8771016274859;405.6046870831353;4;3;4_3;0.2919137717057612;3;4_3;SR_0_SM_0;0.08132207823088812
822.5070165399688;412.2474267502016;4;3;4_3;0.29469812924293104;3;4_3;SR_0_SM_0;0.08132207823088812
829.1433438297433;412.2538391274932;4;3;4_3;0.2966669673387117;3;4_3;SR_0_SM_0;0.08132207823088812
835.7732587422265;418.8965787945597;4;3;4_3;0.29945132487588155;3;4_3;SR_0_SM_0;0.08132207823088812
842.409586032001;418.90299117185145;4;3;4_3;0.3014201629716622;4;4_3;SR_0_SM_0;0.1890795631825273
849.039500944484;425.5457308389177;4;3;4_3;0.304204520508832;4;4_3;SR_0_SM_0;0.1890795631825273
855.6758282342587;425.5521432162093;4;3;4_3;0.30617335860461264;4;4_3;SR_0_SM_0;0.1890795631825273
862.3057431467414;432.1948828832758;4;3;4_3;0.30895771614178247;4;4_3;SR_0_SM_0;0.1890795631825273
868.9420704365161;432.2012952605676;4;3;4_3;0.31092655423756316;4;4_3;SR_0_SM_0;0.1890795631825273
875.5719853489991;438.8440349276341;4;3;4_3;0.31371091177473304;4;4_3;SR_0_SM_0;0.1890795631825273
882.2083126387736;438.8504473049256;4;3;4_3;0.31567974987051367;4;4_3;SR_0_SM_0;0.1890795631825273
888.8382275512568;445.4931869719919;4;3;4_3;0.3184641074076835;4;4_3;SR_0_SM_0;0.1890795631825273
895.4745548410312;445.4995993492837;4;3;4_3;0.32043294550346413;4;4_3;SR_0_SM_0;0.1890795631825273
902.1044697535142;452.1423390163502;4;3;4_3;0.323217303040634;4;4_3;SR_0_SM_0;0.1890795631825273
908.7407970432888;452.14875139364176;4;3;4_3;0.32518614113641464;4;4_3;SR_0_SM_0;0.1890795631825273
915.3707119557716;458.79149106070827;4;3;4_3;0.32797049867358447;4;4_3;SR_0_SM_0;0.1890795631825273
922.0006268682546;465.43423072777455;4;3;4_3;0.3307548562107543;4;4_3;SR_0_SM_0;0.1890795631825273
928.6369541580292;465.44064310506633;4;3;4_3;0.33272369430653503;4;4_3;SR_0_SM_0;0.1890795631825273
935.2668690705124;472.0833827721326;4;3;4_3;0.33550805184370486;4;4_3;SR_0_SM_0;0.1890795631825273
941.903196360287;472.0897951494244;4;3;4_3;0.33747688993948555;4;4_3;SR_0_SM_0;0.1890795631825273
948.5331112727696;478.7325348164909;4;3;4_3;0.34026124747665526;4;4_3;SR_0_SM_0;0.1890795631825273
955.1694385625444;478.7389471937827;4;3;4_3;0.342230085572436;4;4_3;SR_0_SM_0;0.1890795631825273
961.7993534750274;485.38168686084873;4;3;4_3;0.34501444310960583;4;4_3;SR_0_SM_0;0.1890795631825273
968.435680764802;485.3880992381405;4;3;4_3;0.3469832812053865;4;4_3;SR_0_SM_0;0.1890795631825273
975.0720080545766;485.3945116154323;4;3;4_3;0.34895211930116715;4;4_3;SR_0_SM_0;0.1890795631825273
981.7019229670595;492.0372512824986;4;3;4_3;0.351736476838337;4;4_3;SR_0_SM_0;0.1890795631825273
988.338250256834;492.0436636597904;4;3;4_3;0.35370531493411755;4;4_3;SR_0_SM_0;0.1890795631825273
994.9681651693172;498.68640332685663;4;3;4_3;0.3564896724712875;4;4_3;SR_0_SM_0;0.1890795631825273
1001.6044924590916;498.6928157041484;4;3;4_3;0.358458510567068;4;4_3;SR_0_SM_0;0.1890795631825273
1008.2344073715748;505.3355553712147;4;3;4_3;0.36124286810423784;4;4_3;SR_0_SM_0;0.1890795631825273
1014.8707346613494;505.3419677485065;4;3;4_3;0.3632117062000185;4;4_3;SR_0_SM_0;0.1890795631825273
1021.500649573832;511.984707415573;4;3;4_3;0.3659960637371883;4;4_3;SR_0_SM_0;0.1890795631825273
1028.1369768636068;511.9911197928648;4;3;4_3;0.36796490183296904;4;4_3;SR_0_SM_0;0.1890795631825273
1034.7668917760898;518.6338594599308;4;3;4_3;0.3707492593701388;4;4_3;SR_0_SM_0;0.1890795631825273
1041.4032190658645;518.6402718372226;4;3;4_3;0.3727180974659195;4;4_3;SR_0_SM_0;0.1890795631825273
1048.0331339783477;525.2830115042891;4;3;4_3;0.3755024550030894;4;4_3;SR_0_SM_0;0.1890795631825273
1054.6694612681222;525.2894238815809;4;3;4_3;0.37747129309887006;4;4_3;SR_0_SM_0;0.1890795631825273
1061.299376180605;531.9321635486472;4;3;4_3;0.38025565063603983;4;4_3;SR_0_SM_0;0.1890795631825273
1067.9357034703796;531.938575925939;4;3;4_3;0.38222448873182047;4;4_3;SR_0_SM_0;0.1890795631825273
1074.5656183828623;538.5813155930052;4;3;4_3;0.3850088462689903;4;4_3;SR_0_SM_0;0.1890795631825273
1081.201945672637;538.587727970297;4;3;4_3;0.38697768436477104;4;4_3;SR_0_SM_0;0.1890795631825273
1087.83186058512;545.2304676373633;4;3;4_3;0.38976204190194086;4;4_3;SR_0_SM_0;0.1890795631825273
1094.4681878748945;545.2368800146551;4;3;4_3;0.39173087999772144;4;4_3;SR_0_SM_0;0.1890795631825273
1101.0981027873777;551.8796196817214;4;3;4_3;0.39451523753489126;4;4_3;SR_0_SM_0;0.1890795631825273
1107.7344300771524;551.8860320590131;4;3;4_3;0.39648407563067195;4;4_3;SR_0_SM_0;0.1890795631825273
1114.3643449896351;558.5287717260794;4;3;4_3;0.3992684331678417;4;4_3;SR_0_SM_0;0.1890795631825273
1121.00067227941;558.5351841033712;4;3;4_3;0.4012372712636225;5;4_3;SR_0_SM_0;0.24099836333878888
1127.6305871918926;565.1779237704377;4;3;4_3;0.40402162880079223;5;4_3;SR_0_SM_0;0.24099836333878888
1134.2605021043755;571.820663437504;4;3;4_3;0.40680598633796206;5;4_3;SR_0_SM_0;0.24099836333878888
1140.8968293941502;571.8270758147955;4;3;4_3;0.4087748244337428;5;4_3;SR_0_SM_0;0.24099836333878888
1147.5267443066332;578.469815481862;4;3;4_3;0.4115591819709126;5;4_3;SR_0_SM_0;0.24099836333878888
1154.163071596408;578.4762278591538;4;3;4_3;0.41352802006669337;5;4_3;SR_0_SM_0;0.24099836333878888
1160.7929865088909;585.1189675262203;4;3;4_3;0.4163123776038632;5;4_3;SR_0_SM_0;0.24099836333878888
1167.4293137986654;585.1253799035119;4;3;4_3;0.41828121569964377;5;4_3;SR_0_SM_0;0.24099836333878888
1174.0592287111483;591.7681195705782;4;3;4_3;0.4210655732368136;5;4_3;SR_0_SM_0;0.24099836333878888
1180.6955560009228;591.77453194787;4;3;4_3;0.42303441133259423;5;4_3;SR_0_SM_0;0.24099836333878888
1187.3318832906975;591.7809443251617;4;3;4_3;0.4250032494283749;5;4_3;SR_0_SM_0;0.24099836333878888
1193.9617982031805;598.423683992228;4;3;4_3;0.42778760696554474;5;4_3;SR_0_SM_0;0.24099836333878888
1200.598125492955;598.4300963695198;4;3;4_3;0.42975644506132543;5;4_3;SR_0_SM_0;0.24099836333878888
1207.2280404054382;605.0728360365861;4;3;4_3;0.4325408025984953;5;4_3;SR_0_SM_0;0.24099836333878888
1213.8643676952129;605.0792484138778;4;3;4_3;0.4345096406942759;5;4_3;SR_0_SM_0;0.24099836333878888
1220.4942826076956;611.7219880809441;4;3;4_3;0.4372939982314457;5;4_3;SR_0_SM_0;0.24099836333878888
1227.1306098974703;611.7284004582359;4;3;4_3;0.43926283632722646;5;4_3;SR_0_SM_0;0.24099836333878888
1233.7605248099533;618.3711401253024;4;3;4_3;0.4420471938643963;5;4_3;SR_0_SM_0;0.24099836333878888
1240.3968520997278;618.3775525025942;4;3;4_3;0.44401603196017686;5;4_3;SR_0_SM_0;0.24099836333878888
1247.0267670122107;625.0202921696603;4;3;4_3;0.4468003894973467;5;4_3;SR_0_SM_0;0.24099836333878888
1253.6630943019852;625.026704546952;4;3;4_3;0.44876922759312726;5;4_3;SR_0_SM_0;0.24099836333878888
1260.2930092144684;631.6694442140185;4;3;4_3;0.45155358513029725;5;4_3;SR_0_SM_0;0.24099836333878888
1266.929336504243;631.6758565913103;4;3;4_3;0.45352242322607783;5;4_3;SR_0_SM_0;0.24099836333878888
1273.5592514167258;638.3185962583766;4;3;4_3;0.45630678076324765;5;4_3;SR_0_SM_0;0.24099836333878888
1280.1955787065006;638.3250086356684;4;3;4_3;0.4582756188590283;5;4_3;SR_0_SM_0;0.24099836333878888
1286.8254936189835;644.9677483027347;4;3;4_3;0.4610599763961981;5;4_3;SR_0_SM_0;0.24099836333878888
1293.461820908758;644.9741606800264;4;3;4_3;0.4630288144919788;5;4_3;SR_0_SM_0;0.24099836333878888
1300.091735821241;651.6169003470927;4;3;4_3;0.4658131720291486;5;4_3;SR_0_SM_0;0.24099836333878888
1306.7280631110154;651.6233127243845;4;3;4_3;0.4677820101249292;5;4_3;SR_0_SM_0;0.24099836333878888
1313.3579780234986;658.266052391451;4;3;4_3;0.4705663676620992;5;4_3;SR_0_SM_0;0.24099836333878888
1319.9943053132731;658.2724647687428;4;3;4_3;0.4725352057578798;5;4_3;SR_0_SM_0;0.24099836333878888
1326.624220225756;664.9152044358088;4;3;4_3;0.47531956329504954;5;4_3;SR_0_SM_0;0.24099836333878888
1333.2605475155308;664.9216168131006;4;3;4_3;0.4772884013908302;5;4_3;SR_0_SM_0;0.24099836333878888
1339.8904624280135;671.5643564801671;4;3;4_3;0.480072758928;5;4_3;SR_0_SM_0;0.24099836333878888
1346.5203773404965;678.2070961472334;4;3;4_3;0.4828571164651698;5;4_3;SR_0_SM_0;0.24099836333878888
1353.1567046302712;678.213508524525;4;3;4_3;0.48482595456095057;5;4_3;SR_0_SM_0;0.24099836333878888
1359.786619542754;684.8562481915915;4;3;4_3;0.4876103120981204;5;4_3;SR_0_SM_0;0.24099836333878888
1366.4229468325289;684.8626605688833;4;3;4_3;0.48957915019390114;5;4_3;SR_0_SM_0;0.24099836333878888
1373.0528617450118;691.5054002359495;4;3;4_3;0.4923635077310709;5;4_3;SR_0_SM_0;0.24099836333878888
1379.6891890347863;691.5118126132413;4;3;4_3;0.4943323458268516;5;4_3;SR_0_SM_0;0.24099836333878888
1386.325516324561;691.5182249905331;4;3;4_3;0.4963011839226323;5;4_3;SR_0_SM_0;0.24099836333878888
1392.955431237044;698.1609646575994;4;3;4_3;0.4990855414598021;5;4_3;SR_0_SM_0;0.24099836333878888
1399.5917585268185;698.1673770348909;4;3;4_3;0.5010543795555827;6;4_3;SR_0_SM_0;0.4176824996497127
1406.2216734393016;704.8101167019574;4;3;4_3;0.5038387370927526;6;4_3;SR_0_SM_0;0.4176824996497127
1412.858000729076;704.8165290792492;4;3;4_3;0.5058075751885333;6;4_3;SR_0_SM_0;0.4176824996497127
1419.487915641559;711.4592687463157;4;3;4_3;0.5085919327257031;6;4_3;SR_0_SM_0;0.4176824996497127
1426.1242429313338;711.4656811236073;4;3;4_3;0.5105607708214838;6;4_3;SR_0_SM_0;0.4176824996497127
1432.7541578438163;718.1084207906736;4;3;4_3;0.5133451283586534;6;4_3;SR_0_SM_0;0.4176824996497127
1439.3904851335913;718.1148331679653;4;3;4_3;0.5153139664544343;6;4_3;SR_0_SM_0;0.4176824996497127
1446.0204000460742;724.7575728350319;4;3;4_3;0.5180983239916042;6;4_3;SR_0_SM_0;0.4176824996497127
1452.6567273358487;724.7639852123234;4;3;4_3;0.5200671620873848;6;4_3;SR_0_SM_0;0.4176824996497127
1459.286642248332;731.4067248793897;4;3;4_3;0.5228515196245547;6;4_3;SR_0_SM_0;0.4176824996497127
1465.9229695381066;731.4131372566815;4;3;4_3;0.5248203577203353;6;4_3;SR_0_SM_0;0.4176824996497127
1472.552884450589;738.055876923748;4;3;4_3;0.5276047152575051;6;4_3;SR_0_SM_0;0.4176824996497127
1479.189211740364;738.0622893010395;4;3;4_3;0.5295735533532858;6;4_3;SR_0_SM_0;0.4176824996497127
1485.8191266528468;744.705028968106;4;3;4_3;0.5323579108904556;6;4_3;SR_0_SM_0;0.4176824996497127
1492.4554539426215;744.7114413453978;4;3;4_3;0.5343267489862363;6;4_3;SR_0_SM_0;0.4176824996497127
1499.0853688551044;751.3541810124641;4;3;4_3;0.5371111065234061;6;4_3;SR_0_SM_0;0.4176824996497127
1505.721696144879;751.3605933897556;4;3;4_3;0.5390799446191867;6;4_3;SR_0_SM_0;0.4176824996497127
1512.351611057362;758.0033330568222;4;3;4_3;0.5418643021563566;6;4_3;SR_0_SM_0;0.4176824996497127
1518.9879383471368;758.0097454341139;4;3;4_3;0.5438331402521374;6;4_3;SR_0_SM_0;0.4176824996497127
1525.6178532596196;764.6524851011804;4;3;4_3;0.5466174977893072;6;4_3;SR_0_SM_0;0.4176824996497127
1532.2541805493945;764.658897478472;4;3;4_3;0.548586335885088;6;4_3;SR_0_SM_0;0.4176824996497127
1538.884095461877;771.3016371455383;4;3;4_3;0.5513706934222576;6;4_3;SR_0_SM_0;0.4176824996497127
1545.5204227516515;771.3080495228301;4;3;4_3;0.5533395315180384;6;4_3;SR_0_SM_0;0.4176824996497127
1552.150337664135;777.9507891898966;4;3;4_3;0.5561238890552083;6;4_3;SR_0_SM_0;0.4176824996497127
1558.7802525766176;784.5935288569626;4;3;4_3;0.558908246592378;6;4_3;SR_0_SM_0;0.4176824996497127
1565.4165798663923;784.5999412342544;4;3;4_3;0.5608770846881588;6;4_3;SR_0_SM_0;0.4176824996497127
1572.0464947788753;791.2426809013209;4;3;4_3;0.5636614422253285;6;4_3;SR_0_SM_0;0.4176824996497127
1578.6828220686498;791.2490932786127;4;3;4_3;0.5656302803211092;6;4_3;SR_0_SM_0;0.4176824996497127
1585.3127369811327;797.891832945679;4;3;4_3;0.5684146378582791;6;4_3;SR_0_SM_0;0.4176824996497127
1591.9490642709072;797.8982453229708;4;3;4_3;0.5703834759540597;6;4_3;SR_0_SM_0;0.4176824996497127
1598.585391560682;797.9046577002625;4;3;4_3;0.5723523140498403;6;4_3;SR_0_SM_0;0.4176824996497127
1605.215306473165;804.5473973673288;4;3;4_3;0.5751366715870102;6;4_3;SR_0_SM_0;0.4176824996497127
1611.8452213856478;811.1901370343951;4;3;4_3;0.57792102912418;6;4_3;SR_0_SM_0;0.4176824996497127
1618.4751362981308;817.8328767014616;4;3;4_3;0.5807053866613499;6;4_3;SR_0_SM_0;0.4176824996497127
1625.1050512106135;824.4756163685279;4;3;4_3;0.5834897441985196;6;4_3;SR_0_SM_0;0.4176824996497127
1625.098638833322;831.1119436583026;4;3;4_3;0.5854585822943003;6;4_3;SR_0_SM_0;0.4176824996497127
1631.728553745805;837.7546833253689;4;3;4_3;0.5882429398314701;6;4_3;SR_0_SM_0;0.4176824996497127
1631.7221413685131;844.3910106151436;4;3;4_3;0.5902117779272509;6;4_3;SR_0_SM_0;0.4176824996497127
1631.715728991221;851.0273379049183;4;3;4_3;0.5921806160230315;6;4_3;SR_0_SM_0;0.4176824996497127
1631.7093166139296;857.6636651946928;4;3;4_3;0.5941494541188121;6;4_3;SR_0_SM_0;0.4176824996497127
1631.702904236638;864.2999924844676;4;3;4_3;0.5961182922145929;6;4_3;SR_0_SM_0;0.4176824996497127
1625.0601645695715;870.9299073969505;4;3;4_3;0.5989026497517628;6;4_3;SR_0_SM_0;0.4176824996497127
1625.05375219228;877.566234686725;4;3;4_3;0.6008714878475433;7;4_3;SR_1_SM_0;0.17536047497879556
1625.0473398149882;884.2025619764997;4;3;4_3;0.602840325943324;7;4_3;SR_1_SM_0;0.17536047497879556
1625.0409274376966;890.8388892662745;4;3;4_3;0.6048091640391047;7;4_3;SR_1_SM_0;0.17536047497879556
1625.0345150604048;897.475216556049;4;3;4_3;0.6067780021348853;7;4_3;SR_1_SM_0;0.17536047497879556
1618.3917753933383;904.105131468532;4;3;4_3;0.6095623596720551;7;4_3;SR_1_SM_0;0.17536047497879556
1618.3853630160463;910.7414587583064;4;3;4_3;0.6115311977678357;7;4_3;SR_1_SM_0;0.17536047497879556
1618.378950638755;917.3777860480812;4;3;4_3;0.6135000358636166;7;4_3;SR_1_SM_0;0.17536047497879556
1618.3725382614632;924.0141133378556;4;3;4_3;0.6154688739593972;7;4_3;SR_1_SM_0;0.17536047497879556
1618.3661258841714;930.6504406276304;4;3;4_3;0.6174377120551777;7;4_3;SR_1_SM_0;0.17536047497879556
1611.723386217105;937.2803555401134;4;3;4_3;0.6202220695923477;7;4_3;SR_1_SM_0;0.17536047497879556
1611.7169738398134;943.916682829888;4;3;4_3;0.6221909076881283;7;4_3;SR_1_SM_0;0.17536047497879556
1605.074234172747;950.5465977423707;4;3;4_3;0.6249752652252981;7;4_3;SR_1_SM_0;0.17536047497879556
1605.0678217954553;957.1829250321456;4;3;4_3;0.6269441033210789;7;4_3;SR_1_SM_0;0.17536047497879556
1598.4250821283888;963.8128399446284;4;3;4_3;0.6297284608582486;7;4_3;SR_1_SM_0;0.17536047497879556
1598.4186697510972;970.4491672344031;4;3;4_3;0.6316972989540294;7;4_3;SR_1_SM_0;0.17536047497879556
1598.4122573738057;977.0854945241778;4;3;4_3;0.63366613704981;7;4_3;SR_1_SM_0;0.17536047497879556
1598.4058449965137;983.7218218139524;4;3;4_3;0.6356349751455908;7;4_3;SR_1_SM_0;0.17536047497879556
1591.7631053294472;990.3517367264352;4;3;4_3;0.6384193326827605;7;4_3;SR_1_SM_0;0.17536047497879556
1585.1203656623811;996.9816516389184;4;3;4_3;0.6412036902199303;7;4_3;SR_1_SM_0;0.17536047497879556
1585.113953285089;1003.6179789286928;4;3;4_3;0.6431725283157108;7;4_3;SR_1_SM_0;0.17536047497879556
1578.4712136180228;1010.2478938411758;4;3;4_3;0.6459568858528807;7;4_3;SR_1_SM_0;0.17536047497879556
1571.8284739509563;1016.8778087536588;4;3;4_3;0.6487412433900506;7;4_3;SR_1_SM_0;0.17536047497879556
1571.822061573665;1023.5141360434334;4;3;4_3;0.6507100814858312;7;4_3;SR_1_SM_0;0.17536047497879556
1571.8156491963732;1030.150463333208;4;3;4_3;0.652678919581612;7;4_3;SR_1_SM_0;0.17536047497879556
1565.1729095293067;1036.780378245691;4;3;4_3;0.6554632771187818;7;4_3;SR_1_SM_0;0.17536047497879556
1558.5301698622402;1043.410293158174;4;3;4_3;0.6582476346559516;7;4_3;SR_1_SM_0;0.17536047497879556
1558.5237574849486;1050.0466204479485;4;3;4_3;0.6602164727517323;7;4_3;SR_1_SM_0;0.17536047497879556
1558.5173451076569;1056.682947737723;4;3;4_3;0.662185310847513;7;4_3;SR_1_SM_0;0.17536047497879556
1551.8746054405906;1063.312862650206;4;3;4_3;0.6649696683846827;7;4_3;SR_1_SM_0;0.17536047497879556
1545.231865773524;1069.942777562689;4;3;4_3;0.6677540259218525;7;4_3;SR_1_SM_0;0.17536047497879556
1545.2254533962323;1076.5791048524636;4;3;4_3;0.6697228640176333;7;4_3;SR_1_SM_0;0.17536047497879556
1545.2190410189407;1083.2154321422383;4;3;4_3;0.671691702113414;7;4_3;SR_1_SM_0;0.17536047497879556
1545.212628641649;1089.851759432013;4;3;4_3;0.6736605402091946;7;4_3;SR_1_SM_0;0.17536047497879556
1538.5698889745825;1096.4816743444958;4;3;4_3;0.6764448977463644;7;4_3;SR_1_SM_0;0.17536047497879556
1531.9271493075164;1103.1115892569787;4;3;4_3;0.6792292552835343;7;4_3;SR_1_SM_0;0.17536047497879556
1531.9207369302246;1109.7479165467537;4;3;4_3;0.681198093379315;7;4_3;SR_1_SM_0;0.17536047497879556
1531.9143245529328;1116.384243836528;4;3;4_3;0.6831669314750956;7;4_3;SR_1_SM_0;0.17536047497879556
1525.2715848858666;1123.014158749011;4;3;4_3;0.6859512890122654;7;4_3;SR_1_SM_0;0.17536047497879556
1518.6288452188005;1129.6440736614938;4;3;4_3;0.6887356465494351;7;4_3;SR_1_SM_0;0.17536047497879556
1518.6224328415085;1136.2804009512686;4;3;4_3;0.6907044846452158;7;4_3;SR_1_SM_0;0.17536047497879556
1518.6160204642167;1142.9167282410433;4;3;4_3;0.6926733227409966;7;4_3;SR_1_SM_0;0.17536047497879556
1511.9732807971504;1149.546643153526;4;3;4_3;0.6954576802781663;7;4_3;SR_1_SM_0;0.17536047497879556
1505.330541130084;1156.176558066009;4;3;4_3;0.6982420378153362;7;4_3;SR_1_SM_0;0.17536047497879556
1505.324128752792;1162.8128853557837;4;3;4_3;0.7002108759111169;8;4_3;SR_0_SM_0;0.792330383480826
1498.681389085726;1169.4428002682664;4;3;4_3;0.7029952334482865;8;4_3;SR_0_SM_0;0.792330383480826
1498.6749767084343;1176.0791275580411;4;3;4_3;0.7049640715440673;8;4_3;SR_0_SM_0;0.792330383480826
1492.0322370413678;1182.709042470524;4;3;4_3;0.707748429081237;8;4_3;SR_0_SM_0;0.792330383480826
1492.025824664076;1189.3453697602988;4;3;4_3;0.7097172671770178;8;4_3;SR_0_SM_0;0.792330383480826
1492.0194122867842;1195.9816970500735;4;3;4_3;0.7116861052727985;8;4_3;SR_0_SM_0;0.792330383480826
1485.376672619718;1202.6116119625565;4;3;4_3;0.7144704628099683;8;4_3;SR_0_SM_0;0.792330383480826
1478.7339329526517;1209.2415268750392;4;3;4_3;0.7172548203471382;8;4_3;SR_0_SM_0;0.792330383480826
1478.72752057536;1215.877854164814;4;3;4_3;0.7192236584429188;8;4_3;SR_0_SM_0;0.792330383480826
1478.721108198068;1222.5141814545884;4;3;4_3;0.7211924965386994;8;4_3;SR_0_SM_0;0.792330383480826
1472.0783685310018;1229.1440963670714;4;3;4_3;0.7239768540758692;8;4_3;SR_0_SM_0;0.792330383480826
1465.4356288639356;1235.7740112795543;4;3;4_3;0.726761211613039;8;4_3;SR_0_SM_0;0.792330383480826
1465.4292164866438;1242.410338569329;4;3;4_3;0.7287300497088197;8;4_3;SR_0_SM_0;0.792330383480826
1465.422804109352;1249.0466658591038;4;3;4_3;0.7306988878046005;8;4_3;SR_0_SM_0;0.792330383480826
1458.7800644422855;1255.6765807715865;4;3;4_3;0.7334832453417702;8;4_3;SR_0_SM_0;0.792330383480826
1452.1373247752192;1262.3064956840694;4;3;4_3;0.73626760287894;8;4_3;SR_0_SM_0;0.792330383480826
1452.1309123979274;1268.9428229738442;4;3;4_3;0.7382364409747206;8;4_3;SR_0_SM_0;0.792330383480826
1445.4881727308612;1275.5727378863269;4;3;4_3;0.7410207985118905;8;4_3;SR_0_SM_0;0.792330383480826
1445.4817603535696;1282.2090651761016;4;3;4_3;0.7429896366076711;8;4_3;SR_0_SM_0;0.792330383480826
1438.839020686503;1288.8389800885843;4;3;4_3;0.7457739941448409;8;4_3;SR_0_SM_0;0.792330383480826
1438.8326083092113;1295.4753073783593;4;3;4_3;0.7477428322406218;8;4_3;SR_0_SM_0;0.792330383480826
1438.8261959319195;1302.111634668134;4;3;4_3;0.7497116703364024;8;4_3;SR_0_SM_0;0.792330383480826
1432.1834562648532;1308.7415495806167;4;3;4_3;0.7524960278735722;8;4_3;SR_0_SM_0;0.792330383480826
1425.540716597787;1315.3714644931;4;3;4_3;0.755280385410742;8;4_3;SR_0_SM_0;0.792330383480826
1418.8979769307205;1322.0013794055826;4;3;4_3;0.7580647429479118;8;4_3;SR_0_SM_0;0.792330383480826
1418.891564553429;1328.637706695357;4;3;4_3;0.7600335810436926;8;4_3;SR_0_SM_0;0.792330383480826
1412.2488248863624;1335.26762160784;4;3;4_3;0.7628179385808624;8;4_3;SR_0_SM_0;0.792330383480826
1412.2424125090706;1341.9039488976148;4;3;4_3;0.7647867766766432;8;4_3;SR_0_SM_0;0.792330383480826
1412.2360001317788;1348.5402761873895;4;3;4_3;0.7667556147724237;8;4_3;SR_0_SM_0;0.792330383480826
1405.5932604647126;1355.1701910998725;4;3;4_3;0.7695399723095936;8;4_3;SR_0_SM_0;0.792330383480826
1398.9505207976465;1361.8001060123554;4;3;4_3;0.7723243298467634;8;4_3;SR_0_SM_0;0.792330383480826
1398.9441084203545;1368.43643330213;4;3;4_3;0.774293167942544;8;4_3;SR_0_SM_0;0.792330383480826
1392.3013687532882;1375.0663482146128;4;3;4_3;0.7770775254797138;8;4_3;SR_0_SM_0;0.792330383480826
1392.2949563759964;1381.7026755043871;4;3;4_3;0.7790463635754944;8;4_3;SR_0_SM_0;0.792330383480826
1385.6522167089302;1388.3325904168703;4;3;4_3;0.7818307211126642;8;4_3;SR_0_SM_0;0.792330383480826
1385.6458043316384;1394.968917706645;4;3;4_3;0.7837995592084449;8;4_3;SR_0_SM_0;0.792330383480826
1385.6393919543466;1401.6052449964195;4;3;4_3;0.7857683973042255;8;4_3;SR_0_SM_0;0.792330383480826
1378.99665228728;1408.2351599089027;4;3;4_3;0.7885527548413955;8;4_3;SR_0_SM_0;0.792330383480826
1372.353912620214;1414.8650748213856;4;3;4_3;0.7913371123785653;8;4_3;SR_0_SM_0;0.792330383480826
1372.3475002429225;1421.50140211116;4;3;4_3;0.7933059504743456;8;4_3;SR_0_SM_0;0.792330383480826
1372.3410878656305;1428.1377294009349;4;3;4_3;0.7952747885701265;8;4_3;SR_0_SM_0;0.792330383480826
1365.698348198564;1434.7676443134178;4;3;4_3;0.7980591461072963;8;4_3;SR_0_SM_0;0.792330383480826
1359.0556085314977;1441.3975592259007;4;3;4_3;0.8008435036444661;9;4_3;SR_1_SM_0;0.4924012158054711
1359.049196154206;1448.0338865156752;4;3;4_3;0.8028123417402467;9;4_3;SR_1_SM_0;0.4924012158054711
1359.042783776914;1454.67021380545;4;3;4_3;0.8047811798360276;9;4_3;SR_1_SM_0;0.4924012158054711
1359.0363713996223;1461.3065410952247;4;3;4_3;0.8067500179318082;9;4_3;SR_1_SM_0;0.4924012158054711
1352.3936317325563;1467.9364560077076;4;3;4_3;0.809534375468978;9;4_3;SR_1_SM_0;0.4924012158054711
1352.3872193552645;1474.572783297482;4;3;4_3;0.8115032135647586;9;4_3;SR_1_SM_0;0.4924012158054711
1352.3808069779727;1481.2091105872569;4;3;4_3;0.8134720516605393;9;4_3;SR_1_SM_0;0.4924012158054711
1345.7380673109062;1487.8390254997396;4;3;4_3;0.816256409197709;9;4_3;SR_1_SM_0;0.4924012158054711
1345.731654933615;1494.4753527895143;4;3;4_3;0.8182252472934899;9;4_3;SR_1_SM_0;0.4924012158054711
1345.7252425563229;1501.111680079289;4;3;4_3;0.8201940853892705;9;4_3;SR_1_SM_0;0.4924012158054711
1345.718830179031;1507.7480073690638;4;3;4_3;0.8221629234850512;9;4_3;SR_1_SM_0;0.4924012158054711
1345.7124178017395;1514.3843346588385;4;3;4_3;0.824131761580832;9;4_3;SR_1_SM_0;0.4924012158054711
1345.7060054244478;1521.020661948613;4;3;4_3;0.8261005996766125;9;4_3;SR_1_SM_0;0.4924012158054711
1345.699593047156;1527.6569892383875;4;3;4_3;0.8280694377723931;9;4_3;SR_1_SM_0;0.4924012158054711
1345.6931806698642;1534.2933165281622;4;3;4_3;0.8300382758681738;9;4_3;SR_1_SM_0;0.4924012158054711
1339.0504410027982;1540.9232314406452;4;3;4_3;0.8328226334053436;9;4_3;SR_1_SM_0;0.4924012158054711
1339.0440286255064;1547.55955873042;4;3;4_3;0.8347914715011242;9;4_3;SR_1_SM_0;0.4924012158054711
1345.673943537989;1554.2022983974862;4;3;4_3;0.837575829038294;9;4_3;SR_1_SM_0;0.4924012158054711
1345.6675311606973;1560.838625687261;4;3;4_3;0.8395446671340747;9;4_3;SR_1_SM_0;0.4924012158054711
1352.2974460731805;1567.4813653543272;4;3;4_3;0.8423290246712446;9;4_3;SR_1_SM_0;0.4924012158054711
1352.2910336958887;1574.117692644102;4;3;4_3;0.8442978627670253;9;4_3;SR_1_SM_0;0.4924012158054711
1358.9209486083714;1580.7604323111682;4;3;4_3;0.847082220304195;9;4_3;SR_1_SM_0;0.4924012158054711
1365.5508635208544;1587.4031719782345;4;3;4_3;0.8498665778413648;9;4_3;SR_1_SM_0;0.4924012158054711
1372.187190810629;1587.4095843555262;4;3;4_3;0.8518354159371455;9;4_3;SR_1_SM_0;0.4924012158054711
1378.817105723112;1594.0523240225928;4;3;4_3;0.8546197734743154;9;4_3;SR_1_SM_0;0.4924012158054711
1385.4534330128868;1594.0587363998843;4;3;4_3;0.8565886115700961;9;4_3;SR_1_SM_0;0.4924012158054711
1392.0833479253697;1600.7014760669506;4;3;4_3;0.8593729691072659;9;4_3;SR_1_SM_0;0.4924012158054711
1398.7196752151442;1600.7078884442424;4;3;4_3;0.8613418072030465;9;4_3;SR_1_SM_0;0.4924012158054711
1405.3495901276272;1607.3506281113089;4;3;4_3;0.8641261647402163;9;4_3;SR_1_SM_0;0.4924012158054711
1411.9859174174017;1607.357040488601;4;3;4_3;0.866095002835997;9;4_3;SR_1_SM_0;0.4924012158054711
1418.6158323298846;1613.999780155667;4;3;4_3;0.8688793603731667;9;4_3;SR_1_SM_0;0.4924012158054711
1425.252159619659;1614.0061925329585;4;3;4_3;0.8708481984689475;9;4_3;SR_1_SM_0;0.4924012158054711
1431.8820745321425;1620.648932200025;4;3;4_3;0.8736325560061173;9;4_3;SR_1_SM_0;0.4924012158054711
1438.518401821917;1620.6553445773168;4;3;4_3;0.8756013941018981;9;4_3;SR_1_SM_0;0.4924012158054711
1445.1483167344;1627.298084244383;4;3;4_3;0.8783857516390678;9;4_3;SR_1_SM_0;0.4924012158054711
1451.7846440241744;1627.3044966216748;4;3;4_3;0.8803545897348485;9;4_3;SR_1_SM_0;0.4924012158054711
1458.4145589366574;1633.9472362887411;4;3;4_3;0.8831389472720182;9;4_3;SR_1_SM_0;0.4924012158054711
1465.050886226432;1633.953648666033;4;3;4_3;0.885107785367799;9;4_3;SR_1_SM_0;0.4924012158054711
1471.6808011389148;1640.5963883330992;4;3;4_3;0.8878921429049687;9;4_3;SR_1_SM_0;0.4924012158054711
1478.3171284286896;1640.602800710391;4;3;4_3;0.8898609810007494;9;4_3;SR_1_SM_0;0.4924012158054711
1484.9470433411725;1647.2455403774572;4;3;4_3;0.8926453385379193;9;4_3;SR_1_SM_0;0.4924012158054711
1491.5833706309472;1647.251952754749;4;3;4_3;0.8946141766337;9;4_3;SR_1_SM_0;0.4924012158054711
1498.2132855434302;1653.8946924218155;4;3;4_3;0.8973985341708698;9;4_3;SR_1_SM_0;0.4924012158054711
1504.849612833205;1653.901104799107;4;3;4_3;0.8993673722666505;9;4_3;SR_1_SM_0;0.4924012158054711
1511.4795277456876;1660.5438444661736;4;3;4_3;0.9021517298038203;10;4_3;SR_0_SM_0;1.0
1518.1158550354623;1660.5502568434651;4;3;4_3;0.9041205678996009;10;4_3;SR_0_SM_0;1.0
1524.745769947945;1667.1929965105317;4;3;4_3;0.9069049254367708;10;4_3;SR_0_SM_0;1.0
1531.3820972377198;1667.1994088878234;4;3;4_3;0.9088737635325514;10;4_3;SR_0_SM_0;1.0
1538.0120121502027;1673.8421485548895;4;3;4_3;0.9116581210697213;10;4_3;SR_0_SM_0;1.0
1544.6483394399777;1673.8485609321815;4;3;4_3;0.9136269591655021;10;4_3;SR_0_SM_0;1.0
1551.2782543524604;1680.4913005992478;4;3;4_3;0.9164113167026718;10;4_3;SR_0_SM_0;1.0
1557.914581642235;1680.4977129765396;4;3;4_3;0.9183801547984525;10;4_3;SR_0_SM_0;1.0
1564.544496554718;1687.1404526436058;4;3;4_3;0.9211645123356222;10;4_3;SR_0_SM_0;1.0
1571.1808238444926;1687.1468650208976;4;3;4_3;0.9231333504314029;10;4_3;SR_0_SM_0;1.0
1577.8107387569753;1693.789604687964;4;3;4_3;0.9259177079685728;10;4_3;SR_0_SM_0;1.0
1584.44706604675;1693.7960170652557;4;3;4_3;0.9278865460643534;10;4_3;SR_0_SM_0;1.0
1591.076980959233;1700.438756732322;4;3;4_3;0.9306709036015233;10;4_3;SR_0_SM_0;1.0
1597.7133082490077;1700.4451691096135;4;3;4_3;0.932639741697304;10;4_3;SR_0_SM_0;1.0
1604.3432231614906;1707.08790877668;4;3;4_3;0.9354240992344738;10;4_3;SR_0_SM_0;1.0
1610.9795504512651;1707.0943211539718;4;3;4_3;0.9373929373302544;10;4_3;SR_0_SM_0;1.0
1617.609465363748;1713.7370608210383;4;3;4_3;0.9401772948674242;10;4_3;SR_0_SM_0;1.0
1624.2457926535228;1713.74347319833;4;3;4_3;0.9421461329632049;10;4_3;SR_0_SM_0;1.0
1630.8757075660055;1720.3862128653964;4;3;4_3;0.9449304905003747;10;4_3;SR_0_SM_0;1.0
1637.5120348557805;1720.392625242688;4;3;4_3;0.9468993285961556;10;4_3;SR_0_SM_0;1.0
1644.1419497682632;1727.0353649097544;4;3;4_3;0.9496836861333253;10;4_3;SR_0_SM_0;1.0
1650.778277058038;1727.0417772870462;4;3;4_3;0.951652524229106;10;4_3;SR_0_SM_0;1.0
1657.4081919705209;1733.6845169541125;4;3;4_3;0.9544368817662757;10;4_3;SR_0_SM_0;1.0
1664.0445192602954;1733.6909293314045;4;3;4_3;0.9564057198620565;10;4_3;SR_0_SM_0;1.0
1670.6744341727783;1740.3336689984706;4;3;4_3;0.9591900773992261;10;4_3;SR_0_SM_0;1.0
1677.310761462553;1740.3400813757623;4;3;4_3;0.9611589154950069;10;4_3;SR_0_SM_0;1.0
1683.9406763750358;1746.9828210428286;4;3;4_3;0.9639432730321768;10;4_3;SR_0_SM_0;1.0
1690.5770036648105;1746.9892334201204;4;3;4_3;0.9659121111279575;10;4_3;SR_0_SM_0;1.0
1697.2069185772937;1753.631973087187;4;3;4_3;0.9686964686651273;10;4_3;SR_0_SM_0;1.0
1703.8432458670682;1753.6383854644785;4;3;4_3;0.9706653067609079;10;4_3;SR_0_SM_0;1.0
1710.473160779551;1760.2811251315447;4;3;4_3;0.9734496642980777;10;4_3;SR_0_SM_0;1.0
1717.1094880693256;1760.2875375088363;4;3;4_3;0.9754185023938584;10;4_3;SR_0_SM_0;1.0
1723.7394029818086;1766.9302771759028;4;3;4_3;0.9782028599310283;10;4_3;SR_0_SM_0;1.0
1730.3757302715833;1766.9366895531946;4;3;4_3;0.9801716980268088;10;4_3;SR_0_SM_0;1.0
1737.005645184066;1773.579429220261;4;3;4_3;0.9829560555639787;10;4_3;SR_0_SM_0;1.0
1743.6419724738407;1773.5858415975526;4;3;4_3;0.9849248936597594;10;4_3;SR_0_SM_0;1.0
1750.271887386324;1780.2285812646192;4;3;4_3;0.9877092511969292;10;4_3;SR_0_SM_0;1.0
1756.9018022988066;1786.8713209316854;4;3;4_3;0.9904936087340991;10;4_3;SR_0_SM_0;1.0
1763.5381295885811;1786.8777333089772;4;3;4_3;0.9924624468298796;10;4_3;SR_0_SM_0;1.0
1770.168044501064;1793.5204729760435;4;3;4_3;0.9952468043670495;10;4_3;SR_0_SM_0;1.0
1776.797959413547;1800.16321264311;4;3;4_3;0.9980311619042194;10;4_3;SR_0_SM_0;1.0
1783.4342867033215;1800.1696250204016;4;3;4_3;1.0;10;4_3;SR_0_SM_0;1.0
0.0;0.0;4;4;4_4;0.0;1;;brak;
6.63632728977467;0.006412377291781;4;4;4_4;0.001968838095780671;1;;brak;
13.266242202257558;6.6491520443582885;4;4;4_4;0.004753195632950526;1;;brak;
19.896157114740504;13.291891711424569;4;4;4_4;0.007537553170120346;1;;brak;
26.53248440451512;13.29830408871635;4;4;4_4;0.009506391265901002;1;;brak;
33.16239931699806;19.94104375578263;4;4;4_4;0.012290748803070822;1;;brak;
39.79231422948095;26.583783422849137;4;4;4_4;0.015075106340240677;1;;brak;
46.42864151925562;26.59019580014069;4;4;4_4;0.017043944436021346;1;;brak;
53.05855643173851;33.23293546720697;4;4;4_4;0.019828301973191156;1;;brak;
59.69488372151318;33.23934784449875;4;4;4_4;0.021797140068971824;1;;brak;
66.32479863399607;39.88208751156526;4;4;4_4;0.02458149760614168;1;;brak;
72.96112592377074;39.88849988885681;4;4;4_4;0.02655033570192235;1;;brak;
79.59745321354535;39.894912266148594;4;4;4_4;0.028519173797703003;1;;brak;
86.2273681260283;46.5376519332151;4;4;4_4;0.031303531334872875;1;;brak;
92.86369541580292;46.54406431050688;4;4;4_4;0.03327236943065353;1;;brak;
99.49361032828584;53.186803977572936;4;4;4_4;0.0360567269678233;1;;brak;
106.12993761806048;53.19321635486472;4;4;4_4;0.03802556506360396;1;;brak;
112.7598525305434;59.83595602193122;4;4;4_4;0.04080992260077382;1;;brak;
119.39617982031804;59.842368399223005;4;4;4_4;0.04277876069655449;1;;brak;
126.02609473280096;66.48510806628929;4;4;4_4;0.045563118233724303;1;;brak;
132.66242202257558;66.49152044358107;4;4;4_4;0.04753195632950496;1;;brak;
139.29233693505853;73.13426011064735;4;4;4_4;0.050316313866674775;1;;brak;
145.92866422483314;73.14067248793913;4;4;4_4;0.05228515196245543;1;;brak;
152.5585791373161;79.78341215500541;4;4;4_4;0.055069509499625253;1;;brak;
159.1949064270907;79.78982453229719;4;4;4_4;0.05703834759540591;1;;brak;
165.8248213395737;86.43256419936347;4;4;4_4;0.05982270513257574;1;;brak;
172.46114862934837;86.43897657665502;4;4;4_4;0.061791543228356414;1;;brak;
179.09106354183126;93.08171624372152;4;4;4_4;0.06457590076552627;1;;brak;
185.72739083160596;93.08812862101333;4;4;4_4;0.06654473886130695;1;;brak;
192.3573057440888;99.73086828807982;4;4;4_4;0.06932909639847679;1;;brak;
198.9936330338635;99.73728066537136;4;4;4_4;0.07129793449425748;1;;brak;
205.6235479463464;106.38002033243764;4;4;4_4;0.07408229203142727;1;;brak;
212.25987523612105;106.38643270972943;4;4;4_4;0.07605113012720793;1;;brak;
218.88979014860396;113.02917237679594;4;4;4_4;0.0788354876643778;1;;brak;
225.5261174383786;113.0355847540875;4;4;4_4;0.08080432576015846;1;;brak;
232.1560323508615;119.678324421154;4;4;4_4;0.08358868329732831;1;;brak;
238.78594726334444;126.32106408822028;4;4;4_4;0.08637304083449814;1;;brak;
245.42227455311908;126.32747646551206;4;4;4_4;0.0883418789302788;1;;brak;
252.0521894656019;132.97021613257834;4;4;4_4;0.09112623646744861;1;;brak;
258.6885167553765;132.97662850987012;4;4;4_4;0.09309507456322923;1;;brak;
265.3184316678595;139.6193681769364;4;4;4_4;0.09587943210039906;1;;brak;
271.9547589576342;139.6257805542282;4;4;4_4;0.09784827019617975;1;;brak;
278.58467387011706;146.26852022129447;4;4;4_4;0.10063262773334955;2;4_4;SR_0_SM_0;0.3591374827955345
285.22100115989167;146.27493259858625;4;4;4_4;0.1026014658291302;2;4_4;SR_0_SM_0;0.3591374827955345
291.8509160723746;152.91767226565275;4;4;4_4;0.10538582336630006;2;4_4;SR_0_SM_0;0.3591374827955345
298.48724336214934;152.92408464294454;4;4;4_4;0.10735466146208075;2;4_4;SR_0_SM_0;0.3591374827955345
305.1171582746322;159.5668243100106;4;4;4_4;0.11013901899925051;2;4_4;SR_0_SM_0;0.3591374827955345
311.7534855644068;159.57323668730237;4;4;4_4;0.11210785709503117;2;4_4;SR_0_SM_0;0.3591374827955345
318.3898128541814;159.57964906459415;4;4;4_4;0.11407669519081182;2;4_4;SR_0_SM_0;0.3591374827955345
325.01972776666446;166.22238873166066;4;4;4_4;0.1168610527279817;2;4_4;SR_0_SM_0;0.3591374827955345
331.6560550564391;166.2288011089522;4;4;4_4;0.11882989082376234;2;4_4;SR_0_SM_0;0.3591374827955345
338.2923823462137;166.235213486244;4;4;4_4;0.12079872891954299;2;4_4;SR_0_SM_0;0.3591374827955345
344.9222972586965;172.8779531533105;4;4;4_4;0.12358308645671284;2;4_4;SR_0_SM_0;0.3591374827955345
351.55862454847124;172.88436553060228;4;4;4_4;0.12555192455249353;2;4_4;SR_0_SM_0;0.3591374827955345
358.1885394609542;179.52710519766833;4;4;4_4;0.1283362820896633;2;4_4;SR_0_SM_0;0.3591374827955345
364.818454373437;186.16984486473484;4;4;4_4;0.13112063962683315;2;4_4;SR_0_SM_0;0.3591374827955345
371.4547816632116;186.17625724202665;4;4;4_4;0.13308947772261379;2;4_4;SR_0_SM_0;0.3591374827955345
378.0846965756947;192.8189969090929;4;4;4_4;0.13587383525978364;2;4_4;SR_0_SM_0;0.3591374827955345
384.7210238654693;192.82540928638448;4;4;4_4;0.13784267335556427;2;4_4;SR_0_SM_0;0.3591374827955345
391.3573511552439;192.83182166367624;4;4;4_4;0.13981151145134493;2;4_4;SR_0_SM_0;0.3591374827955345
397.98726606772686;199.47456133074277;4;4;4_4;0.1425958689885148;2;4_4;SR_0_SM_0;0.3591374827955345
404.6235933575015;199.48097370803453;4;4;4_4;0.14456470708429545;2;4_4;SR_0_SM_0;0.3591374827955345
411.2535082699844;206.1237133751008;4;4;4_4;0.14734906462146527;2;4_4;SR_0_SM_0;0.3591374827955345
417.88983555975904;206.1301257523926;4;4;4_4;0.14931790271724596;2;4_4;SR_0_SM_0;0.3591374827955345
424.519750472242;212.77286541945887;4;4;4_4;0.15210226025441576;2;4_4;SR_0_SM_0;0.3591374827955345
431.1560777620166;212.77927779675065;4;4;4_4;0.15407109835019642;2;4_4;SR_0_SM_0;0.3591374827955345
437.78599267449954;219.42201746381693;4;4;4_4;0.15685545588736624;2;4_4;SR_0_SM_0;0.3591374827955345
444.4159075869824;226.06475713088344;4;4;4_4;0.1596398134245361;2;4_4;SR_0_SM_0;0.3591374827955345
451.0522348767571;226.0711695081752;4;4;4_4;0.16160865152031675;2;4_4;SR_0_SM_0;0.3591374827955345
457.68214978924;232.7139091752415;4;4;4_4;0.16439300905748658;2;4_4;SR_0_SM_0;0.3591374827955345
464.31847707901466;232.72032155253305;4;4;4_4;0.16636184715326724;2;4_4;SR_0_SM_0;0.3591374827955345
470.9483919914975;239.3630612195996;4;4;4_4;0.16914620469043715;2;4_4;SR_0_SM_0;0.3591374827955345
477.5847192812722;239.3694735968913;4;4;4_4;0.17111504278621784;2;4_4;SR_0_SM_0;0.3591374827955345
484.2146341937552;246.01221326395785;4;4;4_4;0.17389940032338772;2;4_4;SR_0_SM_0;0.3591374827955345
490.8509614835298;246.0186256412494;4;4;4_4;0.17586823841916835;2;4_4;SR_0_SM_0;0.3591374827955345
497.4808763960126;252.66136530831568;4;4;4_4;0.17865259595633814;2;4_4;SR_0_SM_0;0.3591374827955345
504.1172036857873;252.66777768560743;4;4;4_4;0.1806214340521188;2;4_4;SR_0_SM_0;0.3591374827955345
510.7471185982703;259.310517352674;4;4;4_4;0.18340579158928869;2;4_4;SR_0_SM_0;0.3591374827955345
517.3834458880449;259.3169297299655;4;4;4_4;0.18537462968506935;2;4_4;SR_0_SM_0;0.3591374827955345
524.0133608005277;265.9596693970318;4;4;4_4;0.18815898722223914;2;4_4;SR_0_SM_0;0.3591374827955345
530.6496880903024;265.9660817743236;4;4;4_4;0.19012782531801983;2;4_4;SR_0_SM_0;0.3591374827955345
537.2796030027854;272.6088214413901;4;4;4_4;0.19291218285518968;2;4_4;SR_0_SM_0;0.3591374827955345
543.91593029256;272.61523381868165;4;4;4_4;0.19488102095097035;2;4_4;SR_0_SM_0;0.3591374827955345
550.5522575823346;272.6216461959734;4;4;4_4;0.196849859046751;2;4_4;SR_0_SM_0;0.3591374827955345
557.1821724948176;279.26438586303993;4;4;4_4;0.19963421658392086;2;4_4;SR_0_SM_0;0.3591374827955345
563.8184997845922;279.2707982403315;4;4;4_4;0.20160305467970152;3;4_4;SR_0_SM_0;0.3907455012853471
570.4484146970751;285.91353790739777;4;4;4_4;0.20438741221687134;3;4_4;SR_0_SM_0;0.3907455012853471
577.0847419868497;285.91995028468955;4;4;4_4;0.20635625031265198;3;4_4;SR_0_SM_0;0.3907455012853471
583.7146568993328;292.56268995175606;4;4;4_4;0.20914060784982186;3;4_4;SR_0_SM_0;0.3907455012853471
590.3509841891074;292.5691023290476;4;4;4_4;0.21110944594560252;3;4_4;SR_0_SM_0;0.3907455012853471
596.9808991015902;299.2118419961141;4;4;4_4;0.21389380348277237;3;4_4;SR_0_SM_0;0.3907455012853471
603.617226391365;299.2182543734059;4;4;4_4;0.2158626415785531;3;4_4;SR_0_SM_0;0.3907455012853471
610.2471413038479;305.8609940404722;4;4;4_4;0.2186469991157229;3;4_4;SR_0_SM_0;0.3907455012853471
616.8834685936225;305.86740641776373;4;4;4_4;0.22061583721150357;3;4_4;SR_0_SM_0;0.3907455012853471
623.5133835061054;312.51014608483024;4;4;4_4;0.22340019474867343;3;4_4;SR_0_SM_0;0.3907455012853471
630.1497107958801;312.516558462122;4;4;4_4;0.2253690328444541;3;4_4;SR_0_SM_0;0.3907455012853471
636.779625708363;319.1592981291883;4;4;4_4;0.2281533903816239;3;4_4;SR_0_SM_0;0.3907455012853471
643.4159529981376;319.16571050647985;4;4;4_4;0.23012222847740457;3;4_4;SR_0_SM_0;0.3907455012853471
650.0458679106205;325.8084501735464;4;4;4_4;0.23290658601457442;3;4_4;SR_0_SM_0;0.3907455012853471
656.6757828231035;332.45118984061287;4;4;4_4;0.2356909435517443;3;4_4;SR_0_SM_0;0.3907455012853471
663.3121101128781;332.45760221790465;4;4;4_4;0.23765978164752496;3;4_4;SR_0_SM_0;0.3907455012853471
669.942025025361;339.1003418849707;4;4;4_4;0.2404441391846947;3;4_4;SR_0_SM_0;0.3907455012853471
676.5783523151356;339.1067542622625;4;4;4_4;0.2424129772804754;3;4_4;SR_0_SM_0;0.3907455012853471
683.2082672276186;345.749493929329;4;4;4_4;0.24519733481764525;3;4_4;SR_0_SM_0;0.3907455012853471
689.8445945173933;345.7559063066208;4;4;4_4;0.2471661729134259;3;4_4;SR_0_SM_0;0.3907455012853471
696.4745094298761;352.39864597368705;4;4;4_4;0.24995053045059568;3;4_4;SR_0_SM_0;0.3907455012853471
703.1108367196507;352.40505835097883;4;4;4_4;0.25191936854637637;3;4_4;SR_0_SM_0;0.3907455012853471
709.7407516321338;359.0477980180451;4;4;4_4;0.2547037260835462;3;4_4;SR_0_SM_0;0.3907455012853471
716.3770789219084;359.0542103953369;4;4;4_4;0.2566725641793269;3;4_4;SR_0_SM_0;0.3907455012853471
723.0069938343912;365.6969500624032;4;4;4_4;0.25945692171649665;3;4_4;SR_0_SM_0;0.3907455012853471
729.6433211241658;365.70336243969496;4;4;4_4;0.26142575981227734;3;4_4;SR_0_SM_0;0.3907455012853471
736.2732360366489;372.3461021067613;4;4;4_4;0.26421011734944716;3;4_4;SR_0_SM_0;0.3907455012853471
742.9095633264235;372.352514484053;4;4;4_4;0.2661789554452278;3;4_4;SR_0_SM_0;0.3907455012853471
749.5458906161981;372.35892686134457;4;4;4_4;0.2681477935410085;3;4_4;SR_0_SM_0;0.3907455012853471
756.1758055286809;379.0016665284111;4;4;4_4;0.2709321510781783;3;4_4;SR_0_SM_0;0.3907455012853471
762.8121328184557;379.00807890570286;4;4;4_4;0.272900989173959;3;4_4;SR_0_SM_0;0.3907455012853471
769.4420477309384;385.65081857276937;4;4;4_4;0.2756853467111288;3;4_4;SR_0_SM_0;0.3907455012853471
776.0783750207131;385.6572309500609;4;4;4_4;0.2776541848069095;3;4_4;SR_0_SM_0;0.3907455012853471
782.7082899331963;392.2999706171272;4;4;4_4;0.2804385423440794;3;4_4;SR_0_SM_0;0.3907455012853471
789.3446172229708;392.306382994419;4;4;4_4;0.28240738043985997;3;4_4;SR_0_SM_0;0.3907455012853471
795.9745321354537;398.9491226614855;4;4;4_4;0.28519173797702985;3;4_4;SR_0_SM_0;0.3907455012853471
802.6108594252285;398.955535038777;4;4;4_4;0.28716057607281054;3;4_4;SR_0_SM_0;0.3907455012853471
809.2407743377112;405.5982747058436;4;4;4_4;0.28994493360998036;3;4_4;SR_0_SM_0;0.3907455012853471
815.8771016274859;405.6046870831353;4;4;4_4;0.2919137717057611;3;4_4;SR_0_SM_0;0.3907455012853471
822.5070165399688;412.2474267502016;4;4;4_4;0.29469812924293093;3;4_4;SR_0_SM_0;0.3907455012853471
829.1433438297433;412.2538391274932;4;4;4_4;0.2966669673387115;3;4_4;SR_0_SM_0;0.3907455012853471
835.7732587422265;418.8965787945597;4;4;4_4;0.29945132487588144;3;4_4;SR_0_SM_0;0.3907455012853471
842.409586032001;418.90299117185145;4;4;4_4;0.301420162971662;4;4_4;SR_0_SM_0;0.6734006734006733
849.039500944484;425.5457308389177;4;4;4_4;0.30420452050883184;4;4_4;SR_0_SM_0;0.6734006734006733
855.6758282342587;425.5521432162093;4;4;4_4;0.30617335860461253;4;4_4;SR_0_SM_0;0.6734006734006733
862.3057431467414;432.1948828832758;4;4;4_4;0.30895771614178236;4;4_4;SR_0_SM_0;0.6734006734006733
868.9420704365161;432.2012952605676;4;4;4_4;0.310926554237563;4;4_4;SR_0_SM_0;0.6734006734006733
875.5719853489991;438.8440349276341;4;4;4_4;0.3137109117747329;4;4_4;SR_0_SM_0;0.6734006734006733
882.2083126387736;438.8504473049256;4;4;4_4;0.31567974987051356;4;4_4;SR_0_SM_0;0.6734006734006733
888.8382275512568;445.4931869719919;4;4;4_4;0.3184641074076834;4;4_4;SR_0_SM_0;0.6734006734006733
895.4745548410312;445.4995993492837;4;4;4_4;0.32043294550346396;4;4_4;SR_0_SM_0;0.6734006734006733
902.1044697535142;452.1423390163502;4;4;4_4;0.32321730304063384;4;4_4;SR_0_SM_0;0.6734006734006733
908.7407970432888;452.14875139364176;4;4;4_4;0.32518614113641453;4;4_4;SR_0_SM_0;0.6734006734006733
915.3707119557716;458.79149106070827;4;4;4_4;0.32797049867358435;4;4_4;SR_0_SM_0;0.6734006734006733
922.0006268682546;465.43423072777455;4;4;4_4;0.3307548562107542;4;4_4;SR_0_SM_0;0.6734006734006733
928.6369541580292;465.44064310506633;4;4;4_4;0.3327236943065349;4;4_4;SR_0_SM_0;0.6734006734006733
935.2668690705124;472.0833827721326;4;4;4_4;0.3355080518437047;4;4_4;SR_0_SM_0;0.6734006734006733
941.903196360287;472.0897951494244;4;4;4_4;0.3374768899394854;4;4_4;SR_0_SM_0;0.6734006734006733
948.5331112727696;478.7325348164909;4;4;4_4;0.3402612474766552;4;4_4;SR_0_SM_0;0.6734006734006733
955.1694385625444;478.7389471937827;4;4;4_4;0.34223008557243595;4;4_4;SR_0_SM_0;0.6734006734006733
961.7993534750274;485.38168686084873;4;4;4_4;0.34501444310960566;4;4_4;SR_0_SM_0;0.6734006734006733
968.435680764802;485.3880992381405;4;4;4_4;0.3469832812053864;4;4_4;SR_0_SM_0;0.6734006734006733
975.0720080545766;485.3945116154323;4;4;4_4;0.34895211930116704;4;4_4;SR_0_SM_0;0.6734006734006733
981.7019229670595;492.0372512824986;4;4;4_4;0.3517364768383368;4;4_4;SR_0_SM_0;0.6734006734006733
988.3318378795424;498.67999094956485;4;4;4_4;0.35452083437550663;4;4_4;SR_0_SM_0;0.6734006734006733
994.9681651693172;498.68640332685663;4;4;4_4;0.3564896724712874;4;4_4;SR_0_SM_0;0.6734006734006733
1001.5980800818;505.3291429939232;4;4;4_4;0.3592740300084572;4;4_4;SR_0_SM_0;0.6734006734006733
1008.2344073715748;505.3355553712147;4;4;4_4;0.36124286810423795;4;4_4;SR_0_SM_0;0.6734006734006733
1014.8643222840576;511.9782950382812;4;4;4_4;0.36402722564140777;4;4_4;SR_0_SM_0;0.6734006734006733
1021.500649573832;511.984707415573;4;4;4_4;0.36599606373718835;4;4_4;SR_0_SM_0;0.6734006734006733
1028.130564486315;518.6274470826393;4;4;4_4;0.36878042127435817;4;4_4;SR_0_SM_0;0.6734006734006733
1034.7604793987982;525.2701867497055;4;4;4_4;0.37156477881152805;4;4_4;SR_0_SM_0;0.6734006734006733
1041.390394311281;531.912926416772;4;4;4_4;0.3743491363486979;4;4_4;SR_0_SM_0;0.6734006734006733
1041.3839819339892;538.5492537065466;4;4;4_4;0.3763179744444785;4;4_4;SR_0_SM_0;0.6734006734006733
1048.013896846472;545.1919933736131;4;4;4_4;0.3791023319816483;4;4_4;SR_0_SM_0;0.6734006734006733
1048.0074844691806;551.8283206633876;4;4;4_4;0.38107117007742897;4;4_4;SR_0_SM_0;0.6734006734006733
1048.0010720918888;558.4646479531623;4;4;4_4;0.3830400081732096;4;4_4;SR_0_SM_0;0.6734006734006733
1047.994659714597;565.100975242937;4;4;4_4;0.3850088462689903;4;4_4;SR_0_SM_0;0.6734006734006733
1047.9882473373052;571.7373025327115;4;4;4_4;0.3869776843647709;4;4_4;SR_0_SM_0;0.6734006734006733
1047.9818349600137;578.3736298224862;4;4;4_4;0.3889465224605516;4;4_4;SR_0_SM_0;0.6734006734006733
1041.3390952929471;585.0035447349692;4;4;4_4;0.3917308799977215;4;4_4;SR_0_SM_0;0.6734006734006733
1041.3326829156554;591.6398720247437;4;4;4_4;0.3936997180935022;4;4_4;SR_0_SM_0;0.6734006734006733
1041.3262705383636;598.2761993145184;4;4;4_4;0.39566855618928276;4;4_4;SR_0_SM_0;0.6734006734006733
1041.319858161072;604.9125266042929;4;4;4_4;0.39763739428506334;4;4_4;SR_0_SM_0;0.6734006734006733
1034.6771184940058;611.5424415167759;4;4;4_4;0.40042175182223316;5;4_4;SR_0_SM_0;0.7003891050583657
1034.670706116714;618.1787688065506;4;4;4_4;0.4023905899180139;5;4_4;SR_0_SM_0;0.7003891050583657
1034.6642937394222;624.8150960963251;4;4;4_4;0.4043594280137945;5;4_4;SR_0_SM_0;0.7003891050583657
1034.6578813621306;631.4514233860998;4;4;4_4;0.40632826610957523;5;4_4;SR_0_SM_0;0.7003891050583657
1034.6514689848389;638.0877506758745;4;4;4_4;0.408297104205356;5;4_4;SR_0_SM_0;0.7003891050583657
1028.0087293177723;644.7176655883575;4;4;4_4;0.4110814617425258;5;4_4;SR_0_SM_0;0.7003891050583657
1028.0023169404806;651.3539928781322;4;4;4_4;0.4130502998383065;5;4_4;SR_0_SM_0;0.7003891050583657
1027.995904563189;657.9903201679069;4;4;4_4;0.4150191379340871;5;4_4;SR_0_SM_0;0.7003891050583657
1027.9894921858972;664.6266474576814;4;4;4_4;0.4169879760298678;5;4_4;SR_0_SM_0;0.7003891050583657
1021.3467525188308;671.2565623701644;4;4;4_4;0.4197723335670377;5;4_4;SR_0_SM_0;0.7003891050583657
1014.7040128517644;677.8864772826471;4;4;4_4;0.4225566911042074;5;4_4;SR_0_SM_0;0.7003891050583657
1014.6976004744728;684.5228045724218;4;4;4_4;0.4245255291999881;5;4_4;SR_0_SM_0;0.7003891050583657
1014.6911880971812;691.1591318621965;4;4;4_4;0.42649436729576884;5;4_4;SR_0_SM_0;0.7003891050583657
1008.0484484301146;697.7890467746793;4;4;4_4;0.42927872483293866;5;4_4;SR_0_SM_0;0.7003891050583657
1001.4057087630484;704.4189616871624;4;4;4_4;0.4320630823701085;5;4_4;SR_0_SM_0;0.7003891050583657
1001.3992963857564;711.0552889769372;4;4;4_4;0.4340319204658892;5;4_4;SR_0_SM_0;0.7003891050583657
1001.3928840084648;717.6916162667117;4;4;4_4;0.4360007585616698;5;4_4;SR_0_SM_0;0.7003891050583657
994.7501443413984;724.3215311791946;4;4;4_4;0.43878511609883963;5;4_4;SR_0_SM_0;0.7003891050583657
988.1074046743322;730.9514460916773;4;4;4_4;0.4415694736360094;5;4_4;SR_0_SM_0;0.7003891050583657
988.1009922970404;737.587773381452;4;4;4_4;0.4435383117317901;5;4_4;SR_0_SM_0;0.7003891050583657
988.0945799197486;744.2241006712268;4;4;4_4;0.4455071498275708;5;4_4;SR_0_SM_0;0.7003891050583657
981.4518402526824;750.8540155837095;4;4;4_4;0.4482915073647406;5;4_4;SR_0_SM_0;0.7003891050583657
974.809100585616;757.4839304961927;4;4;4_4;0.4510758649019104;5;4_4;SR_0_SM_0;0.7003891050583657
974.8026882083244;764.1202577859674;4;4;4_4;0.4530447029976911;5;4_4;SR_0_SM_0;0.7003891050583657
974.7962758310324;770.7565850757419;4;4;4_4;0.45501354109347175;5;4_4;SR_0_SM_0;0.7003891050583657
968.153536163966;777.3864999882248;4;4;4_4;0.45779789863064163;5;4_4;SR_0_SM_0;0.7003891050583657
961.5107964969;784.0164149007076;4;4;4_4;0.46058225616781134;5;4_4;SR_0_SM_0;0.7003891050583657
961.5043841196082;790.6527421904823;4;4;4_4;0.46255109426359203;5;4_4;SR_0_SM_0;0.7003891050583657
961.4979717423164;797.289069480257;4;4;4_4;0.46451993235937267;5;4_4;SR_0_SM_0;0.7003891050583657
961.4915593650246;803.9253967700315;4;4;4_4;0.46648877045515336;5;4_4;SR_0_SM_0;0.7003891050583657
954.8488196979584;810.5553116825147;4;4;4_4;0.4692731279923231;5;4_4;SR_0_SM_0;0.7003891050583657
948.2060800308918;817.1852265949976;4;4;4_4;0.47205748552949306;5;4_4;SR_0_SM_0;0.7003891050583657
948.1996676536;823.8215538847721;4;4;4_4;0.47402632362527364;5;4_4;SR_0_SM_0;0.7003891050583657
941.5569279865338;830.4514687972551;4;4;4_4;0.47681068116244346;5;4_4;SR_0_SM_0;0.7003891050583657
941.5505156092422;837.0877960870296;4;4;4_4;0.4787795192582241;5;4_4;SR_0_SM_0;0.7003891050583657
934.9077759421756;843.7177109995125;4;4;4_4;0.48156387679539403;5;4_4;SR_0_SM_0;0.7003891050583657
934.901363564884;850.3540382892872;4;4;4_4;0.4835327148911747;5;4_4;SR_0_SM_0;0.7003891050583657
928.2586238978176;856.9839532017702;4;4;4_4;0.4863170724283446;5;4_4;SR_0_SM_0;0.7003891050583657
928.252211520526;863.6202804915449;4;4;4_4;0.4882859105241252;5;4_4;SR_0_SM_0;0.7003891050583657
921.6094718534596;870.2501954040279;4;4;4_4;0.491070268061295;5;4_4;SR_0_SM_0;0.7003891050583657
921.6030594761678;876.8865226938024;4;4;4_4;0.49303910615707564;5;4_4;SR_0_SM_0;0.7003891050583657
914.9603198091012;883.5164376062853;4;4;4_4;0.49582346369424557;5;4_4;SR_0_SM_0;0.7003891050583657
914.9539074318096;890.15276489606;4;4;4_4;0.49779230179002626;5;4_4;SR_0_SM_0;0.7003891050583657
908.3111677647436;896.7826798085429;4;4;4_4;0.500576659327196;6;4_4;SR_1_SM_0;0.9967213114754099
908.3047553874516;903.4190070983176;4;4;4_4;0.5025454974229767;6;4_4;SR_1_SM_0;0.9967213114754099
901.6620157203852;910.0489220108004;4;4;4_4;0.5053298549601465;6;4_4;SR_1_SM_0;0.9967213114754099
901.6556033430936;916.685249300575;4;4;4_4;0.5072986930559271;6;4_4;SR_1_SM_0;0.9967213114754099
895.0128636760271;923.315164213058;4;4;4_4;0.510083050593097;6;4_4;SR_1_SM_0;0.9967213114754099
895.0064512987353;929.9514915028328;4;4;4_4;0.5120518886888777;6;4_4;SR_1_SM_0;0.9967213114754099
888.363711631669;936.5814064153157;4;4;4_4;0.5148362462260475;6;4_4;SR_1_SM_0;0.9967213114754099
888.3572992543775;943.2177337050902;4;4;4_4;0.5168050843218281;6;4_4;SR_1_SM_0;0.9967213114754099
888.3508868770857;949.8540609948648;4;4;4_4;0.5187739224176088;6;4_4;SR_1_SM_0;0.9967213114754099
881.7081472100192;956.4839759073478;4;4;4_4;0.5215582799547787;6;4_4;SR_1_SM_0;0.9967213114754099
875.0654075429529;963.1138908198308;4;4;4_4;0.5243426374919485;6;4_4;SR_1_SM_0;0.9967213114754099
875.0589951656614;969.7502181096052;4;4;4_4;0.5263114755877291;6;4_4;SR_1_SM_0;0.9967213114754099
868.4162554985949;976.3801330220882;4;4;4_4;0.5290958331248989;6;4_4;SR_1_SM_0;0.9967213114754099
868.4098431213031;983.0164603118628;4;4;4_4;0.5310646712206797;6;4_4;SR_1_SM_0;0.9967213114754099
861.7671034542366;989.6463752243458;4;4;4_4;0.5338490287578496;6;4_4;SR_1_SM_0;0.9967213114754099
861.760691076945;996.2827025141204;4;4;4_4;0.5358178668536302;6;4_4;SR_1_SM_0;0.9967213114754099
855.1179514098787;1002.9126174266032;4;4;4_4;0.5386022243908;6;4_4;SR_1_SM_0;0.9967213114754099
855.111539032587;1009.548944716378;4;4;4_4;0.5405710624865807;6;4_4;SR_1_SM_0;0.9967213114754099
848.4687993655205;1016.1788596288608;4;4;4_4;0.5433554200237505;6;4_4;SR_1_SM_0;0.9967213114754099
848.4623869882289;1022.8151869186356;4;4;4_4;0.5453242581195312;6;4_4;SR_1_SM_0;0.9967213114754099
841.8196473211624;1029.4451018311186;4;4;4_4;0.5481086156567011;6;4_4;SR_1_SM_0;0.9967213114754099
841.8132349438706;1036.0814291208933;4;4;4_4;0.5500774537524817;6;4_4;SR_1_SM_0;0.9967213114754099
835.1704952768043;1042.711344033376;4;4;4_4;0.5528618112896515;6;4_4;SR_1_SM_0;0.9967213114754099
828.527755609738;1049.341258945859;4;4;4_4;0.5556461688268213;6;4_4;SR_1_SM_0;0.9967213114754099
828.5213432324463;1055.9775862356337;4;4;4_4;0.557615006922602;6;4_4;SR_1_SM_0;0.9967213114754099
828.5149308551545;1062.6139135254082;4;4;4_4;0.5595838450183827;6;4_4;SR_1_SM_0;0.9967213114754099
821.8721911880882;1069.2438284378911;4;4;4_4;0.5623682025555524;6;4_4;SR_1_SM_0;0.9967213114754099
815.2294515210219;1075.873743350374;4;4;4_4;0.5651525600927223;6;4_4;SR_1_SM_0;0.9967213114754099
815.2230391437301;1082.5100706401488;4;4;4_4;0.567121398188503;6;4_4;SR_1_SM_0;0.9967213114754099
815.2166267664384;1089.1463979299235;4;4;4_4;0.5690902362842837;6;4_4;SR_1_SM_0;0.9967213114754099
808.5738870993719;1095.7763128424062;4;4;4_4;0.5718745938214536;6;4_4;SR_1_SM_0;0.9967213114754099
801.9311474323058;1102.4062277548892;4;4;4_4;0.5746589513586233;6;4_4;SR_1_SM_0;0.9967213114754099
801.924735055014;1109.042555044664;4;4;4_4;0.5766277894544041;6;4_4;SR_1_SM_0;0.9967213114754099
801.9183226777222;1115.6788823344384;4;4;4_4;0.5785966275501847;6;4_4;SR_1_SM_0;0.9967213114754099
795.275583010656;1122.3087972469214;4;4;4_4;0.5813809850873545;6;4_4;SR_1_SM_0;0.9967213114754099
788.6328433435895;1128.9387121594043;4;4;4_4;0.5841653426245242;6;4_4;SR_1_SM_0;0.9967213114754099
788.6264309662977;1135.575039449179;4;4;4_4;0.586134180720305;6;4_4;SR_1_SM_0;0.9967213114754099
788.6200185890059;1142.2113667389538;4;4;4_4;0.5881030188160856;6;4_4;SR_1_SM_0;0.9967213114754099
781.9772789219398;1148.8412816514365;4;4;4_4;0.5908873763532554;6;4_4;SR_1_SM_0;0.9967213114754099
775.3345392548733;1155.4711965639194;4;4;4_4;0.5936717338904253;6;4_4;SR_1_SM_0;0.9967213114754099
775.3281268775816;1162.107523853694;4;4;4_4;0.5956405719862059;6;4_4;SR_1_SM_0;0.9967213114754099
775.3217145002898;1168.7438511434686;4;4;4_4;0.5976094100819865;6;4_4;SR_1_SM_0;0.9967213114754099
768.6789748332235;1175.3737660559516;4;4;4_4;0.6003937676191564;7;4_4;SR_0_SM_0;0.6428571428571429
768.6725624559317;1182.0100933457263;4;4;4_4;0.602362605714937;7;4_4;SR_0_SM_0;0.6428571428571429
768.6661500786399;1188.646420635501;4;4;4_4;0.6043314438107178;7;4_4;SR_0_SM_0;0.6428571428571429
768.6597377013481;1195.2827479252755;4;4;4_4;0.6063002819064984;7;4_4;SR_0_SM_0;0.6428571428571429
768.6533253240566;1201.91907521505;4;4;4_4;0.608269120002279;7;4_4;SR_0_SM_0;0.6428571428571429
762.0105856569903;1208.548990127533;4;4;4_4;0.6110534775394488;7;4_4;SR_0_SM_0;0.6428571428571429
762.0041732796985;1215.1853174173075;4;4;4_4;0.6130223156352294;7;4_4;SR_0_SM_0;0.6428571428571429
761.9977609024069;1221.8216447070824;4;4;4_4;0.6149911537310102;7;4_4;SR_0_SM_0;0.6428571428571429
761.9913485251151;1228.4579719968572;4;4;4_4;0.6169599918267908;7;4_4;SR_0_SM_0;0.6428571428571429
761.9849361478234;1235.0942992866317;4;4;4_4;0.6189288299225715;7;4_4;SR_0_SM_0;0.6428571428571429
761.9785237705316;1241.7306265764064;4;4;4_4;0.6208976680183522;7;4_4;SR_0_SM_0;0.6428571428571429
755.3357841034652;1248.360541488889;4;4;4_4;0.623682025555522;7;4_4;SR_0_SM_0;0.6428571428571429
755.3293717261735;1254.9968687786638;4;4;4_4;0.6256508636513026;7;4_4;SR_0_SM_0;0.6428571428571429
761.9592866386565;1261.6396084457303;4;4;4_4;0.6284352211884725;7;4_4;SR_0_SM_0;0.6428571428571429
761.9528742613647;1268.275935735505;4;4;4_4;0.6304040592842532;7;4_4;SR_0_SM_0;0.6428571428571429
768.5827891738475;1274.9186754025711;4;4;4_4;0.633188416821423;7;4_4;SR_0_SM_0;0.6428571428571429
768.5763767965559;1281.555002692346;4;4;4_4;0.6351572549172037;7;4_4;SR_0_SM_0;0.6428571428571429
775.2062917090389;1288.1977423594124;4;4;4_4;0.6379416124543735;7;4_4;SR_0_SM_0;0.6428571428571429
781.8362066215218;1294.8404820264786;4;4;4_4;0.6407259699915433;7;4_4;SR_0_SM_0;0.6428571428571429
788.4725339112963;1294.8468944037704;4;4;4_4;0.6426948080873239;7;4_4;SR_0_SM_0;0.6428571428571429
795.1024488237792;1301.4896340708367;4;4;4_4;0.6454791656244937;7;4_4;SR_0_SM_0;0.6428571428571429
801.738776113554;1301.4960464481285;4;4;4_4;0.6474480037202744;7;4_4;SR_0_SM_0;0.6428571428571429
808.3686910260369;1308.1387861151948;4;4;4_4;0.6502323612574443;7;4_4;SR_0_SM_0;0.6428571428571429
815.0050183158116;1308.1451984924863;4;4;4_4;0.6522011993532251;7;4_4;SR_0_SM_0;0.6428571428571429
821.6349332282946;1314.7879381595528;4;4;4_4;0.6549855568903948;7;4_4;SR_0_SM_0;0.6428571428571429
828.2712605180691;1314.7943505368446;4;4;4_4;0.6569543949861755;7;4_4;SR_0_SM_0;0.6428571428571429
834.901175430552;1321.437090203911;4;4;4_4;0.6597387525233452;7;4_4;SR_0_SM_0;0.6428571428571429
841.5375027203265;1321.443502581203;4;4;4_4;0.6617075906191259;7;4_4;SR_0_SM_0;0.6428571428571429
848.1674176328095;1328.086242248269;4;4;4_4;0.6644919481562956;7;4_4;SR_0_SM_0;0.6428571428571429
854.8037449225842;1328.0926546255607;4;4;4_4;0.6664607862520763;7;4_4;SR_0_SM_0;0.6428571428571429
861.4336598350671;1334.7353942926272;4;4;4_4;0.6692451437892463;7;4_4;SR_0_SM_0;0.6428571428571429
868.0699871248419;1334.741806669919;4;4;4_4;0.671213981885027;7;4_4;SR_0_SM_0;0.6428571428571429
874.6999020373248;1341.3845463369853;4;4;4_4;0.6739983394221968;7;4_4;SR_0_SM_0;0.6428571428571429
881.3362293270993;1341.390958714277;4;4;4_4;0.6759671775179774;7;4_4;SR_0_SM_0;0.6428571428571429
887.9661442395823;1348.0336983813434;4;4;4_4;0.6787515350551472;7;4_4;SR_0_SM_0;0.6428571428571429
894.6024715293568;1348.0401107586351;4;4;4_4;0.6807203731509278;7;4_4;SR_0_SM_0;0.6428571428571429
901.2323864418396;1354.6828504257014;4;4;4_4;0.6835047306880976;7;4_4;SR_0_SM_0;0.6428571428571429
907.8687137316144;1354.6892628029932;4;4;4_4;0.6854735687838784;7;4_4;SR_0_SM_0;0.6428571428571429
914.4986286440974;1361.3320024700597;4;4;4_4;0.6882579263210483;7;4_4;SR_0_SM_0;0.6428571428571429
921.134955933872;1361.3384148473513;4;4;4_4;0.690226764416829;7;4_4;SR_0_SM_0;0.6428571428571429
927.764870846355;1367.9811545144178;4;4;4_4;0.6930111219539987;7;4_4;SR_0_SM_0;0.6428571428571429
934.4011981361296;1367.9875668917095;4;4;4_4;0.6949799600497795;7;4_4;SR_0_SM_0;0.6428571428571429
941.0311130486124;1374.6303065587756;4;4;4_4;0.6977643175869491;7;4_4;SR_0_SM_0;0.6428571428571429
947.667440338387;1374.6367189360674;4;4;4_4;0.6997331556827299;7;4_4;SR_0_SM_0;0.6428571428571429
954.29735525087;1381.279458603134;4;4;4_4;0.7025175132198999;8;;brak;
960.9336825406448;1381.2858709804254;4;4;4_4;0.7044863513156804;8;;brak;
967.5635974531276;1387.9286106474915;4;4;4_4;0.7072707088528503;8;;brak;
974.1999247429025;1387.9350230247835;4;4;4_4;0.7092395469486308;8;;brak;
980.8298396553852;1394.57776269185;4;4;4_4;0.7120239044858007;8;;brak;
987.4661669451598;1394.5841750691418;4;4;4_4;0.7139927425815814;8;;brak;
994.0960818576428;1401.226914736208;4;4;4_4;0.7167771001187512;8;;brak;
1000.7324091474172;1401.2333271134996;4;4;4_4;0.7187459382145318;8;;brak;
1007.3623240599002;1407.876066780566;4;4;4_4;0.7215302957517016;8;;brak;
1013.9986513496748;1407.882479157858;4;4;4_4;0.7234991338474823;8;;brak;
1020.6285662621578;1414.5252188249242;4;4;4_4;0.7262834913846522;8;;brak;
1027.2648935519326;1414.531631202216;4;4;4_4;0.7282523294804327;8;;brak;
1033.8948084644155;1421.1743708692825;4;4;4_4;0.7310366870176027;8;;brak;
1040.5247233768982;1427.8171105363488;4;4;4_4;0.7338210445547724;8;;brak;
1047.161050666673;1427.8235229136403;4;4;4_4;0.7357898826505531;8;;brak;
1053.790965579156;1434.4662625807068;4;4;4_4;0.738574240187723;8;;brak;
1060.4272928689304;1434.4726749579984;4;4;4_4;0.7405430782835037;8;;brak;
1067.0572077814136;1441.115414625065;4;4;4_4;0.7433274358206735;8;;brak;
1073.693535071188;1441.121827002357;4;4;4_4;0.7452962739164541;8;;brak;
1080.3298623609628;1441.1282393796484;4;4;4_4;0.7472651120122349;8;;brak;
1086.9597772734458;1447.7709790467147;4;4;4_4;0.7500494695494047;8;;brak;
1093.5961045632205;1447.7773914240065;4;4;4_4;0.7520183076451854;8;;brak;
1100.2260194757032;1454.4201310910728;4;4;4_4;0.7548026651823551;8;;brak;
1106.862346765478;1454.4265434683646;4;4;4_4;0.7567715032781358;8;;brak;
1113.4922616779606;1461.0692831354309;4;4;4_4;0.7595558608153056;8;;brak;
1120.1285889677354;1461.0756955127226;4;4;4_4;0.7615246989110862;8;;brak;
1126.7585038802183;1467.718435179789;4;4;4_4;0.7643090564482561;8;;brak;
1133.394831169993;1467.7248475570807;4;4;4_4;0.7662778945440367;8;;brak;
1140.024746082476;1474.367587224147;4;4;4_4;0.7690622520812066;8;;brak;
1146.6610733722505;1474.3739996014388;4;4;4_4;0.771031090176987;8;;brak;
1153.2909882847334;1481.016739268505;4;4;4_4;0.7738154477141569;8;;brak;
1159.9273155745082;1481.0231516457968;4;4;4_4;0.7757842858099377;8;;brak;
1166.5572304869909;1487.665891312863;4;4;4_4;0.7785686433471075;8;;brak;
1173.187145399474;1494.3086309799296;4;4;4_4;0.7813530008842774;8;;brak;
1179.8234726892483;1494.3150433572212;4;4;4_4;0.7833218389800579;8;;brak;
1186.4533876017315;1500.9577830242877;4;4;4_4;0.7861061965172278;8;;brak;
1193.0897148915062;1500.9641954015794;4;4;4_4;0.7880750346130087;8;;brak;
1199.719629803989;1507.6069350686455;4;4;4_4;0.7908593921501782;8;;brak;
1206.3559570937637;1507.6133474459375;4;4;4_4;0.7928282302459589;8;;brak;
1212.9858720062468;1514.2560871130038;4;4;4_4;0.7956125877831287;8;;brak;
1219.622199296021;1514.2624994902956;4;4;4_4;0.7975814258789093;8;;brak;
1226.2521142085045;1520.9052391573618;4;4;4_4;0.8003657834160793;9;4_4;SR_0_SM_0;0.6153846153846154
1232.888441498279;1520.9116515346536;4;4;4_4;0.8023346215118599;9;4_4;SR_0_SM_0;0.6153846153846154
1239.5183564107615;1527.55439120172;4;4;4_4;0.8051189790490296;9;4_4;SR_0_SM_0;0.6153846153846154
1246.1546837005365;1527.5608035790117;4;4;4_4;0.8070878171448104;9;4_4;SR_0_SM_0;0.6153846153846154
1252.7845986130192;1534.2035432460782;4;4;4_4;0.8098721746819801;9;4_4;SR_0_SM_0;0.6153846153846154
1259.420925902794;1534.2099556233698;4;4;4_4;0.8118410127777609;9;4_4;SR_0_SM_0;0.6153846153846154
1266.050840815277;1540.8526952904365;4;4;4_4;0.8146253703149309;9;4_4;SR_0_SM_0;0.6153846153846154
1272.6871681050516;1540.8591076677278;4;4;4_4;0.8165942084107114;9;4_4;SR_0_SM_0;0.6153846153846154
1279.3170830175343;1547.5018473347943;4;4;4_4;0.8193785659478813;9;4_4;SR_0_SM_0;0.6153846153846154
1285.9534103073092;1547.508259712086;4;4;4_4;0.8213474040436621;9;4_4;SR_0_SM_0;0.6153846153846154
1292.583325219792;1554.1509993791524;4;4;4_4;0.8241317615808318;9;4_4;SR_0_SM_0;0.6153846153846154
1299.219652509567;1554.1574117564442;4;4;4_4;0.8261005996766125;9;4_4;SR_0_SM_0;0.6153846153846154
1305.8495674220494;1560.8001514235104;4;4;4_4;0.8288849572137823;9;4_4;SR_0_SM_0;0.6153846153846154
1312.485894711824;1560.8065638008022;4;4;4_4;0.8308537953095629;9;4_4;SR_0_SM_0;0.6153846153846154
1319.1158096243073;1567.4493034678685;4;4;4_4;0.8336381528467327;9;4_4;SR_0_SM_0;0.6153846153846154
1325.7521369140818;1567.4557158451605;4;4;4_4;0.8356069909425133;9;4_4;SR_0_SM_0;0.6153846153846154
1332.3820518265647;1574.0984555122266;4;4;4_4;0.8383913484796832;9;4_4;SR_0_SM_0;0.6153846153846154
1339.0183791163397;1574.1048678895183;4;4;4_4;0.8403601865754641;9;4_4;SR_0_SM_0;0.6153846153846154
1345.6482940288222;1580.7476075565849;4;4;4_4;0.8431445441126338;9;4_4;SR_0_SM_0;0.6153846153846154
1352.284621318597;1580.7540199338764;4;4;4_4;0.8451133822084145;9;4_4;SR_0_SM_0;0.6153846153846154
1358.9145362310796;1587.3967596009427;4;4;4_4;0.8478977397455842;9;4_4;SR_0_SM_0;0.6153846153846154
1365.5508635208544;1587.4031719782345;4;4;4_4;0.8498665778413649;9;4_4;SR_0_SM_0;0.6153846153846154
1372.1807784333375;1594.045911645301;4;4;4_4;0.8526509353785346;9;4_4;SR_0_SM_0;0.6153846153846154
1378.817105723112;1594.0523240225928;4;4;4_4;0.8546197734743154;9;4_4;SR_0_SM_0;0.6153846153846154
1385.447020635595;1600.695063689659;4;4;4_4;0.8574041310114853;9;4_4;SR_0_SM_0;0.6153846153846154
1392.0833479253697;1600.7014760669506;4;4;4_4;0.859372969107266;9;4_4;SR_0_SM_0;0.6153846153846154
1398.7132628378524;1607.344215734017;4;4;4_4;0.8621573266444358;9;4_4;SR_0_SM_0;0.6153846153846154
1405.3495901276272;1607.3506281113089;4;4;4_4;0.8641261647402164;9;4_4;SR_0_SM_0;0.6153846153846154
1411.97950504011;1613.9933677783752;4;4;4_4;0.8669105222773862;9;4_4;SR_0_SM_0;0.6153846153846154
1418.6158323298846;1613.999780155667;4;4;4_4;0.8688793603731668;9;4_4;SR_0_SM_0;0.6153846153846154
1425.2457472423678;1620.6425198227332;4;4;4_4;0.8716637179103367;9;4_4;SR_0_SM_0;0.6153846153846154
1431.8820745321425;1620.648932200025;4;4;4_4;0.8736325560061174;9;4_4;SR_0_SM_0;0.6153846153846154
1438.5119894446252;1627.2916718670913;4;4;4_4;0.8764169135432872;9;4_4;SR_0_SM_0;0.6153846153846154
1445.1483167344;1627.298084244383;4;4;4_4;0.8783857516390678;9;4_4;SR_0_SM_0;0.6153846153846154
1451.7846440241744;1627.3044966216748;4;4;4_4;0.8803545897348485;9;4_4;SR_0_SM_0;0.6153846153846154
1458.4145589366574;1633.9472362887411;4;4;4_4;0.8831389472720184;9;4_4;SR_0_SM_0;0.6153846153846154
1465.050886226432;1633.953648666033;4;4;4_4;0.8851077853677989;9;4_4;SR_0_SM_0;0.6153846153846154
1471.6808011389148;1640.5963883330992;4;4;4_4;0.8878921429049688;9;4_4;SR_0_SM_0;0.6153846153846154
1478.3171284286896;1640.602800710391;4;4;4_4;0.8898609810007495;9;4_4;SR_0_SM_0;0.6153846153846154
1484.9470433411725;1647.2455403774572;4;4;4_4;0.8926453385379193;9;4_4;SR_0_SM_0;0.6153846153846154
1491.5833706309472;1647.251952754749;4;4;4_4;0.8946141766337;9;4_4;SR_0_SM_0;0.6153846153846154
1498.2132855434302;1653.8946924218155;4;4;4_4;0.8973985341708698;9;4_4;SR_0_SM_0;0.6153846153846154
1504.849612833205;1653.901104799107;4;4;4_4;0.8993673722666505;9;4_4;SR_0_SM_0;0.6153846153846154
1511.4795277456876;1660.5438444661736;4;4;4_4;0.9021517298038204;10;;brak;
1518.1158550354623;1660.5502568434651;4;4;4_4;0.9041205678996012;10;;brak;
1524.745769947945;1667.1929965105317;4;4;4_4;0.9069049254367709;10;;brak;
1531.3820972377198;1667.1994088878234;4;4;4_4;0.9088737635325516;10;;brak;
1538.0120121502027;1673.8421485548895;4;4;4_4;0.9116581210697213;10;;brak;
1544.6483394399777;1673.8485609321815;4;4;4_4;0.9136269591655021;10;;brak;
1551.2782543524604;1680.4913005992478;4;4;4_4;0.916411316702672;10;;brak;
1557.914581642235;1680.4977129765396;4;4;4_4;0.9183801547984525;10;;brak;
1564.544496554718;1687.1404526436058;4;4;4_4;0.9211645123356225;10;;brak;
1571.1808238444926;1687.1468650208976;4;4;4_4;0.9231333504314029;10;;brak;
1577.8107387569753;1693.789604687964;4;4;4_4;0.9259177079685728;10;;brak;
1584.44706604675;1693.7960170652557;4;4;4_4;0.9278865460643535;10;;brak;
1591.076980959233;1700.438756732322;4;4;4_4;0.9306709036015233;10;;brak;
1597.7133082490077;1700.4451691096135;4;4;4_4;0.9326397416973039;10;;brak;
1604.3432231614906;1707.08790877668;4;4;4_4;0.9354240992344737;10;;brak;
1610.9795504512651;1707.0943211539718;4;4;4_4;0.9373929373302544;10;;brak;
1617.609465363748;1713.7370608210383;4;4;4_4;0.9401772948674243;10;;brak;
1624.2457926535228;1713.74347319833;4;4;4_4;0.9421461329632049;10;;brak;
1630.8757075660055;1720.3862128653964;4;4;4_4;0.9449304905003748;10;;brak;
1637.5120348557805;1720.392625242688;4;4;4_4;0.9468993285961556;10;;brak;
1644.1419497682632;1727.0353649097544;4;4;4_4;0.9496836861333253;10;;brak;
1650.778277058038;1727.0417772870462;4;4;4_4;0.9516525242291061;10;;brak;
1657.4081919705209;1733.6845169541125;4;4;4_4;0.954436881766276;10;;brak;
1664.0445192602954;1733.6909293314045;4;4;4_4;0.9564057198620565;10;;brak;
1670.6744341727783;1740.3336689984706;4;4;4_4;0.9591900773992263;10;;brak;
1677.310761462553;1740.3400813757623;4;4;4_4;0.9611589154950069;10;;brak;
1683.9406763750358;1746.9828210428286;4;4;4_4;0.9639432730321768;10;;brak;
1690.5770036648105;1746.9892334201204;4;4;4_4;0.9659121111279574;10;;brak;
1697.2069185772937;1753.631973087187;4;4;4_4;0.9686964686651273;10;;brak;
1703.8432458670682;1753.6383854644785;4;4;4_4;0.970665306760908;10;;brak;
1710.473160779551;1760.2811251315447;4;4;4_4;0.9734496642980779;10;;brak;
1717.1094880693256;1760.2875375088363;4;4;4_4;0.9754185023938584;10;;brak;
1723.7394029818086;1766.9302771759028;4;4;4_4;0.9782028599310283;10;;brak;
1730.3757302715833;1766.9366895531946;4;4;4_4;0.9801716980268088;10;;brak;
1737.005645184066;1773.579429220261;4;4;4_4;0.9829560555639787;10;;brak;
1743.6419724738407;1773.5858415975526;4;4;4_4;0.9849248936597594;10;;brak;
1750.271887386324;1780.2285812646192;4;4;4_4;0.9877092511969293;10;;brak;
1756.9018022988066;1786.8713209316854;4;4;4_4;0.9904936087340992;10;;brak;
1763.5381295885811;1786.8777333089772;4;4;4_4;0.9924624468298797;10;;brak;
1770.168044501064;1793.5204729760435;4;4;4_4;0.9952468043670496;10;;brak;
1776.797959413547;1800.16321264311;4;4;4_4;0.9980311619042194;10;;brak;
1783.4342867033215;1800.1696250204016;4;4;4_4;1.0;10;;brak;
0.0;0.0;5;1;5_1;0.0;1;;brak;
6.332838931556978;-0.5020751510260197;5;1;5_1;0.0017138837953948366;1;;brak;
13.16775301414009;5.328688629504768;5;1;5_1;0.004137681503173683;1;;brak;
19.500591945697067;4.826613478478748;5;1;5_1;0.005851565298568519;1;;brak;
26.33550602828024;10.657377259009536;5;1;5_1;0.008275363006347377;1;;brak;
32.66834495983721;10.155302107983516;5;1;5_1;0.009989246801742213;1;;brak;
39.5032590424203;15.986065888514304;5;1;5_1;0.012413044509521054;1;;brak;
45.83609797397728;15.483990737488284;5;1;5_1;0.014126928304915892;1;;brak;
52.67101205656039;21.314754518018844;5;1;5_1;0.016550726012694698;1;;brak;
59.00385098811742;20.812679366992825;5;1;5_1;0.018264609808089548;1;;brak;
65.83876507070053;26.64344314752361;5;1;5_1;0.020688407515868392;1;;brak;
72.67367915328364;32.47420692805463;5;1;5_1;0.023112205223647278;1;;brak;
79.00651808484062;31.97213177702838;5;1;5_1;0.024826089019042118;1;;brak;
85.84143216742379;37.8028955575594;5;1;5_1;0.027249886726821018;1;;brak;
92.17427109898075;37.300820406533376;5;1;5_1;0.02896377052221585;1;;brak;
98.50711003053776;36.79874525550713;5;1;5_1;0.030677654317610704;1;;brak;
105.34202411312086;42.629509036038144;5;1;5_1;0.03310145202538958;1;;brak;
112.17693819570395;48.460272816568704;5;1;5_1;0.03552524973316839;1;;brak;
118.509777127261;47.95819766554269;5;1;5_1;0.03723913352856324;1;;brak;
124.84261605881798;47.45612251451644;5;1;5_1;0.03895301732395809;1;;brak;
131.6775301414011;53.28688629504745;5;1;5_1;0.04137681503173697;1;;brak;
138.01036907295807;52.784811144021205;5;1;5_1;0.04309069882713182;1;;brak;
144.84528315554124;58.61557492455222;5;1;5_1;0.045514496534910714;1;;brak;
151.17812208709822;58.11349977352597;5;1;5_1;0.04722838033030555;1;;brak;
158.01303616968136;63.94426355405699;5;1;5_1;0.04965217803808444;1;;brak;
164.34587510123828;63.44218840303074;5;1;5_1;0.05136606183347927;1;;brak;
171.18078918382145;69.27295218356176;5;1;5_1;0.053789859541258166;1;;brak;
177.51362811537848;68.77087703253551;5;1;5_1;0.05550374333665302;1;;brak;
184.34854219796156;74.6016408130663;5;1;5_1;0.05792754104443185;1;;brak;
190.68138112951857;74.09956566204005;5;1;5_1;0.0596414248398267;1;;brak;
197.5162952121016;79.93032944257106;5;1;5_1;0.06206522254760557;1;;brak;
203.84913414365863;79.42825429154482;5;1;5_1;0.06377910634300045;1;;brak;
210.68404822624177;85.25901807207583;5;1;5_1;0.06620290405077933;1;;brak;
217.01688715779875;84.75694292104959;5;1;5_1;0.06791678784617416;1;;brak;
223.85180124038183;90.5877067015806;5;1;5_1;0.07034058555395305;1;;brak;
230.18464017193884;90.08563155055435;5;1;5_1;0.0720544693493479;1;;brak;
237.019554254522;95.91639533108535;5;1;5_1;0.07447826705712679;1;;brak;
243.35239318607896;95.41432018005912;5;1;5_1;0.07619215085252162;1;;brak;
250.1873072686621;101.24508396058992;5;1;5_1;0.07861594856030048;1;;brak;
256.5201462002191;100.74300880956366;5;1;5_1;0.08032983235569532;1;;brak;
263.35506028280224;106.57377259009468;5;1;5_1;0.08275363006347422;1;;brak;
269.6878992143592;106.07169743906844;5;1;5_1;0.08446751385886907;1;;brak;
276.5228132969424;111.90246121959945;5;1;5_1;0.08689131156664796;1;;brak;
282.85565222849937;111.4003860685732;5;1;5_1;0.08860519536204281;1;;brak;
289.6905663110824;117.2311498491042;5;1;5_1;0.09102899306982168;1;;brak;
296.02340524263946;116.72907469807797;5;1;5_1;0.09274287686521654;1;;brak;
302.3562441741964;116.22699954705196;5;1;5_1;0.09445676066061136;1;;brak;
309.19115825677954;122.05776332758272;5;1;5_1;0.09688055836839018;1;;brak;
315.5239971883366;121.55568817655671;5;1;5_1;0.09859444216378503;1;;brak;
322.35891127091963;127.38645195708727;5;1;5_1;0.10101823987156383;2;5_1;SR_1_SM_0;0.5938125
328.69175020247667;126.88437680606124;5;1;5_1;0.10273212366695868;2;5_1;SR_1_SM_0;0.5938125
335.5266642850597;132.71514058659204;5;1;5_1;0.1051559213747375;2;5_1;SR_1_SM_0;0.5938125
342.3615783676429;138.54590436712306;5;1;5_1;0.1075797190825164;2;5_1;SR_1_SM_0;0.5938125
348.6944172991999;138.0438292160968;5;1;5_1;0.10929360287791126;2;5_1;SR_1_SM_0;0.5938125
355.529331381783;143.87459299662785;5;1;5_1;0.11171740058569014;2;5_1;SR_1_SM_0;0.5938125
361.86217031334;143.37251784560158;5;1;5_1;0.11343128438108503;2;5_1;SR_1_SM_0;0.5938125
368.69708439592296;149.2032816261326;5;1;5_1;0.11585508208886387;2;5_1;SR_1_SM_0;0.5938125
375.02992332748;148.70120647510635;5;1;5_1;0.11756896588425873;2;5_1;SR_1_SM_0;0.5938125
381.8648374100632;154.53197025563736;5;1;5_1;0.11999276359203766;2;5_1;SR_1_SM_0;0.5938125
388.1976763416201;154.02989510461111;5;1;5_1;0.12170664738743246;2;5_1;SR_1_SM_0;0.5938125
395.0325904242033;159.8606588851419;5;1;5_1;0.12413044509521133;2;5_1;SR_1_SM_0;0.5938125
401.3654293557603;159.35858373411588;5;1;5_1;0.12584432889060615;2;5_1;SR_1_SM_0;0.5938125
408.20034343834334;165.18934751464667;5;1;5_1;0.128268126598385;2;5_1;SR_1_SM_0;0.5938125
415.0352575209265;171.02011129517746;5;1;5_1;0.13069192430616383;2;5_1;SR_1_SM_0;0.5938125
421.8701716035096;176.85087507570847;5;1;5_1;0.13311572201394273;2;5_1;SR_1_SM_0;0.5938125
428.70508568609273;182.6816388562395;5;1;5_1;0.1355395197217216;2;5_1;SR_1_SM_0;0.5938125
429.20716083711886;189.0144777877963;5;1;5_1;0.1372534035171164;2;5_1;SR_1_SM_0;0.5938125
436.042074919702;194.84524156832708;5;1;5_1;0.13967720122489524;2;5_1;SR_1_SM_0;0.5938125
436.54415007072816;201.1780804998841;5;1;5_1;0.1413910850202901;2;5_1;SR_1_SM_0;0.5938125
443.3790641533112;207.00884428041516;5;1;5_1;0.143814882728069;2;5_1;SR_1_SM_0;0.5938125
443.88113930433735;213.34168321197217;5;1;5_1;0.14552876652346383;2;5_1;SR_1_SM_0;0.5938125
450.7160533869205;219.17244699250276;5;1;5_1;0.14795256423124264;2;5_1;SR_1_SM_0;0.5938125
451.21812853794665;225.50528592405976;5;1;5_1;0.1496664480266375;2;5_1;SR_1_SM_0;0.5938125
458.0530426205297;231.3360497045908;5;1;5_1;0.15209024573441637;2;5_1;SR_1_SM_0;0.5938125
458.55511777155584;237.6688886361478;5;1;5_1;0.1538041295298112;2;5_1;SR_1_SM_0;0.5938125
465.390031854139;243.4996524166786;5;1;5_1;0.15622792723759008;2;5_1;SR_1_SM_0;0.5938125
465.89210700516514;249.8324913482354;5;1;5_1;0.15794181103298485;2;5_1;SR_1_SM_0;0.5938125
472.7270210877483;255.6632551287664;5;1;5_1;0.16036560874076375;2;5_1;SR_1_SM_0;0.5938125
473.2290962387745;261.99609406032346;5;1;5_1;0.16207949253615864;2;5_1;SR_1_SM_0;0.5938125
480.0640103213575;267.82685784085425;5;1;5_1;0.16450329024393745;2;5_1;SR_1_SM_0;0.5938125
480.5660854723836;274.1596967724113;5;1;5_1;0.16621717403933228;2;5_1;SR_1_SM_0;0.5938125
481.06816062340977;280.4925357039681;5;1;5_1;0.16793105783472706;2;5_1;SR_1_SM_0;0.5938125
481.5702357744359;286.8253746355251;5;1;5_1;0.16964494163012192;2;5_1;SR_1_SM_0;0.5938125
482.072310925462;293.15821356708216;5;1;5_1;0.17135882542551675;2;5_1;SR_1_SM_0;0.5938125
476.2415471449313;299.99312764966544;5;1;5_1;0.17378262313329562;2;5_1;SR_1_SM_0;0.5938125
476.7436222959574;306.3259665812225;5;1;5_1;0.17549650692869048;2;5_1;SR_1_SM_0;0.5938125
477.2456974469835;312.6588055127793;5;1;5_1;0.17721039072408526;2;5_1;SR_1_SM_0;0.5938125
477.7477725980097;318.9916444443363;5;1;5_1;0.17892427451948015;2;5_1;SR_1_SM_0;0.5938125
478.2498477490358;325.3244833758933;5;1;5_1;0.180638158314875;2;5_1;SR_1_SM_0;0.5938125
478.7519229000619;331.6573223074504;5;1;5_1;0.18235204211026987;2;5_1;SR_1_SM_0;0.5938125
479.2539980510881;337.9901612390074;5;1;5_1;0.18406592590566473;2;5_1;SR_1_SM_0;0.5938125
479.7560732021142;344.3230001705642;5;1;5_1;0.1857798097010595;2;5_1;SR_1_SM_0;0.5938125
473.9253094215833;351.1579142531473;5;1;5_1;0.18820360740883837;2;5_1;SR_1_SM_0;0.5938125
474.4273845726094;357.4907531847043;5;1;5_1;0.18991749120423324;2;5_1;SR_1_SM_0;0.5938125
468.5966207920785;364.3256672672876;5;1;5_1;0.19234128891201213;2;5_1;SR_1_SM_0;0.5938125
462.7658570115477;371.16058134987065;5;1;5_1;0.194765086619791;2;5_1;SR_1_SM_0;0.5938125
463.26793216257386;377.49342028142746;5;1;5_1;0.19647897041518578;2;5_1;SR_1_SM_0;0.5938125
463.7700073136;383.8262592129845;5;1;5_1;0.1981928542105806;2;5_1;SR_1_SM_0;0.5938125
457.9392435330691;390.6611732955678;5;1;5_1;0.2006166519183595;3;5_1;SR_0_SM_0;0.6525452681926889
458.4413186840952;396.9940122271248;5;1;5_1;0.20233053571375437;3;5_1;SR_0_SM_0;0.6525452681926889
452.6105549035644;403.8289263097079;5;1;5_1;0.20475433342153324;3;5_1;SR_0_SM_0;0.6525452681926889
453.11263005459045;410.1617652412649;5;1;5_1;0.20646821721692807;3;5_1;SR_0_SM_0;0.6525452681926889
447.28186627405967;416.996679323848;5;1;5_1;0.2088920149247069;3;5_1;SR_0_SM_0;0.6525452681926889
447.7839414250857;423.329518255405;5;1;5_1;0.21060589872010174;3;5_1;SR_0_SM_0;0.6525452681926889
448.28601657611193;429.662357186962;5;1;5_1;0.2123197825154966;3;5_1;SR_0_SM_0;0.6525452681926889
448.788091727138;435.9951961185191;5;1;5_1;0.21403366631089146;3;5_1;SR_0_SM_0;0.6525452681926889
449.2901668781642;442.3280350500761;5;1;5_1;0.21574755010628632;3;5_1;SR_0_SM_0;0.6525452681926889
443.4594030976332;449.1629491326589;5;1;5_1;0.21817134781406516;3;5_1;SR_0_SM_0;0.6525452681926889
443.9614782486593;455.495788064216;5;1;5_1;0.21988523160946002;3;5_1;SR_0_SM_0;0.6525452681926889
444.4635533996855;461.828626995773;5;1;5_1;0.22159911540485489;3;5_1;SR_0_SM_0;0.6525452681926889
438.63278961915466;468.6635410783563;5;1;5_1;0.22402291311263378;3;5_1;SR_0_SM_0;0.6525452681926889
439.1348647701808;474.9963800099133;5;1;5_1;0.2257367969080286;3;5_1;SR_0_SM_0;0.6525452681926889
439.6369399212069;481.3292189414699;5;1;5_1;0.2274506807034233;3;5_1;SR_0_SM_0;0.6525452681926889
440.13901507223306;487.6620578730269;5;1;5_1;0.22916456449881817;3;5_1;SR_0_SM_0;0.6525452681926889
446.9739291548161;493.49282165355794;5;1;5_1;0.23158836220659704;3;5_1;SR_0_SM_0;0.6525452681926889
453.8088432373993;499.32358543408895;5;1;5_1;0.23401215991437593;3;5_1;SR_0_SM_0;0.6525452681926889
454.3109183884254;505.656424365646;5;1;5_1;0.23572604370977077;3;5_1;SR_0_SM_0;0.6525452681926889
461.1458324710086;511.48718814617655;5;1;5_1;0.23814984141754958;3;5_1;SR_0_SM_0;0.6525452681926889
461.6479076220347;517.8200270777336;5;1;5_1;0.2398637252129444;3;5_1;SR_0_SM_0;0.6525452681926889
468.4828217046178;523.6507908582646;5;1;5_1;0.24228752292072336;3;5_1;SR_0_SM_0;0.6525452681926889
468.9848968556439;529.9836297898216;5;1;5_1;0.2440014067161182;3;5_1;SR_0_SM_0;0.6525452681926889
475.8198109382271;535.8143935703524;5;1;5_1;0.24642520442389707;3;5_1;SR_0_SM_0;0.6525452681926889
476.3218860892532;542.1472325019092;5;1;5_1;0.24813908821929184;3;5_1;SR_0_SM_0;0.6525452681926889
483.15680017183627;547.9779962824402;5;1;5_1;0.2505628859270707;3;5_1;SR_0_SM_0;0.6525452681926889
483.6588753228624;554.3108352139973;5;1;5_1;0.25227676972246554;3;5_1;SR_0_SM_0;0.6525452681926889
490.4937894054456;560.1415989945281;5;1;5_1;0.25470056743024444;3;5_1;SR_0_SM_0;0.6525452681926889
490.9958645564717;566.4744379260851;5;1;5_1;0.2564144512256393;3;5_1;SR_0_SM_0;0.6525452681926889
497.83077863905487;572.3052017066159;5;1;5_1;0.25883824893341817;3;5_1;SR_0_SM_0;0.6525452681926889
498.332853790081;578.6380406381729;5;1;5_1;0.26055213272881306;3;5_1;SR_0_SM_0;0.6525452681926889
505.16776787266406;584.4688044187037;5;1;5_1;0.26297593043659184;3;5_1;SR_0_SM_0;0.6525452681926889
505.6698430236902;590.8016433502607;5;1;5_1;0.26468981423198673;3;5_1;SR_0_SM_0;0.6525452681926889
512.5047571062734;596.6324071307918;5;1;5_1;0.2671136119397656;3;5_1;SR_0_SM_0;0.6525452681926889
519.3396711888564;602.4631709113223;5;1;5_1;0.2695374096475444;3;5_1;SR_0_SM_0;0.6525452681926889
526.1745852714396;608.2939346918533;5;1;5_1;0.2719612073553233;3;5_1;SR_0_SM_0;0.6525452681926889
533.0094993540228;614.1246984723841;5;1;5_1;0.2743850050631022;3;5_1;SR_0_SM_0;0.6525452681926889
539.3423382855797;613.6226233213581;5;1;5_1;0.27609888885849704;3;5_1;SR_0_SM_0;0.6525452681926889
546.1772523681628;619.4533871018889;5;1;5_1;0.2785226865662759;3;5_1;SR_0_SM_0;0.6525452681926889
552.5100912997199;618.9513119508629;5;1;5_1;0.2802365703616707;3;5_1;SR_0_SM_0;0.6525452681926889
559.3450053823029;624.7820757313937;5;1;5_1;0.2826603680694496;3;5_1;SR_0_SM_0;0.6525452681926889
565.67784431386;624.2800005803676;5;1;5_1;0.28437425186484444;3;5_1;SR_0_SM_0;0.6525452681926889
572.512758396443;630.1107643608982;5;1;5_1;0.28679804957262317;3;5_1;SR_0_SM_0;0.6525452681926889
578.845597328;629.6086892098722;5;1;5_1;0.288511933368018;3;5_1;SR_0_SM_0;0.6525452681926889
585.6805114105832;635.439452990403;5;1;5_1;0.2909357310757969;3;5_1;SR_0_SM_0;0.6525452681926889
592.0133503421401;634.937377839377;5;1;5_1;0.2926496148711917;3;5_1;SR_0_SM_0;0.6525452681926889
598.8482644247233;640.7681416199077;5;1;5_1;0.2950734125789706;3;5_1;SR_0_SM_0;0.6525452681926889
605.1811033562802;640.2660664688817;5;1;5_1;0.29678729637436535;3;5_1;SR_0_SM_0;0.6525452681926889
612.0160174388634;646.0968302494125;5;1;5_1;0.2992110940821442;3;5_1;SR_0_SM_0;0.6525452681926889
618.3488563704204;645.5947550983865;5;1;5_1;0.300924977877539;4;5_1;SR_0_SM_0;0.6649203289991584
625.1837704530035;651.4255188789173;5;1;5_1;0.3033487755853179;4;5_1;SR_0_SM_0;0.6649203289991584
631.5166093845605;650.9234437278913;5;1;5_1;0.30506265938071275;4;5_1;SR_0_SM_0;0.6649203289991584
638.3515234671436;656.754207508422;5;1;5_1;0.30748645708849165;4;5_1;SR_0_SM_0;0.6649203289991584
644.6843623987006;656.252132357396;5;1;5_1;0.3092003408838865;4;5_1;SR_0_SM_0;0.6649203289991584
651.5192764812838;662.0828961379266;5;1;5_1;0.31162413859166527;4;5_1;SR_0_SM_0;0.6649203289991584
657.8521154128407;661.5808209869006;5;1;5_1;0.31333802238706004;4;5_1;SR_0_SM_0;0.6649203289991584
664.6870294954239;667.4115847674313;5;1;5_1;0.31576182009483894;4;5_1;SR_0_SM_0;0.6649203289991584
671.0198684269808;666.9095096164053;5;1;5_1;0.3174757038902338;4;5_1;SR_0_SM_0;0.6649203289991584
677.854782509564;672.7402733969361;5;1;5_1;0.3198995015980126;4;5_1;SR_0_SM_0;0.6649203289991584
684.187621441121;672.2381982459101;5;1;5_1;0.3216133853934075;4;5_1;SR_0_SM_0;0.6649203289991584
691.022535523704;678.0689620264409;5;1;5_1;0.32403718310118634;4;5_1;SR_0_SM_0;0.6649203289991584
697.3553744552611;677.5668868754149;5;1;5_1;0.3257510668965812;4;5_1;SR_0_SM_0;0.6649203289991584
704.1902885378443;683.3976506559457;5;1;5_1;0.3281748646043601;4;5_1;SR_0_SM_0;0.6649203289991584
710.5231274694012;682.8955755049196;5;1;5_1;0.3298887483997549;4;5_1;SR_0_SM_0;0.6649203289991584
717.3580415519843;688.7263392854502;5;1;5_1;0.33231254610753364;4;5_1;SR_0_SM_0;0.6649203289991584
723.6908804835413;688.2242641344242;5;1;5_1;0.3340264299029285;4;5_1;SR_0_SM_0;0.6649203289991584
730.5257945661244;694.055027914955;5;1;5_1;0.33645022761070736;4;5_1;SR_0_SM_0;0.6649203289991584
736.8586334976815;693.5529527639289;5;1;5_1;0.3381641114061022;4;5_1;SR_0_SM_0;0.6649203289991584
743.6935475802645;699.3837165444597;5;1;5_1;0.3405879091138811;4;5_1;SR_0_SM_0;0.6649203289991584
750.0263865118216;698.8816413934337;5;1;5_1;0.3423017929092759;4;5_1;SR_0_SM_0;0.6649203289991584
756.8613005944046;704.7124051739645;5;1;5_1;0.3447255906170547;4;5_1;SR_0_SM_0;0.6649203289991584
763.1941395259616;704.2103300229385;5;1;5_1;0.3464394744124496;4;5_1;SR_0_SM_0;0.6649203289991584
770.0290536085447;710.0410938034695;5;1;5_1;0.34886327212022844;4;5_1;SR_0_SM_0;0.6649203289991584
776.3618925401017;709.5390186524432;5;1;5_1;0.3505771559156233;4;5_1;SR_0_SM_0;0.6649203289991584
783.1968066226848;715.369782432974;5;1;5_1;0.3530009536234021;4;5_1;SR_0_SM_0;0.6649203289991584
789.5296455542418;714.8677072819478;5;1;5_1;0.35471483741879695;4;5_1;SR_0_SM_0;0.6649203289991584
796.3645596368249;720.6984710624786;5;1;5_1;0.3571386351265758;4;5_1;SR_0_SM_0;0.6649203289991584
802.6973985683819;720.1963959114526;5;1;5_1;0.35885251892197073;4;5_1;SR_0_SM_0;0.6649203289991584
809.532312650965;726.0271596919836;5;1;5_1;0.36127631662974957;4;5_1;SR_0_SM_0;0.6649203289991584
815.865151582522;725.5250845409573;5;1;5_1;0.3629902004251444;4;5_1;SR_0_SM_0;0.6649203289991584
822.7000656651053;731.3558483214883;5;1;5_1;0.36541399813292336;4;5_1;SR_0_SM_0;0.6649203289991584
829.0329045966621;730.8537731704621;5;1;5_1;0.36712788192831813;4;5_1;SR_0_SM_0;0.6649203289991584
835.8678186792451;736.6845369509931;5;1;5_1;0.36955167963609703;4;5_1;SR_0_SM_0;0.6649203289991584
842.2006576108022;736.1824617999669;5;1;5_1;0.37126556343149186;4;5_1;SR_0_SM_0;0.6649203289991584
849.0355716933855;742.0132255804976;5;1;5_1;0.3736893611392707;4;5_1;SR_0_SM_0;0.6649203289991584
855.3684106249425;741.5111504294714;5;1;5_1;0.37540324493466565;4;5_1;SR_0_SM_0;0.6649203289991584
862.2033247075256;747.3419142100024;5;1;5_1;0.3778270426424445;4;5_1;SR_0_SM_0;0.6649203289991584
868.5361636390824;746.8398390589762;5;1;5_1;0.37954092643783927;4;5_1;SR_0_SM_0;0.6649203289991584
875.3710777216655;752.6706028395072;5;1;5_1;0.3819647241456182;4;5_1;SR_0_SM_0;0.6649203289991584
881.7039166532226;752.1685276884809;5;1;5_1;0.38367860794101305;4;5_1;SR_0_SM_0;0.6649203289991584
888.5388307358057;757.999291469012;5;1;5_1;0.3861024056487919;4;5_1;SR_0_SM_0;0.6649203289991584
894.8716696673628;757.4972163179857;5;1;5_1;0.3878162894441868;4;5_1;SR_0_SM_0;0.6649203289991584
901.7065837499456;763.3279800985167;5;1;5_1;0.3902400871519656;4;5_1;SR_0_SM_0;0.6649203289991584
908.0394226815029;762.8259049474905;5;1;5_1;0.3919539709473606;4;5_1;SR_0_SM_0;0.6649203289991584
914.874336764086;768.6566687280213;5;1;5_1;0.39437776865513946;4;5_1;SR_0_SM_0;0.6649203289991584
921.207175695643;768.154593576995;5;1;5_1;0.39609165245053424;4;5_1;SR_0_SM_0;0.6649203289991584
928.0420897782262;773.985357357526;5;1;5_1;0.3985154501583132;4;5_1;SR_0_SM_0;0.6649203289991584
934.374928709783;773.4832822064998;5;1;5_1;0.40022933395370797;5;5_1;SR_0_SM_0;0.7021494370522006
941.209842792366;779.3140459870308;5;1;5_1;0.40265313166148675;5;5_1;SR_0_SM_0;0.7021494370522006
947.5426817239232;778.8119708360045;5;1;5_1;0.40436701545688175;5;5_1;SR_0_SM_0;0.7021494370522006
954.3775958065064;784.6427346165356;5;1;5_1;0.4067908131646606;5;5_1;SR_0_SM_0;0.7021494370522006
960.7104347380634;784.1406594655093;5;1;5_1;0.40850469696005554;5;5_1;SR_0_SM_0;0.7021494370522006
967.5453488206464;789.9714232460403;5;1;5_1;0.4109284946678343;5;5_1;SR_0_SM_0;0.7021494370522006
973.8781877522032;789.4693480950141;5;1;5_1;0.41264237846322915;5;5_1;SR_0_SM_0;0.7021494370522006
980.7131018347866;795.3001118755449;5;1;5_1;0.41506617617100805;5;5_1;SR_0_SM_0;0.7021494370522006
987.5480159173696;801.1308756560757;5;1;5_1;0.4174899738787869;5;5_1;SR_0_SM_0;0.7021494370522006
993.8808548489268;800.6288005050496;5;1;5_1;0.4192038576741817;5;5_1;SR_0_SM_0;0.7021494370522006
1000.7157689315096;806.4595642855804;5;1;5_1;0.4216276553819605;5;5_1;SR_0_SM_0;0.7021494370522006
1007.0486078630668;805.9574891345544;5;1;5_1;0.4233415391773554;5;5_1;SR_0_SM_0;0.7021494370522006
1013.8835219456498;811.7882529150852;5;1;5_1;0.42576533688513424;5;5_1;SR_0_SM_0;0.7021494370522006
1020.2163608772069;811.2861777640592;5;1;5_1;0.4274792206805291;5;5_1;SR_0_SM_0;0.7021494370522006
1027.05127495979;817.11694154459;5;1;5_1;0.4299030183883079;5;5_1;SR_0_SM_0;0.7021494370522006
1033.384113891347;816.614866393564;5;1;5_1;0.43161690218370274;5;5_1;SR_0_SM_0;0.7021494370522006
1040.21902797393;822.4456301740947;5;1;5_1;0.43404069989148164;5;5_1;SR_0_SM_0;0.7021494370522006
1046.551866905487;821.9435550230685;5;1;5_1;0.4357545836868765;5;5_1;SR_0_SM_0;0.7021494370522006
1053.3867809880703;827.7743188035993;5;1;5_1;0.4381783813946553;5;5_1;SR_0_SM_0;0.7021494370522006
1059.7196199196271;827.2722436525733;5;1;5_1;0.43989226519005015;5;5_1;SR_0_SM_0;0.7021494370522006
1066.5545340022104;833.103007433104;5;1;5_1;0.44231606289782904;5;5_1;SR_0_SM_0;0.7021494370522006
1072.8873729337672;832.600932282078;5;1;5_1;0.4440299466932238;5;5_1;SR_0_SM_0;0.7021494370522006
1079.2202118653242;832.0988571310518;5;1;5_1;0.44574383048861865;5;5_1;SR_0_SM_0;0.7021494370522006
1086.0551259479075;837.9296209115828;5;1;5_1;0.4481676281963976;5;5_1;SR_0_SM_0;0.7021494370522006
1092.3879648794646;837.4275457605565;5;1;5_1;0.44988151199179244;5;5_1;SR_0_SM_0;0.7021494370522006
1099.2228789620476;843.2583095410876;5;1;5_1;0.45230530969957133;5;5_1;SR_0_SM_0;0.7021494370522006
1105.5557178936044;842.7562343900613;5;1;5_1;0.4540191934949661;5;5_1;SR_0_SM_0;0.7021494370522006
1112.3906319761877;848.5869981705921;5;1;5_1;0.45644299120274495;5;5_1;SR_0_SM_0;0.7021494370522006
1118.7234709077447;848.0849230195661;5;1;5_1;0.4581568749981399;5;5_1;SR_0_SM_0;0.7021494370522006
1125.5583849903278;853.9156868000971;5;1;5_1;0.46058067270591874;5;5_1;SR_0_SM_0;0.7021494370522006
1132.3932990729108;859.7464505806277;5;1;5_1;0.46300447041369747;5;5_1;SR_0_SM_0;0.7021494370522006
1138.726138004468;859.2443754296016;5;1;5_1;0.46471835420909247;5;5_1;SR_0_SM_0;0.7021494370522006
1145.561052087051;865.0751392101326;5;1;5_1;0.46714215191687125;5;5_1;SR_0_SM_0;0.7021494370522006
1151.893891018608;864.5730640591064;5;1;5_1;0.4688560357122661;5;5_1;SR_0_SM_0;0.7021494370522006
1158.728805101191;870.4038278396372;5;1;5_1;0.4712798334200449;5;5_1;SR_0_SM_0;0.7021494370522006
1165.061644032748;869.9017526886112;5;1;5_1;0.47299371721543976;5;5_1;SR_0_SM_0;0.7021494370522006
1171.394482964305;869.3996775375849;5;1;5_1;0.47470760101083465;5;5_1;SR_0_SM_0;0.7021494370522006
1178.2293970468882;875.2304413181159;5;1;5_1;0.47713139871861354;5;5_1;SR_0_SM_0;0.7021494370522006
1184.5622359784452;874.7283661670897;5;1;5_1;0.4788452825140084;5;5_1;SR_0_SM_0;0.7021494370522006
1191.3971500610282;880.5591299476207;5;1;5_1;0.48126908022178727;5;5_1;SR_0_SM_0;0.7021494370522006
1197.7299889925853;880.0570547965945;5;1;5_1;0.4829829640171821;5;5_1;SR_0_SM_0;0.7021494370522006
1204.5649030751683;885.8878185771252;5;1;5_1;0.4854067617249609;5;5_1;SR_0_SM_0;0.7021494370522006
1210.8977420067254;885.3857434260992;5;1;5_1;0.4871206455203557;5;5_1;SR_0_SM_0;0.7021494370522006
1217.7326560893084;891.21650720663;5;1;5_1;0.4895444432281346;5;5_1;SR_0_SM_0;0.7021494370522006
1224.0654950208657;890.714432055604;5;1;5_1;0.49125832702352956;5;5_1;SR_0_SM_0;0.7021494370522006
1230.9004091034487;896.5451958361348;5;1;5_1;0.49368212473130846;5;5_1;SR_0_SM_0;0.7021494370522006
1237.7353231860316;902.3759596166656;5;1;5_1;0.4961059224390872;5;5_1;SR_0_SM_0;0.7021494370522006
1238.2373983370578;908.7087985482226;5;1;5_1;0.497819806234482;5;5_1;SR_0_SM_0;0.7021494370522006
1245.0723124196409;914.5395623287534;5;1;5_1;0.5002436039422609;6;5_1;SR_1_SM_0;0.5731904886333943
1245.574387570667;920.8724012603104;5;1;5_1;0.5019574877376557;6;5_1;SR_1_SM_0;0.5731904886333943
1252.4093016532502;926.7031650408412;5;1;5_1;0.5043812854454346;6;5_1;SR_1_SM_0;0.5731904886333943
1252.9113768042764;933.0360039723982;5;1;5_1;0.5060951692408294;6;5_1;SR_1_SM_0;0.5731904886333943
1259.7462908868597;938.8667677529291;5;1;5_1;0.5085189669486083;6;5_1;SR_1_SM_0;0.5731904886333943
1260.2483660378855;945.199606684486;5;1;5_1;0.5102328507440032;6;5_1;SR_1_SM_0;0.5731904886333943
1267.0832801204688;951.030370465017;5;1;5_1;0.512656648451782;6;5_1;SR_1_SM_0;0.5731904886333943
1267.585355271495;957.363209396574;5;1;5_1;0.5143705322471769;6;5_1;SR_1_SM_0;0.5731904886333943
1274.4202693540778;963.1939731771048;5;1;5_1;0.5167943299549557;6;5_1;SR_1_SM_0;0.5731904886333943
1274.922344505104;969.526812108662;5;1;5_1;0.5185082137503505;6;5_1;SR_1_SM_0;0.5731904886333943
1281.7572585876871;975.3575758891928;5;1;5_1;0.5209320114581294;6;5_1;SR_1_SM_0;0.5731904886333943
1282.2593337387134;981.6904148207498;5;1;5_1;0.5226458952535242;6;5_1;SR_1_SM_0;0.5731904886333943
1289.0942478212964;987.5211786012806;5;1;5_1;0.525069692961303;6;5_1;SR_1_SM_0;0.5731904886333943
1289.5963229723227;993.8540175328376;5;1;5_1;0.5267835767566978;6;5_1;SR_1_SM_0;0.5731904886333943
1296.4312370549058;999.6847813133684;5;1;5_1;0.5292073744644767;6;5_1;SR_1_SM_0;0.5731904886333943
1296.933312205932;1006.0176202449254;5;1;5_1;0.5309212582598716;6;5_1;SR_1_SM_0;0.5731904886333943
1297.435387356958;1012.3504591764824;5;1;5_1;0.5326351420552664;6;5_1;SR_1_SM_0;0.5731904886333943
1297.9374625079845;1018.6832981080396;5;1;5_1;0.5343490258506615;6;5_1;SR_1_SM_0;0.5731904886333943
1298.4395376590105;1025.0161370395963;5;1;5_1;0.5360629096460562;6;5_1;SR_1_SM_0;0.5731904886333943
1298.9416128100363;1031.348975971153;5;1;5_1;0.5377767934414509;6;5_1;SR_1_SM_0;0.5731904886333943
1293.1108490295055;1038.1838900537364;5;1;5_1;0.5402005911492297;6;5_1;SR_1_SM_0;0.5731904886333943
1293.6129241805318;1044.5167289852934;5;1;5_1;0.5419144749446246;6;5_1;SR_1_SM_0;0.5731904886333943
1294.1149993315578;1050.8495679168504;5;1;5_1;0.5436283587400195;6;5_1;SR_1_SM_0;0.5731904886333943
1294.617074482584;1057.1824068484077;5;1;5_1;0.5453422425354144;6;5_1;SR_1_SM_0;0.5731904886333943
1295.11914963361;1063.5152457799643;5;1;5_1;0.5470561263308091;6;5_1;SR_1_SM_0;0.5731904886333943
1289.2883858530793;1070.3501598625476;5;1;5_1;0.549479924038588;6;5_1;SR_1_SM_0;0.5731904886333943
1289.7904610041053;1076.6829987941046;5;1;5_1;0.5511938078339829;6;5_1;SR_1_SM_0;0.5731904886333943
1290.2925361551315;1083.0158377256616;5;1;5_1;0.5529076916293777;6;5_1;SR_1_SM_0;0.5731904886333943
1284.4617723746003;1089.8507518082447;5;1;5_1;0.5553314893371567;6;5_1;SR_1_SM_0;0.5731904886333943
1278.63100859407;1096.6856658908275;5;1;5_1;0.5577552870449354;6;5_1;SR_1_SM_0;0.5731904886333943
1279.133083745096;1103.0185048223848;5;1;5_1;0.5594691708403302;6;5_1;SR_1_SM_0;0.5731904886333943
1273.3023199645652;1109.8534189049678;5;1;5_1;0.5618929685481091;6;5_1;SR_1_SM_0;0.5731904886333943
1267.4715561840342;1116.6883329875511;5;1;5_1;0.5643167662558881;6;5_1;SR_1_SM_0;0.5731904886333943
1261.6407924035034;1123.5232470701342;5;1;5_1;0.5667405639636669;6;5_1;SR_1_SM_0;0.5731904886333943
1255.8100286229724;1130.3581611527172;5;1;5_1;0.5691643616714457;6;5_1;SR_1_SM_0;0.5731904886333943
1249.9792648424418;1137.1930752353005;5;1;5_1;0.5715881593792246;6;5_1;SR_1_SM_0;0.5731904886333943
1250.4813399934678;1143.525914166857;5;1;5_1;0.5733020431746193;6;5_1;SR_1_SM_0;0.5731904886333943
1250.983415144494;1149.8587530984144;5;1;5_1;0.5750159269700141;6;5_1;SR_1_SM_0;0.5731904886333943
1245.152651363963;1156.6936671809974;5;1;5_1;0.577439724677793;6;5_1;SR_1_SM_0;0.5731904886333943
1239.3218875834325;1163.5285812635805;5;1;5_1;0.5798635223855719;6;5_1;SR_1_SM_0;0.5731904886333943
1239.8239627344583;1169.8614201951375;5;1;5_1;0.5815774061809668;6;5_1;SR_1_SM_0;0.5731904886333943
1240.3260378854843;1176.1942591266943;5;1;5_1;0.5832912899763616;6;5_1;SR_1_SM_0;0.5731904886333943
1234.4952741049535;1183.0291732092776;5;1;5_1;0.5857150876841405;6;5_1;SR_1_SM_0;0.5731904886333943
1228.6645103244227;1189.8640872918606;5;1;5_1;0.5881388853919192;6;5_1;SR_1_SM_0;0.5731904886333943
1222.833746543892;1196.699001374444;5;1;5_1;0.5905626830996982;6;5_1;SR_1_SM_0;0.5731904886333943
1217.002982763361;1203.5339154570272;5;1;5_1;0.5929864808074771;6;5_1;SR_1_SM_0;0.5731904886333943
1217.5050579143872;1209.866754388584;5;1;5_1;0.5947003646028719;6;5_1;SR_1_SM_0;0.5731904886333943
1211.6742941338562;1216.7016684711673;5;1;5_1;0.5971241623106508;6;5_1;SR_1_SM_0;0.5731904886333943
1205.8435303533254;1223.5365825537503;5;1;5_1;0.5995479600184297;6;5_1;SR_1_SM_0;0.5731904886333943
1200.0127665727944;1230.3714966363334;5;1;5_1;0.6019717577262085;7;5_1;SR_0_SM_0;0.6560756354618722
1200.5148417238206;1236.7043355678904;5;1;5_1;0.6036856415216033;7;5_1;SR_0_SM_0;0.6560756354618722
1194.6840779432898;1243.5392496504735;5;1;5_1;0.6061094392293822;7;5_1;SR_0_SM_0;0.6560756354618722
1188.853314162759;1250.3741637330563;5;1;5_1;0.6085332369371609;7;5_1;SR_0_SM_0;0.6560756354618722
1189.355389313785;1256.7070026646136;5;1;5_1;0.6102471207325558;7;5_1;SR_0_SM_0;0.6560756354618722
1183.5246255332545;1263.5419167471966;5;1;5_1;0.6126709184403345;7;5_1;SR_0_SM_0;0.6560756354618722
1177.6938617527233;1270.37683082978;5;1;5_1;0.6150947161481136;7;5_1;SR_0_SM_0;0.6560756354618722
1178.1959369037495;1276.7096697613367;5;1;5_1;0.6168085999435082;7;5_1;SR_0_SM_0;0.6560756354618722
1172.3651731232185;1283.54458384392;5;1;5_1;0.6192323976512873;7;5_1;SR_0_SM_0;0.6560756354618722
1166.534409342688;1290.3794979265033;5;1;5_1;0.6216561953590661;7;5_1;SR_0_SM_0;0.6560756354618722
1167.036484493714;1296.71233685806;5;1;5_1;0.6233700791544609;7;5_1;SR_0_SM_0;0.6560756354618722
1161.2057207131832;1303.5472509406434;5;1;5_1;0.6257938768622399;7;5_1;SR_0_SM_0;0.6560756354618722
1155.374956932652;1310.3821650232264;5;1;5_1;0.6282176745700189;7;5_1;SR_0_SM_0;0.6560756354618722
1149.5441931521214;1317.2170791058095;5;1;5_1;0.6306414722777975;7;5_1;SR_0_SM_0;0.6560756354618722
1150.0462683031474;1323.5499180373663;5;1;5_1;0.6323553560731923;7;5_1;SR_0_SM_0;0.6560756354618722
1144.2155045226166;1330.3848321199496;5;1;5_1;0.6347791537809712;7;5_1;SR_0_SM_0;0.6560756354618722
1138.3847407420858;1337.2197462025326;5;1;5_1;0.6372029514887501;7;5_1;SR_0_SM_0;0.6560756354618722
1138.886815893112;1343.5525851340897;5;1;5_1;0.6389168352841449;7;5_1;SR_0_SM_0;0.6560756354618722
1133.056052112581;1350.3874992166727;5;1;5_1;0.6413406329919238;7;5_1;SR_0_SM_0;0.6560756354618722
1127.2252883320502;1357.2224132992558;5;1;5_1;0.6437644306997026;7;5_1;SR_0_SM_0;0.6560756354618722
1121.3945245515192;1364.057327381839;5;1;5_1;0.6461882284074816;7;5_1;SR_0_SM_0;0.6560756354618722
1121.8965997025457;1370.390166313396;5;1;5_1;0.6479021122028764;7;5_1;SR_0_SM_0;0.6560756354618722
1122.3986748535715;1376.723005244953;5;1;5_1;0.6496159959982711;7;5_1;SR_0_SM_0;0.6560756354618722
1116.5679110730407;1383.5579193275362;5;1;5_1;0.65203979370605;7;5_1;SR_0_SM_0;0.6560756354618722
1110.73714729251;1390.3928334101192;5;1;5_1;0.6544635914138289;7;5_1;SR_0_SM_0;0.6560756354618722
1104.9063835119791;1397.2277474927023;5;1;5_1;0.6568873891216078;7;5_1;SR_0_SM_0;0.6560756354618722
1099.075619731448;1404.0626615752856;5;1;5_1;0.6593111868293867;7;5_1;SR_0_SM_0;0.6560756354618722
1099.5776948824744;1410.3955005068426;5;1;5_1;0.6610250706247816;7;5_1;SR_0_SM_0;0.6560756354618722
1093.7469311019431;1417.2304145894257;5;1;5_1;0.6634488683325604;7;5_1;SR_0_SM_0;0.6560756354618722
1087.9161673214126;1424.0653286720087;5;1;5_1;0.6658726660403393;7;5_1;SR_0_SM_0;0.6560756354618722
1088.4182424724386;1430.3981676035658;5;1;5_1;0.6675865498357342;7;5_1;SR_0_SM_0;0.6560756354618722
1082.5874786919078;1437.2330816861488;5;1;5_1;0.670010347543513;7;5_1;SR_0_SM_0;0.6560756354618722
1076.756714911377;1444.067995768732;5;1;5_1;0.6724341452512917;7;5_1;SR_0_SM_0;0.6560756354618722
1070.9259511308462;1450.9029098513151;5;1;5_1;0.6748579429590706;7;5_1;SR_0_SM_0;0.6560756354618722
1071.4280262818722;1457.2357487828722;5;1;5_1;0.6765718267544655;7;5_1;SR_0_SM_0;0.6560756354618722
1071.9301014328985;1463.568587714429;5;1;5_1;0.6782857105498603;7;5_1;SR_0_SM_0;0.6560756354618722
1066.0993376523677;1470.4035017970125;5;1;5_1;0.6807095082576392;7;5_1;SR_0_SM_0;0.6560756354618722
1060.268573871837;1477.238415879595;5;1;5_1;0.683133305965418;7;5_1;SR_0_SM_0;0.6560756354618722
1054.4378100913057;1484.0733299621786;5;1;5_1;0.685557103673197;7;5_1;SR_0_SM_0;0.6560756354618722
1048.607046310775;1490.9082440447617;5;1;5_1;0.6879809013809758;7;5_1;SR_0_SM_0;0.6560756354618722
1049.1091214618011;1497.2410829763187;5;1;5_1;0.6896947851763706;7;5_1;SR_0_SM_0;0.6560756354618722
1043.2783576812703;1504.0759970589015;5;1;5_1;0.6921185828841494;7;5_1;SR_0_SM_0;0.6560756354618722
1043.7804328322964;1510.4088359904588;5;1;5_1;0.6938324666795443;7;5_1;SR_0_SM_0;0.6560756354618722
1044.2825079833224;1516.7416749220158;5;1;5_1;0.6955463504749392;7;5_1;SR_0_SM_0;0.6560756354618722
1038.4517442027916;1523.5765890045989;5;1;5_1;0.6979701481827181;7;5_1;SR_0_SM_0;0.6560756354618722
1038.9538193538176;1529.909427936156;5;1;5_1;0.6996840319781129;7;5_1;SR_0_SM_0;0.6560756354618722
1039.455894504844;1536.2422668677127;5;1;5_1;0.7013979157735077;8;5_1;SR_0_SM_0;0.4632693580410324
1033.6251307243128;1543.077180950296;5;1;5_1;0.7038217134812866;8;5_1;SR_0_SM_0;0.4632693580410324
1034.127205875339;1549.410019881853;5;1;5_1;0.7055355972766815;8;5_1;SR_0_SM_0;0.4632693580410324
1034.629281026365;1555.7428588134098;5;1;5_1;0.7072494810720763;8;5_1;SR_0_SM_0;0.4632693580410324
1035.1313561773914;1562.0756977449669;5;1;5_1;0.7089633648674711;8;5_1;SR_0_SM_0;0.4632693580410324
1035.6334313284174;1568.408536676524;5;1;5_1;0.7106772486628661;8;5_1;SR_0_SM_0;0.4632693580410324
1029.8026675478866;1575.243450759107;5;1;5_1;0.7131010463706449;8;5_1;SR_0_SM_0;0.4632693580410324
1030.3047426989126;1581.576289690664;5;1;5_1;0.7148149301660397;8;5_1;SR_0_SM_0;0.4632693580410324
1030.8068178499389;1587.909128622221;5;1;5_1;0.7165288139614346;8;5_1;SR_0_SM_0;0.4632693580410324
1024.976054069408;1594.744042704804;5;1;5_1;0.7189526116692133;8;5_1;SR_0_SM_0;0.4632693580410324
1025.4781292204343;1601.0768816363611;5;1;5_1;0.7206664954646081;8;5_1;SR_0_SM_0;0.4632693580410324
1025.9802043714603;1607.409720567918;5;1;5_1;0.722380379260003;8;5_1;SR_0_SM_0;0.4632693580410324
1020.1494405909295;1614.2446346505012;5;1;5_1;0.7248041769677819;8;5_1;SR_0_SM_0;0.4632693580410324
1020.6515157419556;1620.5774735820582;5;1;5_1;0.7265180607631768;8;5_1;SR_0_SM_0;0.4632693580410324
1021.1535908929818;1626.910312513615;5;1;5_1;0.7282319445585715;8;5_1;SR_0_SM_0;0.4632693580410324
1027.9885049755649;1632.741076294146;5;1;5_1;0.7306557422663504;8;5_1;SR_0_SM_0;0.4632693580410324
1034.823419058148;1638.5718400746769;5;1;5_1;0.7330795399741292;8;5_1;SR_0_SM_0;0.4632693580410324
1041.658333140731;1644.4026038552076;5;1;5_1;0.735503337681908;8;5_1;SR_0_SM_0;0.4632693580410324
1048.4932472233145;1650.233367635739;5;1;5_1;0.7379271353896871;8;5_1;SR_0_SM_0;0.4632693580410324
1055.3281613058973;1656.0641314162694;5;1;5_1;0.7403509330974658;8;5_1;SR_0_SM_0;0.4632693580410324
1062.1630753884806;1661.8948951968002;5;1;5_1;0.7427747308052447;8;5_1;SR_0_SM_0;0.4632693580410324
1068.9979894710634;1667.7256589773312;5;1;5_1;0.7451985285130235;8;5_1;SR_0_SM_0;0.4632693580410324
1075.8329035536467;1673.556422757862;5;1;5_1;0.7476223262208024;8;5_1;SR_0_SM_0;0.4632693580410324
1082.6678176362298;1679.3871865383928;5;1;5_1;0.7500461239285813;8;5_1;SR_0_SM_0;0.4632693580410324
1089.502731718813;1685.2179503189238;5;1;5_1;0.7524699216363602;8;5_1;SR_0_SM_0;0.4632693580410324
1096.337645801396;1691.0487140994546;5;1;5_1;0.754893719344139;8;5_1;SR_0_SM_0;0.4632693580410324
1103.1725598839791;1696.8794778799854;5;1;5_1;0.7573175170519179;8;5_1;SR_0_SM_0;0.4632693580410324
1110.0074739665622;1702.7102416605164;5;1;5_1;0.7597413147596968;8;5_1;SR_0_SM_0;0.4632693580410324
1116.8423880491457;1708.5410054410472;5;1;5_1;0.7621651124674756;8;5_1;SR_0_SM_0;0.4632693580410324
1123.6773021317283;1714.371769221578;5;1;5_1;0.7645889101752544;8;5_1;SR_0_SM_0;0.4632693580410324
1130.0101410632856;1713.869694070552;5;1;5_1;0.7663027939706493;8;5_1;SR_0_SM_0;0.4632693580410324
1136.3429799948426;1713.3676189195255;5;1;5_1;0.7680166777660442;8;5_1;SR_0_SM_0;0.4632693580410324
1143.1778940774257;1719.1983827000568;5;1;5_1;0.7704404754738231;8;5_1;SR_0_SM_0;0.4632693580410324
1149.5107330089827;1718.6963075490305;5;1;5_1;0.772154359269218;8;5_1;SR_0_SM_0;0.4632693580410324
1155.8435719405395;1718.1942323980045;5;1;5_1;0.7738682430646128;8;5_1;SR_0_SM_0;0.4632693580410324
1162.1764108720968;1717.6921572469782;5;1;5_1;0.7755821268600077;8;5_1;SR_0_SM_0;0.4632693580410324
1168.5092498036538;1717.1900820959522;5;1;5_1;0.7772960106554025;8;5_1;SR_0_SM_0;0.4632693580410324
1174.8420887352106;1716.688006944926;5;1;5_1;0.7790098944507973;8;5_1;SR_0_SM_0;0.4632693580410324
1181.1749276667676;1716.1859317939;5;1;5_1;0.7807237782461921;8;5_1;SR_0_SM_0;0.4632693580410324
1187.507766598325;1715.6838566428737;5;1;5_1;0.782437662041587;8;5_1;SR_0_SM_0;0.4632693580410324
1193.8406055298817;1715.1817814918477;5;1;5_1;0.7841515458369818;8;5_1;SR_0_SM_0;0.4632693580410324
1200.1734444614387;1714.6797063408214;5;1;5_1;0.7858654296323766;8;5_1;SR_0_SM_0;0.4632693580410324
1206.5062833929956;1714.1776311897954;5;1;5_1;0.7875793134277714;8;5_1;SR_0_SM_0;0.4632693580410324
1212.8391223245526;1713.6755560387692;5;1;5_1;0.7892931972231664;8;5_1;SR_0_SM_0;0.4632693580410324
1219.1719612561096;1713.1734808877432;5;1;5_1;0.7910070810185612;8;5_1;SR_0_SM_0;0.4632693580410324
1225.504800187667;1712.671405736717;5;1;5_1;0.7927209648139563;8;5_1;SR_0_SM_0;0.4632693580410324
1231.8376391192237;1712.169330585691;5;1;5_1;0.794434848609351;8;5_1;SR_0_SM_0;0.4632693580410324
1238.1704780507805;1711.6672554346646;5;1;5_1;0.7961487324047457;8;5_1;SR_0_SM_0;0.4632693580410324
1244.5033169823375;1711.1651802836386;5;1;5_1;0.7978626162001405;8;5_1;SR_0_SM_0;0.4632693580410324
1250.8361559138946;1710.6631051326124;5;1;5_1;0.7995764999955354;8;5_1;SR_0_SM_0;0.4632693580410324
1257.1689948454516;1710.1610299815864;5;1;5_1;0.8012903837909302;9;5_1;SR_1_SM_0;0.8865870255557236
1263.5018337770086;1709.65895483056;5;1;5_1;0.803004267586325;9;5_1;SR_1_SM_0;0.8865870255557236
1269.8346727085654;1709.156879679534;5;1;5_1;0.80471815138172;9;5_1;SR_1_SM_0;0.8865870255557236
1276.1675116401225;1708.6548045285078;5;1;5_1;0.8064320351771149;9;5_1;SR_1_SM_0;0.8865870255557236
1282.5003505716795;1708.1527293774818;5;1;5_1;0.8081459189725098;9;5_1;SR_1_SM_0;0.8865870255557236
1288.8331895032366;1707.6506542264556;5;1;5_1;0.8098598027679046;9;5_1;SR_1_SM_0;0.8865870255557236
1295.1660284347936;1707.1485790754296;5;1;5_1;0.8115736865632994;9;5_1;SR_1_SM_0;0.8865870255557236
1301.4988673663504;1706.6465039244033;5;1;5_1;0.8132875703586941;9;5_1;SR_1_SM_0;0.8865870255557236
1307.8317062979074;1706.1444287733773;5;1;5_1;0.815001454154089;9;5_1;SR_1_SM_0;0.8865870255557236
1314.1645452294645;1705.642353622351;5;1;5_1;0.8167153379494838;9;5_1;SR_1_SM_0;0.8865870255557236
1320.4973841610215;1705.140278471325;5;1;5_1;0.8184292217448786;9;5_1;SR_1_SM_0;0.8865870255557236
1326.8302230925783;1704.6382033202988;5;1;5_1;0.8201431055402736;9;5_1;SR_1_SM_0;0.8865870255557236
1333.1630620241351;1704.1361281692728;5;1;5_1;0.8218569893356684;9;5_1;SR_1_SM_0;0.8865870255557236
1339.4959009556924;1703.6340530182467;5;1;5_1;0.8235708731310633;9;5_1;SR_1_SM_0;0.8865870255557236
1345.8287398872494;1703.1319778672205;5;1;5_1;0.8252847569264581;9;5_1;SR_1_SM_0;0.8865870255557236
1352.1615788188064;1702.6299027161942;5;1;5_1;0.8269986407218529;9;5_1;SR_1_SM_0;0.8865870255557236
1358.4944177503637;1702.1278275651682;5;1;5_1;0.8287125245172479;9;5_1;SR_1_SM_0;0.8865870255557236
1364.8272566819203;1701.6257524141422;5;1;5_1;0.8304264083126426;9;5_1;SR_1_SM_0;0.8865870255557236
1371.160095613477;1701.123677263116;5;1;5_1;0.8321402921080374;9;5_1;SR_1_SM_0;0.8865870255557236
1377.4929345450344;1700.6216021120897;5;1;5_1;0.8338541759034322;9;5_1;SR_1_SM_0;0.8865870255557236
1383.8257734765914;1700.1195269610637;5;1;5_1;0.8355680596988272;9;5_1;SR_1_SM_0;0.8865870255557236
1390.1586124081484;1699.6174518100377;5;1;5_1;0.837281943494222;9;5_1;SR_1_SM_0;0.8865870255557236
1396.4914513397057;1699.1153766590114;5;1;5_1;0.838995827289617;9;5_1;SR_1_SM_0;0.8865870255557236
1402.8242902712625;1698.6133015079852;5;1;5_1;0.8407097110850117;9;5_1;SR_1_SM_0;0.8865870255557236
1409.1571292028193;1698.1112263569592;5;1;5_1;0.8424235948804065;9;5_1;SR_1_SM_0;0.8865870255557236
1415.4899681343763;1697.6091512059331;5;1;5_1;0.8441374786758014;9;5_1;SR_1_SM_0;0.8865870255557236
1421.8228070659334;1697.1070760549069;5;1;5_1;0.8458513624711962;9;5_1;SR_1_SM_0;0.8865870255557236
1428.1556459974904;1696.6050009038806;5;1;5_1;0.847565246266591;9;5_1;SR_1_SM_0;0.8865870255557236
1434.4884849290472;1696.1029257528546;5;1;5_1;0.8492791300619859;9;5_1;SR_1_SM_0;0.8865870255557236
1440.8213238606045;1695.6008506018286;5;1;5_1;0.8509930138573808;9;5_1;SR_1_SM_0;0.8865870255557236
1447.1541627921613;1695.0987754508023;5;1;5_1;0.8527068976527756;9;5_1;SR_1_SM_0;0.8865870255557236
1453.4870017237183;1694.5967002997763;5;1;5_1;0.8544207814481705;9;5_1;SR_1_SM_0;0.8865870255557236
1459.8198406552754;1694.09462514875;5;1;5_1;0.8561346652435653;9;5_1;SR_1_SM_0;0.8865870255557236
1466.1526795868322;1693.592549997724;5;1;5_1;0.8578485490389601;9;5_1;SR_1_SM_0;0.8865870255557236
1472.4855185183892;1693.0904748466978;5;1;5_1;0.859562432834355;9;5_1;SR_1_SM_0;0.8865870255557236
1478.8183574499462;1692.5883996956718;5;1;5_1;0.8612763166297498;9;5_1;SR_1_SM_0;0.8865870255557236
1485.1511963815033;1692.0863245446455;5;1;5_1;0.8629902004251446;9;5_1;SR_1_SM_0;0.8865870255557236
1491.4840353130603;1691.5842493936195;5;1;5_1;0.8647040842205396;9;5_1;SR_1_SM_0;0.8865870255557236
1497.816874244617;1691.0821742425933;5;1;5_1;0.8664179680159344;9;5_1;SR_1_SM_0;0.8865870255557236
1504.149713176174;1690.5800990915673;5;1;5_1;0.8681318518113291;9;5_1;SR_1_SM_0;0.8865870255557236
1510.4825521077312;1690.078023940541;5;1;5_1;0.8698457356067241;9;5_1;SR_1_SM_0;0.8865870255557236
1516.8153910392882;1689.575948789515;5;1;5_1;0.8715596194021189;9;5_1;SR_1_SM_0;0.8865870255557236
1523.1482299708453;1689.0738736384887;5;1;5_1;0.8732735031975137;9;5_1;SR_1_SM_0;0.8865870255557236
1529.481068902402;1688.5717984874627;5;1;5_1;0.8749873869929086;9;5_1;SR_1_SM_0;0.8865870255557236
1535.813907833959;1688.0697233364365;5;1;5_1;0.8767012707883034;9;5_1;SR_1_SM_0;0.8865870255557236
1542.146746765516;1687.5676481854105;5;1;5_1;0.8784151545836981;9;5_1;SR_1_SM_0;0.8865870255557236
1548.4795856970732;1687.0655730343842;5;1;5_1;0.8801290383790932;9;5_1;SR_1_SM_0;0.8865870255557236
1554.8124246286302;1686.5634978833582;5;1;5_1;0.881842922174488;9;5_1;SR_1_SM_0;0.8865870255557236
1561.145263560187;1686.061422732332;5;1;5_1;0.8835568059698827;9;5_1;SR_1_SM_0;0.8865870255557236
1567.478102491744;1685.559347581306;5;1;5_1;0.8852706897652776;9;5_1;SR_1_SM_0;0.8865870255557236
1573.810941423301;1685.0572724302797;5;1;5_1;0.8869845735606724;9;5_1;SR_1_SM_0;0.8865870255557236
1580.143780354858;1684.5551972792537;5;1;5_1;0.8886984573560673;9;5_1;SR_1_SM_0;0.8865870255557236
1586.4766192864151;1684.0531221282274;5;1;5_1;0.8904123411514622;9;5_1;SR_1_SM_0;0.8865870255557236
1592.809458217972;1683.5510469772014;5;1;5_1;0.8921262249468569;9;5_1;SR_1_SM_0;0.8865870255557236
1599.142297149529;1683.0489718261751;5;1;5_1;0.8938401087422517;9;5_1;SR_1_SM_0;0.8865870255557236
1605.475136081086;1682.5468966751491;5;1;5_1;0.8955539925376466;9;5_1;SR_1_SM_0;0.8865870255557236
1611.807975012643;1682.0448215241229;5;1;5_1;0.8972678763330415;9;5_1;SR_1_SM_0;0.8865870255557236
1618.1408139442;1681.5427463730969;5;1;5_1;0.8989817601284363;9;5_1;SR_1_SM_0;0.8865870255557236
1624.473652875757;1681.0406712220706;5;1;5_1;0.9006956439238311;10;5_1;SR_0_SM_0;1.0
1630.806491807314;1680.5385960710446;5;1;5_1;0.902409527719226;10;5_1;SR_0_SM_0;1.0
1637.139330738871;1680.0365209200183;5;1;5_1;0.9041234115146208;10;5_1;SR_0_SM_0;1.0
1643.472169670428;1679.5344457689923;5;1;5_1;0.9058372953100157;10;5_1;SR_0_SM_0;1.0
1649.805008601985;1679.0323706179663;5;1;5_1;0.9075511791054105;10;5_1;SR_0_SM_0;1.0
1656.137847533542;1678.53029546694;5;1;5_1;0.9092650629008053;10;5_1;SR_0_SM_0;1.0
1662.4706864650989;1678.0282203159138;5;1;5_1;0.9109789466962002;10;5_1;SR_0_SM_0;1.0
1668.803525396656;1677.5261451648878;5;1;5_1;0.9126928304915951;10;5_1;SR_0_SM_0;1.0
1674.6342891771867;1670.6912310823047;5;1;5_1;0.9151166281993738;10;5_1;SR_0_SM_0;1.0
1680.9671281087435;1670.1891559312785;5;1;5_1;0.9168305119947686;10;5_1;SR_0_SM_0;1.0
1687.2999670403008;1669.6870807802522;5;1;5_1;0.9185443957901637;10;5_1;SR_0_SM_0;1.0
1693.1307308208316;1662.8521666976692;5;1;5_1;0.9209681934979425;10;5_1;SR_0_SM_0;1.0
1698.9614946013623;1656.017252615086;5;1;5_1;0.9233919912057214;10;5_1;SR_0_SM_0;1.0
1704.7922583818934;1649.182338532503;5;1;5_1;0.9258157889135001;10;5_1;SR_0_SM_0;1.0
1704.2901832308671;1642.849499600946;5;1;5_1;0.927529672708895;10;5_1;SR_0_SM_0;1.0
1703.788108079841;1636.516660669389;5;1;5_1;0.9292435565042898;10;5_1;SR_0_SM_0;1.0
1696.9531939972578;1630.6858968888582;5;1;5_1;0.9316673542120687;10;5_1;SR_0_SM_0;1.0
1696.4511188462318;1624.3530579573012;5;1;5_1;0.9333812380074636;10;5_1;SR_0_SM_0;1.0
1695.9490436952055;1618.0202190257442;5;1;5_1;0.9350951218028585;10;5_1;SR_0_SM_0;1.0
1689.1141296126225;1612.1894552452134;5;1;5_1;0.9375189195106373;10;5_1;SR_0_SM_0;1.0
1688.6120544615962;1605.8566163136563;5;1;5_1;0.9392328033060321;10;5_1;SR_0_SM_0;1.0
1688.1099793105702;1599.5237773820993;5;1;5_1;0.9409466871014269;10;5_1;SR_0_SM_0;1.0
1681.2750652279872;1593.6930136015685;5;1;5_1;0.9433704848092058;10;5_1;SR_0_SM_0;1.0
1680.7729900769612;1587.3601746700117;5;1;5_1;0.9450843686046007;10;5_1;SR_0_SM_0;1.0
1680.270914925935;1581.027335738455;5;1;5_1;0.9467982523999955;10;5_1;SR_0_SM_0;1.0
1673.4360008433518;1575.1965719579237;5;1;5_1;0.9492220501077743;10;5_1;SR_0_SM_0;1.0
1672.9339256923256;1568.8637330263666;5;1;5_1;0.9509359339031692;10;5_1;SR_0_SM_0;1.0
1672.4318505412996;1562.5308940948096;5;1;5_1;0.952649817698564;10;5_1;SR_0_SM_0;1.0
1665.5969364587163;1556.7001303142788;5;1;5_1;0.9550736154063428;10;5_1;SR_0_SM_0;1.0
1665.0948613076905;1550.367291382722;5;1;5_1;0.9567874992017378;10;5_1;SR_0_SM_0;1.0
1664.592786156664;1544.034452451165;5;1;5_1;0.9585013829971326;10;5_1;SR_0_SM_0;1.0
1657.757872074081;1538.203688670634;5;1;5_1;0.9609251807049114;10;5_1;SR_0_SM_0;1.0
1657.2557969230547;1531.870849739077;5;1;5_1;0.9626390645003063;10;5_1;SR_0_SM_0;1.0
1650.4208828404717;1526.040085958546;5;1;5_1;0.9650628622080851;10;5_1;SR_0_SM_0;1.0
1649.9188076894454;1519.707247026989;5;1;5_1;0.96677674600348;10;5_1;SR_0_SM_0;1.0
1643.0838936068626;1513.8764832464583;5;1;5_1;0.9692005437112587;10;5_1;SR_0_SM_0;1.0
1636.248979524279;1508.0457194659275;5;1;5_1;0.9716243414190378;10;5_1;SR_0_SM_0;1.0
1629.4140654416965;1502.2149556853967;5;1;5_1;0.9740481391268163;10;5_1;SR_0_SM_0;1.0
1622.579151359113;1496.3841919048657;5;1;5_1;0.9764719368345953;10;5_1;SR_0_SM_0;1.0
1615.74423727653;1490.5534281243347;5;1;5_1;0.9788957345423742;10;5_1;SR_0_SM_0;1.0
1608.9093231939466;1484.722664343804;5;1;5_1;0.9813195322501531;10;5_1;SR_0_SM_0;1.0
1602.0744091113638;1478.891900563273;5;1;5_1;0.9837433299579319;10;5_1;SR_0_SM_0;1.0
1595.2394950287808;1473.0611367827423;5;1;5_1;0.9861671276657107;10;5_1;SR_0_SM_0;1.0
1588.4045809461977;1467.2303730022115;5;1;5_1;0.9885909253734896;10;5_1;SR_0_SM_0;1.0
1581.5696668636144;1461.3996092216803;5;1;5_1;0.9910147230812686;10;5_1;SR_0_SM_0;1.0
1574.7347527810311;1455.5688454411495;5;1;5_1;0.9934385207890474;10;5_1;SR_0_SM_0;1.0
1568.4019138494743;1456.070920592176;5;1;5_1;0.9951524045844423;10;5_1;SR_0_SM_0;1.0
1561.5669997668913;1450.240156811645;5;1;5_1;0.9975762022922211;10;5_1;SR_0_SM_0;1.0
1554.732085684308;1444.4093930311142;5;1;5_1;1.0;10;5_1;SR_0_SM_0;1.0
0.0;0.0;5;2;5_2;0.0;1;;brak;
6.332838931556978;-0.5020751510260197;5;2;5_2;0.0016291789002638155;1;;brak;
13.16775301414009;5.328688629504768;5;2;5_2;0.003933185796548982;1;;brak;
19.500591945697067;4.826613478478748;5;2;5_2;0.005562364696812797;1;;brak;
26.33550602828024;10.657377259009536;5;2;5_2;0.007866371593097974;1;;brak;
32.66834495983721;10.155302107983516;5;2;5_2;0.009495550493361789;1;;brak;
39.5032590424203;15.986065888514304;5;2;5_2;0.011799557389646949;1;;brak;
45.83609797397728;15.483990737488284;5;2;5_2;0.013428736289910766;1;;brak;
52.67101205656039;21.314754518018844;5;2;5_2;0.015732743186195892;1;;brak;
59.00385098811742;20.812679366992825;5;2;5_2;0.01736192208645972;1;;brak;
65.83876507070053;26.64344314752361;5;2;5_2;0.019665928982744885;1;;brak;
72.67367915328364;32.47420692805463;5;2;5_2;0.021969935879030088;1;;brak;
79.00651808484062;31.97213177702838;5;2;5_2;0.023599114779293908;1;;brak;
85.84143216742379;37.8028955575594;5;2;5_2;0.025903121675579125;1;;brak;
92.17427109898075;37.300820406533376;5;2;5_2;0.02753230057584294;1;;brak;
98.50711003053776;36.79874525550713;5;2;5_2;0.02916147947610677;1;;brak;
105.34202411312086;42.629509036038144;5;2;5_2;0.031465486372391965;1;;brak;
112.17693819570395;48.460272816568704;5;2;5_2;0.0337694932686771;1;;brak;
118.509777127261;47.95819766554269;5;2;5_2;0.03539867216894093;1;;brak;
124.84261605881798;47.45612251451644;5;2;5_2;0.037027851069204754;1;;brak;
131.6775301414011;53.28688629504745;5;2;5_2;0.03933185796548995;1;;brak;
138.01036907295807;52.784811144021205;5;2;5_2;0.040961036865753774;1;;brak;
144.84528315554124;58.61557492455222;5;2;5_2;0.04326504376203899;1;;brak;
151.17812208709822;58.11349977352597;5;2;5_2;0.0448942226623028;1;;brak;
158.01303616968136;63.94426355405699;5;2;5_2;0.04719822955858801;1;;brak;
164.34587510123828;63.44218840303074;5;2;5_2;0.04882740845885181;1;;brak;
171.18078918382145;69.27295218356176;5;2;5_2;0.05113141535513703;1;;brak;
177.51362811537848;68.77087703253551;5;2;5_2;0.05276059425540086;1;;brak;
184.34854219796156;74.6016408130663;5;2;5_2;0.05506460115168602;1;;brak;
190.68138112951857;74.09956566204005;5;2;5_2;0.056693780051949846;1;;brak;
197.5162952121016;79.93032944257106;5;2;5_2;0.05899778694823503;1;;brak;
203.84913414365863;79.42825429154482;5;2;5_2;0.06062696584849888;1;;brak;
210.68404822624177;85.25901807207583;5;2;5_2;0.06293097274478408;1;;brak;
217.01688715779875;84.75694292104959;5;2;5_2;0.0645601516450479;1;;brak;
223.85180124038183;90.5877067015806;5;2;5_2;0.06686415854133311;1;;brak;
230.18464017193884;90.08563155055435;5;2;5_2;0.06849333744159693;1;;brak;
237.019554254522;95.91639533108535;5;2;5_2;0.07079734433788215;1;;brak;
243.35239318607896;95.41432018005912;5;2;5_2;0.07242652323814595;1;;brak;
250.1873072686621;101.24508396058992;5;2;5_2;0.07473053013443112;1;;brak;
256.5201462002191;100.74300880956366;5;2;5_2;0.07635970903469495;1;;brak;
263.35506028280224;106.57377259009468;5;2;5_2;0.07866371593098016;1;;brak;
269.6878992143592;106.07169743906844;5;2;5_2;0.080292894831244;1;;brak;
276.5228132969424;111.90246121959945;5;2;5_2;0.0825969017275292;1;;brak;
282.85565222849937;111.4003860685732;5;2;5_2;0.08422608062779302;1;;brak;
289.6905663110824;117.2311498491042;5;2;5_2;0.08653008752407822;1;;brak;
296.02340524263946;116.72907469807797;5;2;5_2;0.08815926642434205;1;;brak;
302.3562441741964;116.22699954705196;5;2;5_2;0.08978844532460585;1;;brak;
309.19115825677954;122.05776332758272;5;2;5_2;0.092092452220891;1;;brak;
315.5239971883366;121.55568817655671;5;2;5_2;0.09372163112115482;1;;brak;
322.35891127091963;127.38645195708727;5;2;5_2;0.09602563801743993;1;;brak;
328.69175020247667;126.88437680606124;5;2;5_2;0.09765481691770377;1;;brak;
335.5266642850597;132.71514058659204;5;2;5_2;0.09995882381398892;1;;brak;
341.8595032166168;132.21306543556602;5;2;5_2;0.10158800271425276;2;5_2;SR_0_SM_0;0.7267240663326042
348.6944172991999;138.0438292160968;5;2;5_2;0.10389200961053793;2;5_2;SR_0_SM_0;0.7267240663326042
355.02725623075685;137.5417540650708;5;2;5_2;0.10552118851080172;2;5_2;SR_0_SM_0;0.7267240663326042
361.86217031334;143.37251784560158;5;2;5_2;0.10782519540708695;2;5_2;SR_0_SM_0;0.7267240663326042
368.19500924489694;142.87044269457556;5;2;5_2;0.10945437430735074;2;5_2;SR_0_SM_0;0.7267240663326042
375.02992332748;148.70120647510635;5;2;5_2;0.11175838120363589;2;5_2;SR_0_SM_0;0.7267240663326042
381.362762259037;148.19913132408033;5;2;5_2;0.11338756010389972;2;5_2;SR_0_SM_0;0.7267240663326042
387.695601190594;147.69705617305408;5;2;5_2;0.11501673900416354;2;5_2;SR_0_SM_0;0.7267240663326042
394.028440122151;147.19498102202806;5;2;5_2;0.11664591790442735;2;5_2;SR_0_SM_0;0.7267240663326042
400.361279053708;146.6929058710018;5;2;5_2;0.11827509680469118;2;5_2;SR_0_SM_0;0.7267240663326042
407.1961931362911;152.52366965153283;5;2;5_2;0.12057910370097637;2;5_2;SR_0_SM_0;0.7267240663326042
413.5290320678481;152.0215945005068;5;2;5_2;0.12220828260124023;2;5_2;SR_0_SM_0;0.7267240663326042
419.861870999405;151.51951934948056;5;2;5_2;0.12383746150150403;2;5_2;SR_0_SM_0;0.7267240663326042
426.19470993096206;151.01744419845454;5;2;5_2;0.12546664040176786;2;5_2;SR_0_SM_0;0.7267240663326042
432.5275488625191;150.5153690474283;5;2;5_2;0.1270958193020317;2;5_2;SR_0_SM_0;0.7267240663326042
439.36246294510215;156.34613282795908;5;2;5_2;0.12939982619831686;2;5_2;SR_0_SM_0;0.7267240663326042
445.6953018766592;155.84405767693283;5;2;5_2;0.1310290050985807;2;5_2;SR_0_SM_0;0.7267240663326042
452.0281408082161;155.3419825259068;5;2;5_2;0.1326581839988445;2;5_2;SR_0_SM_0;0.7267240663326042
458.36097973977314;154.83990737488057;5;2;5_2;0.13428736289910834;2;5_2;SR_0_SM_0;0.7267240663326042
464.6938186713302;154.33783222385455;5;2;5_2;0.13591654179937215;2;5_2;SR_0_SM_0;0.7267240663326042
471.0266576028871;153.8357570728283;5;2;5_2;0.13754572069963594;2;5_2;SR_0_SM_0;0.7267240663326042
477.8615716854703;159.66652085335932;5;2;5_2;0.13984972759592115;2;5_2;SR_0_SM_0;0.7267240663326042
484.1944106170272;159.16444570233307;5;2;5_2;0.14147890649618494;2;5_2;SR_0_SM_0;0.7267240663326042
490.5272495485842;158.66237055130705;5;2;5_2;0.1431080853964488;2;5_2;SR_0_SM_0;0.7267240663326042
496.86008848014126;158.1602954002808;5;2;5_2;0.1447372642967126;2;5_2;SR_0_SM_0;0.7267240663326042
503.1929274116982;157.65822024925478;5;2;5_2;0.1463664431969764;2;5_2;SR_0_SM_0;0.7267240663326042
510.02784149428135;163.48898402978557;5;2;5_2;0.14867045009326157;2;5_2;SR_0_SM_0;0.7267240663326042
516.3606804258384;162.98690887875955;5;2;5_2;0.15029962899352542;2;5_2;SR_0_SM_0;0.7267240663326042
522.6935193573953;162.4848337277333;5;2;5_2;0.15192880789378924;2;5_2;SR_0_SM_0;0.7267240663326042
529.0263582889523;161.98275857670728;5;2;5_2;0.15355798679405305;2;5_2;SR_0_SM_0;0.7267240663326042
534.8571220694831;155.147844494124;5;2;5_2;0.15586199369033824;2;5_2;SR_0_SM_0;0.7267240663326042
540.687885850014;148.31293041154095;5;2;5_2;0.15816600058662342;2;5_2;SR_0_SM_0;0.7267240663326042
546.5186496305449;141.4780163289579;5;2;5_2;0.1604700074829086;2;5_2;SR_0_SM_0;0.7267240663326042
546.0165744795188;135.14517739740086;5;2;5_2;0.16209918638317244;2;5_2;SR_0_SM_0;0.7267240663326042
545.5144993284928;128.81233846584382;5;2;5_2;0.16372836528343626;2;5_2;SR_0_SM_0;0.7267240663326042
545.0124241774665;122.4794995342868;5;2;5_2;0.1653575441837001;2;5_2;SR_0_SM_0;0.7267240663326042
550.8431879579973;115.64458545170372;5;2;5_2;0.16766155107998526;2;5_2;SR_0_SM_0;0.7267240663326042
556.6739517385283;108.80967136912044;5;2;5_2;0.1699655579762705;2;5_2;SR_0_SM_0;0.7267240663326042
556.1718765875021;102.47683243756364;5;2;5_2;0.1715947368765343;2;5_2;SR_0_SM_0;0.7267240663326042
555.6698014364761;96.1439935060066;5;2;5_2;0.1732239157767981;2;5_2;SR_0_SM_0;0.7267240663326042
555.1677262854498;89.81115457444957;5;2;5_2;0.17485309467706192;2;5_2;SR_0_SM_0;0.7267240663326042
560.9984900659806;82.97624049186652;5;2;5_2;0.17715710157334708;2;5_2;SR_0_SM_0;0.7267240663326042
566.8292538465116;76.14132640928324;5;2;5_2;0.1794611084696323;2;5_2;SR_0_SM_0;0.7267240663326042
572.6600176270424;69.30641232670041;5;2;5_2;0.18176511536591744;2;5_2;SR_0_SM_0;0.7267240663326042
572.1579424760164;62.973573395143376;5;2;5_2;0.18339429426618128;2;5_2;SR_0_SM_0;0.7267240663326042
571.6558673249901;56.64073446358634;5;2;5_2;0.1850234731664451;2;5_2;SR_0_SM_0;0.7267240663326042
571.1537921739641;50.307895532029306;5;2;5_2;0.18665265206670892;2;5_2;SR_0_SM_0;0.7267240663326042
570.651717022938;43.97505660047227;5;2;5_2;0.18828183096697274;2;5_2;SR_0_SM_0;0.7267240663326042
576.4824808034688;37.14014251788922;5;2;5_2;0.19058583786325792;2;5_2;SR_0_SM_0;0.7267240663326042
582.3132445839997;30.30522843530616;5;2;5_2;0.1928898447595431;2;5_2;SR_0_SM_0;0.7267240663326042
588.1440083645305;23.47031435272288;5;2;5_2;0.19519385165582828;2;5_2;SR_0_SM_0;0.7267240663326042
587.6419332135043;17.137475421165846;5;2;5_2;0.19682303055609213;2;5_2;SR_0_SM_0;0.7267240663326042
587.1398580624782;10.80463648960881;5;2;5_2;0.19845220945635594;2;5_2;SR_0_SM_0;0.7267240663326042
586.6377829114521;4.471797558052003;5;2;5_2;0.2000813883566197;3;5_2;SR_0_SM_0;0.4753559693318729
586.1357077604259;-1.8610413735050315;5;2;5_2;0.20171056725688355;3;5_2;SR_0_SM_0;0.4753559693318729
585.6336326093998;-8.193880305062066;5;2;5_2;0.20333974615714737;3;5_2;SR_0_SM_0;0.4753559693318729
591.4643963899307;-15.02879438764512;5;2;5_2;0.20564375305343255;3;5_2;SR_0_SM_0;0.4753559693318729
597.2951601704616;-21.863708470228403;5;2;5_2;0.20794775994971776;3;5_2;SR_0_SM_0;0.4753559693318729
603.1259239509924;-28.69862255281123;5;2;5_2;0.21025176684600286;3;5_2;SR_0_SM_0;0.4753559693318729
609.4587628825494;-29.20069770383748;5;2;5_2;0.21188094574626676;3;5_2;SR_0_SM_0;0.4753559693318729
615.2895266630802;-36.03561178642053;5;2;5_2;0.2141849526425519;3;5_2;SR_0_SM_0;0.4753559693318729
621.1202904436111;-42.87052586900381;5;2;5_2;0.21648895953883712;3;5_2;SR_0_SM_0;0.4753559693318729
627.4531293751681;-43.37260102002983;5;2;5_2;0.21811813843910094;3;5_2;SR_0_SM_0;0.4753559693318729
634.2880434577512;-37.541837239499046;5;2;5_2;0.2204221453353861;3;5_2;SR_0_SM_0;0.4753559693318729
640.6208823893082;-38.043912390525065;5;2;5_2;0.2220513242356499;3;5_2;SR_0_SM_0;0.4753559693318729
646.9537213208653;-38.54598754155131;5;2;5_2;0.22368050313591376;3;5_2;SR_0_SM_0;0.4753559693318729
653.2865602524222;-39.04806269257733;5;2;5_2;0.22530968203617754;3;5_2;SR_0_SM_0;0.4753559693318729
659.6193991839792;-39.55013784360358;5;2;5_2;0.2269388609364414;3;5_2;SR_0_SM_0;0.4753559693318729
665.9522381155361;-40.0522129946296;5;2;5_2;0.22856803983670518;3;5_2;SR_0_SM_0;0.4753559693318729
672.2850770470932;-40.554288145655846;5;2;5_2;0.23019721873696902;3;5_2;SR_0_SM_0;0.4753559693318729
678.6179159786502;-41.056363296681866;5;2;5_2;0.23182639763723284;3;5_2;SR_0_SM_0;0.4753559693318729
684.9507549102071;-41.55843844770811;5;2;5_2;0.23345557653749663;3;5_2;SR_0_SM_0;0.4753559693318729
691.2835938417642;-42.06051359873413;5;2;5_2;0.23508475543776045;3;5_2;SR_0_SM_0;0.4753559693318729
697.6164327733211;-42.56258874976038;5;2;5_2;0.23671393433802426;3;5_2;SR_0_SM_0;0.4753559693318729
703.9492717048781;-43.0646639007864;5;2;5_2;0.23834311323828808;3;5_2;SR_0_SM_0;0.4753559693318729
710.2821106364352;-43.56673905181265;5;2;5_2;0.23997229213855195;3;5_2;SR_0_SM_0;0.4753559693318729
716.6149495679921;-44.06881420283867;5;2;5_2;0.24160147103881577;3;5_2;SR_0_SM_0;0.4753559693318729
722.9477884995491;-44.570889353864686;5;2;5_2;0.2432306499390796;3;5_2;SR_0_SM_0;0.4753559693318729
729.280627431106;-45.07296450489093;5;2;5_2;0.24485982883934343;3;5_2;SR_0_SM_0;0.4753559693318729
735.6134663626631;-45.57503965591718;5;2;5_2;0.24648900773960725;3;5_2;SR_0_SM_0;0.4753559693318729
742.4483804452462;-39.744275875386165;5;2;5_2;0.24879301463589246;3;5_2;SR_0_SM_0;0.4753559693318729
748.7812193768032;-40.246351026412185;5;2;5_2;0.25042219353615625;3;5_2;SR_0_SM_0;0.4753559693318729
755.1140583083602;-40.74842617743843;5;2;5_2;0.25205137243642006;3;5_2;SR_0_SM_0;0.4753559693318729
761.4468972399172;-41.25050132846445;5;2;5_2;0.25368055133668393;3;5_2;SR_0_SM_0;0.4753559693318729
767.7797361714742;-41.7525764794907;5;2;5_2;0.25530973023694775;3;5_2;SR_0_SM_0;0.4753559693318729
774.1125751030311;-42.25465163051672;5;2;5_2;0.2569389091372115;3;5_2;SR_0_SM_0;0.4753559693318729
780.4454140345881;-42.756726781542966;5;2;5_2;0.25856808803747533;3;5_2;SR_0_SM_0;0.4753559693318729
786.7782529661451;-43.258801932568986;5;2;5_2;0.26019726693773915;3;5_2;SR_0_SM_0;0.4753559693318729
793.1110918977022;-43.76087708359523;5;2;5_2;0.261826445838003;3;5_2;SR_0_SM_0;0.4753559693318729
799.4439308292592;-44.26295223462125;5;2;5_2;0.2634556247382668;3;5_2;SR_0_SM_0;0.4753559693318729
805.776769760816;-44.7650273856475;5;2;5_2;0.2650848036385306;3;5_2;SR_0_SM_0;0.4753559693318729
812.6116838433992;-38.93426360511671;5;2;5_2;0.2673888105348158;3;5_2;SR_0_SM_0;0.4753559693318729
818.9445227749562;-39.43633875614296;5;2;5_2;0.26901798943507965;3;5_2;SR_0_SM_0;0.4753559693318729
825.2773617065133;-39.93841390716898;5;2;5_2;0.27064716833534347;3;5_2;SR_0_SM_0;0.4753559693318729
831.6102006380703;-40.440489058195226;5;2;5_2;0.2722763472356073;3;5_2;SR_0_SM_0;0.4753559693318729
837.9430395696271;-40.942564209221246;5;2;5_2;0.2739055261358711;3;5_2;SR_0_SM_0;0.4753559693318729
844.2758785011841;-41.44463936024749;5;2;5_2;0.2755347050361349;3;5_2;SR_0_SM_0;0.4753559693318729
850.6087174327412;-41.94671451127351;5;2;5_2;0.27716388393639874;3;5_2;SR_0_SM_0;0.4753559693318729
857.4436315153243;-36.115950730742725;5;2;5_2;0.2794678908326839;3;5_2;SR_0_SM_0;0.4753559693318729
863.7764704468814;-36.618025881768745;5;2;5_2;0.28109706973294774;3;5_2;SR_0_SM_0;0.4753559693318729
870.1093093784382;-37.12010103279499;5;2;5_2;0.28272624863321155;3;5_2;SR_0_SM_0;0.4753559693318729
876.4421483099952;-37.62217618382101;5;2;5_2;0.2843554275334754;3;5_2;SR_0_SM_0;0.4753559693318729
882.7749872415523;-38.12425133484726;5;2;5_2;0.28598460643373924;3;5_2;SR_0_SM_0;0.4753559693318729
889.1078261731093;-38.62632648587328;5;2;5_2;0.28761378533400306;3;5_2;SR_0_SM_0;0.4753559693318729
895.4406651046663;-39.128401636899525;5;2;5_2;0.2892429642342669;3;5_2;SR_0_SM_0;0.4753559693318729
901.7735040362232;-39.630476787925545;5;2;5_2;0.29087214313453064;3;5_2;SR_0_SM_0;0.4753559693318729
908.1063429677802;-40.13255193895179;5;2;5_2;0.2925013220347944;3;5_2;SR_0_SM_0;0.4753559693318729
914.4391818993372;-40.63462708997781;5;2;5_2;0.29413050093505827;3;5_2;SR_0_SM_0;0.4753559693318729
920.7720208308942;-41.13670224100406;5;2;5_2;0.2957596798353221;3;5_2;SR_0_SM_0;0.4753559693318729
927.1048597624512;-41.63877739203008;5;2;5_2;0.29738885873558585;3;5_2;SR_0_SM_0;0.4753559693318729
933.437698694008;-42.140852543056326;5;2;5_2;0.2990180376358497;3;5_2;SR_0_SM_0;0.4753559693318729
940.2726127765912;-36.31008876252531;5;2;5_2;0.3013220445321349;4;5_2;SR_0_SM_0;0.4140786749482402
946.6054517081482;-36.81216391355156;5;2;5_2;0.3029512234323987;4;5_2;SR_0_SM_0;0.4140786749482402
952.9382906397052;-37.31423906457758;5;2;5_2;0.30458040233266254;4;5_2;SR_0_SM_0;0.4140786749482402
959.2711295712622;-37.81631421560383;5;2;5_2;0.30620958123292635;4;5_2;SR_0_SM_0;0.4140786749482402
965.603968502819;-38.318389366629845;5;2;5_2;0.30783876013319017;4;5_2;SR_0_SM_0;0.4140786749482402
971.936807434376;-38.82046451765609;5;2;5_2;0.309467939033454;4;5_2;SR_0_SM_0;0.4140786749482402
978.2696463659332;-39.32253966868211;5;2;5_2;0.3110971179337178;4;5_2;SR_0_SM_0;0.4140786749482402
984.60248529749;-39.82461481970836;5;2;5_2;0.3127262968339817;4;5_2;SR_0_SM_0;0.4140786749482402
990.9353242290472;-40.32668997073438;5;2;5_2;0.3143554757342455;4;5_2;SR_0_SM_0;0.4140786749482402
997.7702383116304;-34.49592619020359;5;2;5_2;0.3166594826305307;4;5_2;SR_0_SM_0;0.4140786749482402
1004.1030772431872;-34.99800134122961;5;2;5_2;0.31828866153079444;4;5_2;SR_0_SM_0;0.4140786749482402
1010.4359161747444;-35.50007649225586;5;2;5_2;0.3199178404310583;4;5_2;SR_0_SM_0;0.4140786749482402
1016.7687551063012;-36.00215164328188;5;2;5_2;0.3215470193313221;4;5_2;SR_0_SM_0;0.4140786749482402
1023.1015940378584;-36.50422679430813;5;2;5_2;0.32317619823158594;4;5_2;SR_0_SM_0;0.4140786749482402
1029.4344329694154;-37.006301945334144;5;2;5_2;0.32480537713184976;4;5_2;SR_0_SM_0;0.4140786749482402
1035.7672719009722;-37.50837709636039;5;2;5_2;0.3264345560321136;4;5_2;SR_0_SM_0;0.4140786749482402
1042.6021859835553;-31.677613315829376;5;2;5_2;0.3287385629283988;4;5_2;SR_0_SM_0;0.4140786749482402
1048.9350249151123;-32.1796884668554;5;2;5_2;0.33036774182866263;4;5_2;SR_0_SM_0;0.4140786749482402
1055.2678638466691;-32.68176361788164;5;2;5_2;0.33199692072892634;4;5_2;SR_0_SM_0;0.4140786749482402
1061.6007027782264;-33.18383876890789;5;2;5_2;0.33362609962919026;4;5_2;SR_0_SM_0;0.4140786749482402
1067.9335417097832;-33.68591391993391;5;2;5_2;0.3352552785294541;4;5_2;SR_0_SM_0;0.4140786749482402
1074.2663806413402;-34.18798907095993;5;2;5_2;0.3368844574297179;4;5_2;SR_0_SM_0;0.4140786749482402
1080.5992195728973;-34.69006422198618;5;2;5_2;0.3385136363299817;4;5_2;SR_0_SM_0;0.4140786749482402
1086.9320585044543;-35.1921393730122;5;2;5_2;0.34014281523024553;4;5_2;SR_0_SM_0;0.4140786749482402
1093.264897436011;-35.69421452403844;5;2;5_2;0.3417719941305093;4;5_2;SR_0_SM_0;0.4140786749482402
1099.597736367568;-36.19628967506446;5;2;5_2;0.3434011730307731;4;5_2;SR_0_SM_0;0.4140786749482402
1105.9305752991252;-36.69836482609071;5;2;5_2;0.345030351931037;4;5_2;SR_0_SM_0;0.4140786749482402
1112.7654893817084;-30.867601045559923;5;2;5_2;0.34733435882732216;4;5_2;SR_0_SM_0;0.4140786749482402
1119.0983283132657;-31.36967619658617;5;2;5_2;0.34896353772758615;4;5_2;SR_0_SM_0;0.4140786749482402
1125.4311672448223;-31.87175134761219;5;2;5_2;0.35059271662784985;4;5_2;SR_0_SM_0;0.4140786749482402
1131.764006176379;-32.37382649863844;5;2;5_2;0.35222189552811356;4;5_2;SR_0_SM_0;0.4140786749482402
1138.0968451079364;-32.875901649664456;5;2;5_2;0.3538510744283775;4;5_2;SR_0_SM_0;0.4140786749482402
1144.4296840394934;-33.3779768006907;5;2;5_2;0.3554802533286413;4;5_2;SR_0_SM_0;0.4140786749482402
1150.7625229710504;-33.88005195171672;5;2;5_2;0.3571094322289052;4;5_2;SR_0_SM_0;0.4140786749482402
1157.5974370536337;-28.049288171185932;5;2;5_2;0.35941343912519036;4;5_2;SR_0_SM_0;0.4140786749482402
1163.9302759851903;-28.551363322211955;5;2;5_2;0.36104261802545407;4;5_2;SR_0_SM_0;0.4140786749482402
1170.263114916747;-29.0534384732382;5;2;5_2;0.3626717969257179;4;5_2;SR_0_SM_0;0.4140786749482402
1176.5959538483044;-29.555513624264226;5;2;5_2;0.36430097582598175;4;5_2;SR_0_SM_0;0.4140786749482402
1182.9287927798614;-30.05758877529047;5;2;5_2;0.36593015472624557;4;5_2;SR_0_SM_0;0.4140786749482402
1189.2616317114184;-30.55966392631649;5;2;5_2;0.3675593336265094;4;5_2;SR_0_SM_0;0.4140786749482402
1195.5944706429752;-31.061739077342736;5;2;5_2;0.36918851252677315;4;5_2;SR_0_SM_0;0.4140786749482402
1201.9273095745325;-31.56381422836876;5;2;5_2;0.370817691427037;4;5_2;SR_0_SM_0;0.4140786749482402
1208.2601485060893;-32.065889379395;5;2;5_2;0.37244687032730084;4;5_2;SR_0_SM_0;0.4140786749482402
1215.0950625886726;-26.235125598863988;5;2;5_2;0.3747508772235861;4;5_2;SR_0_SM_0;0.4140786749482402
1221.4279015202296;-26.737200749890235;5;2;5_2;0.3763800561238499;4;5_2;SR_0_SM_0;0.4140786749482402
1227.7607404517864;-27.23927590091625;5;2;5_2;0.37800923502411365;4;5_2;SR_0_SM_0;0.4140786749482402
1234.0935793833437;-27.7413510519425;5;2;5_2;0.3796384139243775;4;5_2;SR_0_SM_0;0.4140786749482402
1240.4264183149005;-28.24342620296852;5;2;5_2;0.3812675928246413;4;5_2;SR_0_SM_0;0.4140786749482402
1247.2613323974836;-22.412662422437734;5;2;5_2;0.38357159972092647;4;5_2;SR_0_SM_0;0.4140786749482402
1253.5941713290406;-22.914737573463757;5;2;5_2;0.3852007786211903;4;5_2;SR_0_SM_0;0.4140786749482402
1259.9270102605976;-23.41681272449;5;2;5_2;0.3868299575214541;4;5_2;SR_0_SM_0;0.4140786749482402
1266.2598491921544;-23.91888787551602;5;2;5_2;0.3884591364217178;4;5_2;SR_0_SM_0;0.4140786749482402
1272.5926881237117;-24.420963026542267;5;2;5_2;0.39008831532198185;4;5_2;SR_0_SM_0;0.4140786749482402
1278.9255270552685;-24.923038177568287;5;2;5_2;0.3917174942222456;4;5_2;SR_0_SM_0;0.4140786749482402
1285.2583659868255;-25.42511332859453;5;2;5_2;0.3933466731225094;4;5_2;SR_0_SM_0;0.4140786749482402
1291.5912049183826;-25.927188479620558;5;2;5_2;0.39497585202277324;4;5_2;SR_0_SM_0;0.4140786749482402
1297.9240438499394;-26.4292636306468;5;2;5_2;0.396605030923037;4;5_2;SR_0_SM_0;0.4140786749482402
1304.2568827814964;-26.93133878167282;5;2;5_2;0.3982342098233008;4;5_2;SR_0_SM_0;0.4140786749482402
1310.5897217130537;-27.433413932699068;5;2;5_2;0.3998633887235647;4;5_2;SR_0_SM_0;0.4140786749482402
1317.4246357956367;-21.602650152168053;5;2;5_2;0.4021673956198499;5;5_2;SR_0_SM_0;0.3777239709443099
1323.7574747271938;-22.1047253031943;5;2;5_2;0.4037965745201138;5;5_2;SR_0_SM_0;0.3777239709443099
1330.0903136587506;-22.60680045422032;5;2;5_2;0.40542575342037757;5;5_2;SR_0_SM_0;0.3777239709443099
1336.4231525903076;-23.108875605246567;5;2;5_2;0.4070549323206414;5;5_2;SR_0_SM_0;0.3777239709443099
1342.7559915218646;-23.610950756272587;5;2;5_2;0.4086841112209052;5;5_2;SR_0_SM_0;0.3777239709443099
1349.0888304534217;-24.113025907298837;5;2;5_2;0.410313290121169;5;5_2;SR_0_SM_0;0.3777239709443099
1355.4216693849787;-24.615101058324854;5;2;5_2;0.41194246902143283;5;5_2;SR_0_SM_0;0.3777239709443099
1361.7545083165355;-25.1171762093511;5;2;5_2;0.4135716479216966;5;5_2;SR_0_SM_0;0.3777239709443099
1368.0873472480926;-25.61925136037712;5;2;5_2;0.4152008268219604;5;5_2;SR_0_SM_0;0.3777239709443099
1374.4201861796496;-26.12132651140314;5;2;5_2;0.41683000572222434;5;5_2;SR_0_SM_0;0.3777239709443099
1380.7530251112066;-26.623401662429387;5;2;5_2;0.41845918462248816;5;5_2;SR_0_SM_0;0.3777239709443099
1387.5879391937897;-20.7926378818986;5;2;5_2;0.42076319151877334;5;5_2;SR_0_SM_0;0.3777239709443099
1393.9207781253465;-21.294713032924847;5;2;5_2;0.42239237041903704;5;5_2;SR_0_SM_0;0.3777239709443099
1400.2536170569035;-21.796788183951094;5;2;5_2;0.42402154931930086;5;5_2;SR_0_SM_0;0.3777239709443099
1406.5864559884606;-22.298863334977117;5;2;5_2;0.4256507282195647;5;5_2;SR_0_SM_0;0.3777239709443099
1412.9192949200176;-22.800938486003133;5;2;5_2;0.4272799071198285;5;5_2;SR_0_SM_0;0.3777239709443099
1419.7542090026009;-16.970174705472346;5;2;5_2;0.4295839140161137;5;5_2;SR_0_SM_0;0.3777239709443099
1426.0870479341577;-17.472249856498365;5;2;5_2;0.43121309291637755;5;5_2;SR_0_SM_0;0.3777239709443099
1432.4198868657147;-17.974325007524612;5;2;5_2;0.4328422718166414;5;5_2;SR_0_SM_0;0.3777239709443099
1438.7527257972718;-18.476400158550632;5;2;5_2;0.43447145071690524;5;5_2;SR_0_SM_0;0.3777239709443099
1445.0855647288288;-18.97847530957688;5;2;5_2;0.43610062961716906;5;5_2;SR_0_SM_0;0.3777239709443099
1451.4184036603858;-19.4805504606029;5;2;5_2;0.4377298085174329;5;5_2;SR_0_SM_0;0.3777239709443099
1457.7512425919426;-19.982625611629143;5;2;5_2;0.43935898741769663;5;5_2;SR_0_SM_0;0.3777239709443099
1464.0840815234997;-20.48470076265517;5;2;5_2;0.44098816631796045;5;5_2;SR_0_SM_0;0.3777239709443099
1470.4169204550567;-20.986775913681413;5;2;5_2;0.44261734521822427;5;5_2;SR_0_SM_0;0.3777239709443099
1476.7497593866135;-21.488851064707436;5;2;5_2;0.4442465241184881;5;5_2;SR_0_SM_0;0.3777239709443099
1483.0825983181708;-21.99092621573368;5;2;5_2;0.44587570301875196;5;5_2;SR_0_SM_0;0.3777239709443099
1489.4154372497276;-22.4930013667597;5;2;5_2;0.4475048819190158;5;5_2;SR_0_SM_0;0.3777239709443099
1495.7482761812846;-22.995076517785947;5;2;5_2;0.4491340608192796;5;5_2;SR_0_SM_0;0.3777239709443099
1502.5831902638677;-17.16431273725493;5;2;5_2;0.4514380677155648;5;5_2;SR_0_SM_0;0.3777239709443099
1508.9160291954247;-17.66638788828118;5;2;5_2;0.4530672466158286;5;5_2;SR_0_SM_0;0.3777239709443099
1515.2488681269815;-18.1684630393072;5;2;5_2;0.4546964255160924;5;5_2;SR_0_SM_0;0.3777239709443099
1521.5817070585388;-18.67053819033345;5;2;5_2;0.4563256044163562;5;5_2;SR_0_SM_0;0.3777239709443099
1527.9145459900956;-19.172613341359465;5;2;5_2;0.45795478331662004;5;5_2;SR_0_SM_0;0.3777239709443099
1534.2473849216526;-19.674688492385712;5;2;5_2;0.45958396221688386;5;5_2;SR_0_SM_0;0.3777239709443099
1540.5802238532096;-20.17676364341173;5;2;5_2;0.46121314111714773;5;5_2;SR_0_SM_0;0.3777239709443099
1546.913062784767;-20.67883879443798;5;2;5_2;0.4628423200174116;5;5_2;SR_0_SM_0;0.3777239709443099
1553.2459017163235;-21.180913945464;5;2;5_2;0.4644714989176753;5;5_2;SR_0_SM_0;0.3777239709443099
1560.0808157989068;-15.350150164933211;5;2;5_2;0.46677550581396055;5;5_2;SR_0_SM_0;0.3777239709443099
1566.4136547304638;-15.852225315959233;5;2;5_2;0.46840468471422436;5;5_2;SR_0_SM_0;0.3777239709443099
1572.7464936620208;-16.354300466985478;5;2;5_2;0.4700338636144882;5;5_2;SR_0_SM_0;0.3777239709443099
1579.079332593578;-16.856375618011498;5;2;5_2;0.47166304251475205;5;5_2;SR_0_SM_0;0.3777239709443099
1585.412171525135;-17.358450769037745;5;2;5_2;0.4732922214150158;5;5_2;SR_0_SM_0;0.3777239709443099
1591.7450104566915;-17.860525920063765;5;2;5_2;0.4749214003152795;5;5_2;SR_0_SM_0;0.3777239709443099
1598.0778493882488;-18.36260107109001;5;2;5_2;0.47655057921554345;5;5_2;SR_0_SM_0;0.3777239709443099
1604.9127634708318;-12.531837290558997;5;2;5_2;0.47885458611182863;5;5_2;SR_0_SM_0;0.3777239709443099
1611.2456024023888;-13.033912441585244;5;2;5_2;0.48048376501209245;5;5_2;SR_0_SM_0;0.3777239709443099
1617.578441333946;-13.535987592611264;5;2;5_2;0.4821129439123563;5;5_2;SR_0_SM_0;0.3777239709443099
1623.911280265503;-14.03806274363751;5;2;5_2;0.4837421228126201;5;5_2;SR_0_SM_0;0.3777239709443099
1630.2441191970595;-14.54013789466353;5;2;5_2;0.48537130171288384;5;5_2;SR_0_SM_0;0.3777239709443099
1636.5769581286168;-15.042213045689778;5;2;5_2;0.48700048061314777;5;5_2;SR_0_SM_0;0.3777239709443099
1642.9097970601738;-15.544288196715796;5;2;5_2;0.4886296595134116;5;5_2;SR_0_SM_0;0.3777239709443099
1649.2426359917308;-16.046363347742044;5;2;5_2;0.4902588384136754;5;5_2;SR_0_SM_0;0.3777239709443099
1655.5754749232876;-16.548438498768064;5;2;5_2;0.4918880173139392;5;5_2;SR_0_SM_0;0.3777239709443099
1662.410389005871;-10.717674718237276;5;2;5_2;0.4941920242102244;5;5_2;SR_0_SM_0;0.3777239709443099
1668.743227937428;-11.219749869263524;5;2;5_2;0.4958212031104882;5;5_2;SR_0_SM_0;0.3777239709443099
1675.076066868985;-11.72182502028977;5;2;5_2;0.49745038201075203;5;5_2;SR_0_SM_0;0.3777239709443099
1681.408905800542;-12.22390017131579;5;2;5_2;0.4990795609110159;5;5_2;SR_0_SM_0;0.3777239709443099
1687.7417447320988;-12.72597532234181;5;2;5_2;0.5007087398112797;6;5_2;SR_0_SM_0;0.7200541394089781
1694.074583663656;-13.228050473368056;5;2;5_2;0.5023379187115435;6;5_2;SR_0_SM_0;0.7200541394089781
1700.407422595213;-13.730125624394304;5;2;5_2;0.5039670976118074;6;5_2;SR_0_SM_0;0.7200541394089781
1706.74026152677;-14.232200775420324;5;2;5_2;0.5055962765120712;6;5_2;SR_0_SM_0;0.7200541394089781
1713.073100458327;-14.734275926446344;5;2;5_2;0.507225455412335;6;5_2;SR_0_SM_0;0.7200541394089781
1719.9080145409098;-8.903512145915556;5;2;5_2;0.5095294623086201;6;5_2;SR_0_SM_0;0.7200541394089781
1726.742928623493;-3.0727483653847685;5;2;5_2;0.5118334692049052;6;5_2;SR_0_SM_0;0.7200541394089781
1727.245003774519;3.2600905661722663;5;2;5_2;0.5134626481051691;6;5_2;SR_0_SM_0;0.7200541394089781
1734.0799178571024;9.09085434670328;5;2;5_2;0.5157666550014544;6;5_2;SR_0_SM_0;0.7200541394089781
1740.9148319396854;14.921618127233842;5;2;5_2;0.5180706618977394;6;5_2;SR_0_SM_0;0.7200541394089781
1747.7497460222687;20.752381907764857;5;2;5_2;0.5203746687940247;6;5_2;SR_0_SM_0;0.7200541394089781
1748.2518211732947;27.08522083932189;5;2;5_2;0.5220038476942885;6;5_2;SR_0_SM_0;0.7200541394089781
1748.753896324321;33.418059770878926;5;2;5_2;0.5236330265945524;6;5_2;SR_0_SM_0;0.7200541394089781
1749.255971475347;39.75089870243596;5;2;5_2;0.5252622054948162;6;5_2;SR_0_SM_0;0.7200541394089781
1749.7580466263732;46.083737633993;5;2;5_2;0.52689138439508;6;5_2;SR_0_SM_0;0.7200541394089781
1750.2601217773993;52.4165765655498;5;2;5_2;0.5285205632953438;6;5_2;SR_0_SM_0;0.7200541394089781
1750.7621969284255;58.74941549710684;5;2;5_2;0.5301497421956076;6;5_2;SR_0_SM_0;0.7200541394089781
1757.5971110110083;64.58017927763785;5;2;5_2;0.5324537490918928;6;5_2;SR_0_SM_0;0.7200541394089781
1758.0991861620346;70.91301820919489;5;2;5_2;0.5340829279921566;6;5_2;SR_0_SM_0;0.7200541394089781
1764.9341002446176;76.74378198972568;5;2;5_2;0.5363869348884418;6;5_2;SR_0_SM_0;0.7200541394089781
1765.436175395644;83.07662092128248;5;2;5_2;0.5380161137887056;6;5_2;SR_0_SM_0;0.7200541394089781
1772.271089478227;88.9073847018135;5;2;5_2;0.5403201206849907;6;5_2;SR_0_SM_0;0.7200541394089781
1779.1060035608102;94.73814848234429;5;2;5_2;0.5426241275812759;6;5_2;SR_0_SM_0;0.7200541394089781
1785.9409176433933;100.5689122628753;5;2;5_2;0.5449281344775612;6;5_2;SR_0_SM_0;0.7200541394089781
1786.4429927944195;106.90175119443234;5;2;5_2;0.546557313377825;6;5_2;SR_0_SM_0;0.7200541394089781
1786.9450679454455;113.23459012598914;5;2;5_2;0.5481864922780887;6;5_2;SR_0_SM_0;0.7200541394089781
1787.4471430964718;119.56742905754618;5;2;5_2;0.5498156711783525;6;5_2;SR_0_SM_0;0.7200541394089781
1787.9492182474978;125.9002679891032;5;2;5_2;0.5514448500786163;6;5_2;SR_0_SM_0;0.7200541394089781
1788.4512933985238;132.23310692066025;5;2;5_2;0.5530740289788801;6;5_2;SR_0_SM_0;0.7200541394089781
1788.95336854955;138.56594585221728;5;2;5_2;0.554703207879144;6;5_2;SR_0_SM_0;0.7200541394089781
1789.4554437005763;144.8987847837741;5;2;5_2;0.5563323867794078;6;5_2;SR_0_SM_0;0.7200541394089781
1789.9575188516023;151.23162371533112;5;2;5_2;0.5579615656796717;6;5_2;SR_0_SM_0;0.7200541394089781
1790.4595940026284;157.56446264688816;5;2;5_2;0.5595907445799355;6;5_2;SR_0_SM_0;0.7200541394089781
1790.9616691536546;163.8973015784452;5;2;5_2;0.5612199234801993;6;5_2;SR_0_SM_0;0.7200541394089781
1791.4637443046809;170.23014051000223;5;2;5_2;0.5628491023804632;6;5_2;SR_0_SM_0;0.7200541394089781
1791.9658194557069;176.56297944155904;5;2;5_2;0.5644782812807269;6;5_2;SR_0_SM_0;0.7200541394089781
1792.467894606733;182.89581837311607;5;2;5_2;0.5661074601809907;6;5_2;SR_0_SM_0;0.7200541394089781
1792.9699697577591;189.2286573046731;5;2;5_2;0.5677366390812545;6;5_2;SR_0_SM_0;0.7200541394089781
1787.139205977228;196.06357138725616;5;2;5_2;0.5700406459775398;6;5_2;SR_0_SM_0;0.7200541394089781
1787.6412811282544;202.3964103188132;5;2;5_2;0.5716698248778037;6;5_2;SR_0_SM_0;0.7200541394089781
1788.1433562792804;208.72924925037;5;2;5_2;0.5732990037780673;6;5_2;SR_0_SM_0;0.7200541394089781
1788.6454314303066;215.06208818192704;5;2;5_2;0.5749281826783311;6;5_2;SR_0_SM_0;0.7200541394089781
1789.147506581333;221.39492711348407;5;2;5_2;0.5765573615785949;6;5_2;SR_0_SM_0;0.7200541394089781
1789.649581732359;227.7277660450411;5;2;5_2;0.5781865404788588;6;5_2;SR_0_SM_0;0.7200541394089781
1783.818817951828;234.5626801276244;5;2;5_2;0.5804905473751442;6;5_2;SR_0_SM_0;0.7200541394089781
1784.320893102854;240.8955190591812;5;2;5_2;0.5821197262754078;6;5_2;SR_0_SM_0;0.7200541394089781
1784.8229682538802;247.22835799073823;5;2;5_2;0.5837489051756716;6;5_2;SR_0_SM_0;0.7200541394089781
1785.3250434049064;253.56119692229527;5;2;5_2;0.5853780840759357;6;5_2;SR_0_SM_0;0.7200541394089781
1785.8271185559324;259.8940358538523;5;2;5_2;0.5870072629761995;6;5_2;SR_0_SM_0;0.7200541394089781
1786.329193706959;266.22687478540934;5;2;5_2;0.5886364418764634;6;5_2;SR_0_SM_0;0.7200541394089781
1786.8312688579847;272.55971371696614;5;2;5_2;0.5902656207767272;6;5_2;SR_0_SM_0;0.7200541394089781
1787.333344009011;278.8925526485232;5;2;5_2;0.591894799676991;6;5_2;SR_0_SM_0;0.7200541394089781
1787.835419160037;285.2253915800802;5;2;5_2;0.5935239785772548;6;5_2;SR_0_SM_0;0.7200541394089781
1788.3374943110632;291.55823051163725;5;2;5_2;0.5951531574775186;6;5_2;SR_0_SM_0;0.7200541394089781
1788.8395694620892;297.8910694431943;5;2;5_2;0.5967823363777824;6;5_2;SR_0_SM_0;0.7200541394089781
1789.3416446131157;304.2239083747513;5;2;5_2;0.5984115152780463;6;5_2;SR_0_SM_0;0.7200541394089781
1789.8437197641415;310.5567473063081;5;2;5_2;0.60004069417831;7;5_2;SR_0_SM_0;0.4514991181657848
1790.3457949151675;316.8895862378652;5;2;5_2;0.6016698730785739;7;5_2;SR_0_SM_0;0.4514991181657848
1790.8478700661938;323.2224251694222;5;2;5_2;0.6032990519788377;7;5_2;SR_0_SM_0;0.4514991181657848
1791.34994521722;329.55526410097923;5;2;5_2;0.6049282308791015;7;5_2;SR_0_SM_0;0.4514991181657848
1791.852020368246;335.88810303253626;5;2;5_2;0.6065574097793653;7;5_2;SR_0_SM_0;0.4514991181657848
1792.3540955192725;342.2209419640931;5;2;5_2;0.608186588679629;7;5_2;SR_0_SM_0;0.4514991181657848
1792.8561706702983;348.5537808956501;5;2;5_2;0.6098157675798929;7;5_2;SR_0_SM_0;0.4514991181657848
1793.3582458213243;354.88661982720714;5;2;5_2;0.6114449464801568;7;5_2;SR_0_SM_0;0.4514991181657848
1793.8603209723506;361.2194587587642;5;2;5_2;0.6130741253804206;7;5_2;SR_0_SM_0;0.4514991181657848
1794.3623961233768;367.5522976903212;5;2;5_2;0.6147033042806844;7;5_2;SR_0_SM_0;0.4514991181657848
1794.8644712744028;373.885136621878;5;2;5_2;0.6163324831809481;7;5_2;SR_0_SM_0;0.4514991181657848
1795.366546425429;380.2179755534351;5;2;5_2;0.6179616620812121;7;5_2;SR_0_SM_0;0.4514991181657848
1795.868621576455;386.5508144849921;5;2;5_2;0.6195908409814759;7;5_2;SR_0_SM_0;0.4514991181657848
1796.3706967274811;392.8836534165491;5;2;5_2;0.6212200198817397;7;5_2;SR_0_SM_0;0.4514991181657848
1790.5399329469503;399.7185674991322;5;2;5_2;0.6235240267780248;7;5_2;SR_0_SM_0;0.4514991181657848
1791.0420080979766;406.051406430689;5;2;5_2;0.6251532056782886;7;5_2;SR_0_SM_0;0.4514991181657848
1791.5440832490026;412.384245362246;5;2;5_2;0.6267823845785524;7;5_2;SR_0_SM_0;0.4514991181657848
1792.0461584000288;418.7170842938031;5;2;5_2;0.6284115634788163;7;5_2;SR_0_SM_0;0.4514991181657848
1792.5482335510549;425.0499232253601;5;2;5_2;0.6300407423790801;7;5_2;SR_0_SM_0;0.4514991181657848
1793.050308702081;431.3827621569171;5;2;5_2;0.631669921279344;7;5_2;SR_0_SM_0;0.4514991181657848
1787.21954492155;438.2176762395002;5;2;5_2;0.6339739281756291;7;5_2;SR_0_SM_0;0.4514991181657848
1787.7216200725763;444.5505151710572;5;2;5_2;0.635603107075893;7;5_2;SR_0_SM_0;0.4514991181657848
1788.2236952236024;450.8833541026143;5;2;5_2;0.6372322859761568;7;5_2;SR_0_SM_0;0.4514991181657848
1788.7257703746286;457.2161930341713;5;2;5_2;0.6388614648764206;7;5_2;SR_0_SM_0;0.4514991181657848
1789.2278455256546;463.5490319657283;5;2;5_2;0.6404906437766845;7;5_2;SR_0_SM_0;0.4514991181657848
1789.7299206766806;469.8818708972851;5;2;5_2;0.6421198226769483;7;5_2;SR_0_SM_0;0.4514991181657848
1790.231995827707;476.21470982884216;5;2;5_2;0.6437490015772122;7;5_2;SR_0_SM_0;0.4514991181657848
1790.7340709787331;482.5475487603992;5;2;5_2;0.645378180477476;7;5_2;SR_0_SM_0;0.4514991181657848
1791.2361461297592;488.8803876919562;5;2;5_2;0.6470073593777398;7;5_2;SR_0_SM_0;0.4514991181657848
1791.7382212807852;495.21322662351326;5;2;5_2;0.6486365382780036;7;5_2;SR_0_SM_0;0.4514991181657848
1792.2402964318114;501.5460655550701;5;2;5_2;0.6502657171782673;7;5_2;SR_0_SM_0;0.4514991181657848
1792.7423715828374;507.8789044866271;5;2;5_2;0.6518948960785312;7;5_2;SR_0_SM_0;0.4514991181657848
1793.2444467338637;514.2117434181841;5;2;5_2;0.653524074978795;7;5_2;SR_0_SM_0;0.4514991181657848
1793.7465218848895;520.5445823497412;5;2;5_2;0.6551532538790589;7;5_2;SR_0_SM_0;0.4514991181657848
1794.248597035916;526.8774212812982;5;2;5_2;0.6567824327793227;7;5_2;SR_0_SM_0;0.4514991181657848
1794.750672186942;533.210260212855;5;2;5_2;0.6584116116795864;7;5_2;SR_0_SM_0;0.4514991181657848
1795.2527473379682;539.543099144412;5;2;5_2;0.6600407905798502;7;5_2;SR_0_SM_0;0.4514991181657848
1795.7548224889945;545.8759380759691;5;2;5_2;0.661669969480114;7;5_2;SR_0_SM_0;0.4514991181657848
1796.2568976400205;552.2087770075261;5;2;5_2;0.6632991483803778;7;5_2;SR_0_SM_0;0.4514991181657848
1796.7589727910463;558.5416159390832;5;2;5_2;0.6649283272806418;7;5_2;SR_0_SM_0;0.4514991181657848
1797.2610479420728;564.8744548706402;5;2;5_2;0.6665575061809057;7;5_2;SR_0_SM_0;0.4514991181657848
1797.7631230930988;571.207293802197;5;2;5_2;0.6681866850811694;7;5_2;SR_0_SM_0;0.4514991181657848
1798.265198244125;577.540132733754;5;2;5_2;0.6698158639814332;7;5_2;SR_0_SM_0;0.4514991181657848
1798.767273395151;583.8729716653111;5;2;5_2;0.671445042881697;7;5_2;SR_0_SM_0;0.4514991181657848
1799.2693485461773;590.2058105968681;5;2;5_2;0.6730742217819609;7;5_2;SR_0_SM_0;0.4514991181657848
1799.771423697203;596.5386495284251;5;2;5_2;0.6747034006822247;7;5_2;SR_0_SM_0;0.4514991181657848
1800.2734988482296;602.871488459982;5;2;5_2;0.6763325795824885;7;5_2;SR_0_SM_0;0.4514991181657848
1800.7755739992556;609.204327391539;5;2;5_2;0.6779617584827524;7;5_2;SR_0_SM_0;0.4514991181657848
1794.944810218725;616.039241474122;5;2;5_2;0.6802657653790375;7;5_2;SR_0_SM_0;0.4514991181657848
1795.446885369751;622.3720804056791;5;2;5_2;0.6818949442793013;7;5_2;SR_0_SM_0;0.4514991181657848
1795.9489605207773;628.7049193372361;5;2;5_2;0.6835241231795651;7;5_2;SR_0_SM_0;0.4514991181657848
1796.4510356718033;635.0377582687929;5;2;5_2;0.6851533020798289;7;5_2;SR_0_SM_0;0.4514991181657848
1790.6202718912723;641.8726723513762;5;2;5_2;0.6874573089761141;7;5_2;SR_0_SM_0;0.4514991181657848
1791.1223470422983;648.2055112829332;5;2;5_2;0.6890864878763779;7;5_2;SR_0_SM_0;0.4514991181657848
1791.6244221933248;654.5383502144903;5;2;5_2;0.6907156667766418;7;5_2;SR_0_SM_0;0.4514991181657848
1792.1264973443508;660.8711891460473;5;2;5_2;0.6923448456769056;7;5_2;SR_0_SM_0;0.4514991181657848
1792.628572495377;667.2040280776039;5;2;5_2;0.6939740245771694;7;5_2;SR_0_SM_0;0.4514991181657848
1793.130647646403;673.5368670091609;5;2;5_2;0.6956032034774332;7;5_2;SR_0_SM_0;0.4514991181657848
1793.632722797429;679.869705940718;5;2;5_2;0.6972323823776971;7;5_2;SR_0_SM_0;0.4514991181657848
1794.1347979484551;686.202544872275;5;2;5_2;0.698861561277961;7;5_2;SR_0_SM_0;0.4514991181657848
1794.6368730994816;692.535383803832;5;2;5_2;0.7004907401782248;8;;brak;
1795.1389482505076;698.868222735389;5;2;5_2;0.7021199190784886;8;;brak;
1795.641023401534;705.2010616669461;5;2;5_2;0.7037490979787524;8;;brak;
1796.14309855256;711.5339005985031;5;2;5_2;0.7053782768790162;8;;brak;
1796.645173703586;717.8667395300602;5;2;5_2;0.70700745577928;8;;brak;
1797.147248854612;724.1995784616172;5;2;5_2;0.7086366346795439;8;;brak;
1797.6493240056384;730.5324173931738;5;2;5_2;0.7102658135798077;8;;brak;
1798.1513991566644;736.8652563247308;5;2;5_2;0.7118949924800715;8;;brak;
1798.6534743076909;743.1980952562878;5;2;5_2;0.7135241713803353;8;;brak;
1799.155549458717;749.5309341878449;5;2;5_2;0.7151533502805991;8;;brak;
1799.657624609743;755.8637731194019;5;2;5_2;0.7167825291808629;8;;brak;
1800.159699760769;762.196612050959;5;2;5_2;0.7184117080811268;8;;brak;
1800.6617749117952;768.529450982516;5;2;5_2;0.7200408869813906;8;;brak;
1801.1638500628212;774.862289914073;5;2;5_2;0.7216700658816544;8;;brak;
1801.6659252138477;781.19512884563;5;2;5_2;0.7232992447819183;8;;brak;
1802.1680003648733;787.5279677771869;5;2;5_2;0.7249284236821821;8;;brak;
1802.6700755158995;793.8608067087439;5;2;5_2;0.726557602582446;8;;brak;
1803.1721506669255;800.1936456403009;5;2;5_2;0.7281867814827098;8;;brak;
1797.341386886395;807.028559722884;5;2;5_2;0.7304907883789948;8;;brak;
1797.843462037421;813.361398654441;5;2;5_2;0.7321199672792585;8;;brak;
1798.345537188447;819.6942375859978;5;2;5_2;0.7337491461795224;8;;brak;
1798.8476123394732;826.0270765175549;5;2;5_2;0.7353783250797862;8;;brak;
1799.3496874904993;832.3599154491119;5;2;5_2;0.73700750398005;8;;brak;
1799.8517626415255;838.6927543806689;5;2;5_2;0.7386366828803138;8;;brak;
1794.0209988609945;845.527668463252;5;2;5_2;0.740940689776599;8;;brak;
1794.5230740120207;851.860507394809;5;2;5_2;0.7425698686768628;8;;brak;
1795.0251491630468;858.193346326366;5;2;5_2;0.7441990475771266;8;;brak;
1795.527224314073;864.5261852579231;5;2;5_2;0.7458282264773904;8;;brak;
1796.029299465099;870.8590241894801;5;2;5_2;0.7474574053776543;8;;brak;
1796.5313746161253;877.1918631210372;5;2;5_2;0.7490865842779181;8;;brak;
1797.0334497671513;883.524702052594;5;2;5_2;0.7507157631781819;8;;brak;
1797.5355249181775;889.857540984151;5;2;5_2;0.7523449420784457;8;;brak;
1798.0376000692036;896.190379915708;5;2;5_2;0.7539741209787095;8;;brak;
1798.5396752202298;902.5232188472648;5;2;5_2;0.7556032998789735;8;;brak;
1799.0417503712558;908.856057778822;5;2;5_2;0.7572324787792373;8;;brak;
1799.543825522282;915.188896710379;5;2;5_2;0.7588616576795011;8;;brak;
1800.045900673308;921.521735641936;5;2;5_2;0.7604908365797649;8;;brak;
1800.5479758243343;927.854574573493;5;2;5_2;0.7621200154800287;8;;brak;
1801.0500509753604;934.18741350505;5;2;5_2;0.7637491943802925;8;;brak;
1801.5521261263864;940.5202524366068;5;2;5_2;0.7653783732805564;8;;brak;
1802.0542012774129;946.853091368164;5;2;5_2;0.7670075521808202;8;;brak;
1802.5562764284389;953.1859302997208;5;2;5_2;0.768636731081084;8;;brak;
1803.058351579465;959.518769231278;5;2;5_2;0.7702659099813478;8;;brak;
1803.5604267304911;965.8516081628349;5;2;5_2;0.7718950888816116;8;;brak;
1804.0625018815167;972.184447094392;5;2;5_2;0.7735242677818754;8;;brak;
1804.5645770325436;978.5172860259488;5;2;5_2;0.7751534466821393;8;;brak;
1805.0666521835692;984.8501249575058;5;2;5_2;0.7767826255824031;8;;brak;
1805.568727334596;991.1829638890628;5;2;5_2;0.7784118044826669;8;;brak;
1806.0708024856217;997.5158028206198;5;2;5_2;0.7800409833829307;8;;brak;
1806.572877636648;1003.8486417521768;5;2;5_2;0.7816701622831946;8;;brak;
1800.742113856117;1010.68355583476;5;2;5_2;0.7839741691794798;8;;brak;
1801.2441890071432;1017.0163947663168;5;2;5_2;0.7856033480797436;8;;brak;
1801.7462641581687;1023.349233697874;5;2;5_2;0.7872325269800075;8;;brak;
1802.2483393091957;1029.6820726294309;5;2;5_2;0.7888617058802713;8;;brak;
1802.7504144602212;1036.014911560988;5;2;5_2;0.7904908847805351;8;;brak;
1803.252489611248;1042.347750492545;5;2;5_2;0.7921200636807989;8;;brak;
1797.421725830717;1049.182664575128;5;2;5_2;0.7944240705770841;8;;brak;
1797.9238009817432;1055.515503506685;5;2;5_2;0.7960532494773479;8;;brak;
1798.4258761327692;1061.848342438242;5;2;5_2;0.7976824283776117;8;;brak;
1798.9279512837954;1068.1811813697989;5;2;5_2;0.7993116072778755;8;;brak;
1799.4300264348217;1074.514020301356;5;2;5_2;0.8009407861781394;9;5_2;SR_0_SM_0;0.6521739130434783
1799.9321015858477;1080.846859232913;5;2;5_2;0.8025699650784032;9;5_2;SR_0_SM_0;0.6521739130434783
1800.4341767368735;1087.17969816447;5;2;5_2;0.804199143978667;9;5_2;SR_0_SM_0;0.6521739130434783
1800.9362518879;1093.512537096027;5;2;5_2;0.8058283228789308;9;5_2;SR_0_SM_0;0.6521739130434783
1801.438327038926;1099.845376027584;5;2;5_2;0.8074575017791946;9;5_2;SR_0_SM_0;0.6521739130434783
1801.940402189952;1106.178214959141;5;2;5_2;0.8090866806794584;9;5_2;SR_0_SM_0;0.6521739130434783
1802.4424773409785;1112.511053890698;5;2;5_2;0.8107158595797224;9;5_2;SR_0_SM_0;0.6521739130434783
1802.9445524920045;1118.843892822255;5;2;5_2;0.8123450384799862;9;5_2;SR_0_SM_0;0.6521739130434783
1803.4466276430303;1125.176731753812;5;2;5_2;0.81397421738025;9;5_2;SR_0_SM_0;0.6521739130434783
1803.9487027940568;1131.5095706853688;5;2;5_2;0.8156033962805138;9;5_2;SR_0_SM_0;0.6521739130434783
1804.4507779450828;1137.8424096169258;5;2;5_2;0.8172325751807776;9;5_2;SR_0_SM_0;0.6521739130434783
1804.9528530961088;1144.1752485484828;5;2;5_2;0.8188617540810414;9;5_2;SR_0_SM_0;0.6521739130434783
1805.454928247135;1150.50808748004;5;2;5_2;0.8204909329813054;9;5_2;SR_0_SM_0;0.6521739130434783
1805.957003398161;1156.840926411597;5;2;5_2;0.8221201118815691;9;5_2;SR_0_SM_0;0.6521739130434783
1806.4590785491876;1163.173765343154;5;2;5_2;0.8237492907818329;9;5_2;SR_0_SM_0;0.6521739130434783
1806.9611537002131;1169.506604274711;5;2;5_2;0.8253784696820967;9;5_2;SR_0_SM_0;0.6521739130434783
1807.46322885124;1175.839443206268;5;2;5_2;0.8270076485823606;9;5_2;SR_0_SM_0;0.6521739130434783
1807.9653040022656;1182.1722821378248;5;2;5_2;0.8286368274826243;9;5_2;SR_0_SM_0;0.6521739130434783
1808.467379153292;1188.505121069382;5;2;5_2;0.8302660063828883;9;5_2;SR_0_SM_0;0.6521739130434783
1808.9694543043177;1194.837960000939;5;2;5_2;0.831895185283152;9;5_2;SR_0_SM_0;0.6521739130434783
1809.471529455344;1201.1707989324957;5;2;5_2;0.8335243641834158;9;5_2;SR_0_SM_0;0.6521739130434783
1809.97360460637;1207.5036378640527;5;2;5_2;0.8351535430836796;9;5_2;SR_0_SM_0;0.6521739130434783
1804.1428408258396;1214.3385519466358;5;2;5_2;0.8374575499799647;9;5_2;SR_0_SM_0;0.6521739130434783
1804.6449159768651;1220.6713908781928;5;2;5_2;0.8390867288802284;9;5_2;SR_0_SM_0;0.6521739130434783
1805.146991127892;1227.00422980975;5;2;5_2;0.8407159077804925;9;5_2;SR_0_SM_0;0.6521739130434783
1805.6490662789176;1233.337068741307;5;2;5_2;0.8423450866807562;9;5_2;SR_0_SM_0;0.6521739130434783
1806.151141429944;1239.669907672864;5;2;5_2;0.8439742655810201;9;5_2;SR_0_SM_0;0.6521739130434783
1806.65321658097;1246.002746604421;5;2;5_2;0.8456034444812839;9;5_2;SR_0_SM_0;0.6521739130434783
1800.8224528004391;1252.837660687004;5;2;5_2;0.847907451377569;9;5_2;SR_0_SM_0;0.6521739130434783
1801.3245279514651;1259.170499618561;5;2;5_2;0.8495366302778328;9;5_2;SR_0_SM_0;0.6521739130434783
1801.8266031024916;1265.503338550118;5;2;5_2;0.8511658091780967;9;5_2;SR_0_SM_0;0.6521739130434783
1802.3286782535172;1271.8361774816751;5;2;5_2;0.8527949880783606;9;5_2;SR_0_SM_0;0.6521739130434783
1802.830753404544;1278.169016413232;5;2;5_2;0.8544241669786242;9;5_2;SR_0_SM_0;0.6521739130434783
1803.3328285555697;1284.501855344789;5;2;5_2;0.856053345878888;9;5_2;SR_0_SM_0;0.6521739130434783
1803.834903706596;1290.834694276346;5;2;5_2;0.857682524779152;9;5_2;SR_0_SM_0;0.6521739130434783
1804.336978857622;1297.1675332079028;5;2;5_2;0.8593117036794157;9;5_2;SR_0_SM_0;0.6521739130434783
1804.839054008648;1303.5003721394598;5;2;5_2;0.8609408825796795;9;5_2;SR_0_SM_0;0.6521739130434783
1805.3411291596744;1309.8332110710169;5;2;5_2;0.8625700614799433;9;5_2;SR_0_SM_0;0.6521739130434783
1805.8432043107005;1316.166050002574;5;2;5_2;0.8641992403802071;9;5_2;SR_0_SM_0;0.6521739130434783
1806.3452794617265;1322.498888934131;5;2;5_2;0.865828419280471;9;5_2;SR_0_SM_0;0.6521739130434783
1806.8473546127527;1328.831727865688;5;2;5_2;0.867457598180735;9;5_2;SR_0_SM_0;0.6521739130434783
1807.3494297637787;1335.1645667972448;5;2;5_2;0.8690867770809987;9;5_2;SR_0_SM_0;0.6521739130434783
1807.851504914805;1341.4974057288018;5;2;5_2;0.8707159559812625;9;5_2;SR_0_SM_0;0.6521739130434783
1808.353580065831;1347.8302446603589;5;2;5_2;0.8723451348815263;9;5_2;SR_0_SM_0;0.6521739130434783
1808.8556552168573;1354.163083591916;5;2;5_2;0.8739743137817902;9;5_2;SR_0_SM_0;0.6521739130434783
1809.3577303678835;1360.4959225234727;5;2;5_2;0.875603492682054;9;5_2;SR_0_SM_0;0.6521739130434783
1809.8598055189093;1366.8287614550295;5;2;5_2;0.8772326715823178;9;5_2;SR_0_SM_0;0.6521739130434783
1810.3618806699355;1373.1616003865868;5;2;5_2;0.8788618504825816;9;5_2;SR_0_SM_0;0.6521739130434783
1810.8639558209616;1379.4944393181438;5;2;5_2;0.8804910293828454;9;5_2;SR_0_SM_0;0.6521739130434783
1811.366030971988;1385.8272782497008;5;2;5_2;0.8821202082831092;9;5_2;SR_0_SM_0;0.6521739130434783
1811.868106123014;1392.160117181258;5;2;5_2;0.8837493871833731;9;5_2;SR_0_SM_0;0.6521739130434783
1812.37018127404;1398.492956112815;5;2;5_2;0.8853785660836369;9;5_2;SR_0_SM_0;0.6521739130434783
1812.8722564250663;1404.8257950443715;5;2;5_2;0.8870077449839007;9;5_2;SR_0_SM_0;0.6521739130434783
1813.3743315760923;1411.1586339759288;5;2;5_2;0.8886369238841645;9;5_2;SR_0_SM_0;0.6521739130434783
1813.8764067271184;1417.4914729074858;5;2;5_2;0.8902661027844283;9;5_2;SR_0_SM_0;0.6521739130434783
1814.3784818781448;1423.8243118390428;5;2;5_2;0.8918952816846921;9;5_2;SR_0_SM_0;0.6521739130434783
1814.8805570291709;1430.1571507705996;5;2;5_2;0.8935244605849559;9;5_2;SR_0_SM_0;0.6521739130434783
1815.3826321801969;1436.489989702157;5;2;5_2;0.8951536394852199;9;5_2;SR_0_SM_0;0.6521739130434783
1815.8847073312231;1442.8228286337137;5;2;5_2;0.8967828183854837;9;5_2;SR_0_SM_0;0.6521739130434783
1816.3867824822487;1449.1556675652707;5;2;5_2;0.8984119972857475;9;5_2;SR_0_SM_0;0.6521739130434783
1810.556018701718;1455.9905816478538;5;2;5_2;0.9007160041820327;10;5_2;SR_0_SM_0;1.0
1811.0580938527444;1462.3234205794108;5;2;5_2;0.9023451830822965;10;5_2;SR_0_SM_0;1.0
1811.5601690037704;1468.656259510968;5;2;5_2;0.9039743619825603;10;5_2;SR_0_SM_0;1.0
1805.72940522324;1475.491173593551;5;2;5_2;0.9062783688788454;10;5_2;SR_0_SM_0;1.0
1806.2314803742656;1481.824012525108;5;2;5_2;0.9079075477791092;10;5_2;SR_0_SM_0;1.0
1806.733555525292;1488.156851456665;5;2;5_2;0.909536726679373;10;5_2;SR_0_SM_0;1.0
1807.235630676318;1494.489690388222;5;2;5_2;0.9111659055796368;10;5_2;SR_0_SM_0;1.0
1807.737705827344;1500.8225293197788;5;2;5_2;0.9127950844799007;10;5_2;SR_0_SM_0;1.0
1808.2397809783704;1507.155368251336;5;2;5_2;0.9144242633801645;10;5_2;SR_0_SM_0;1.0
1808.7418561293964;1513.488207182893;5;2;5_2;0.9160534422804283;10;5_2;SR_0_SM_0;1.0
1809.2439312804224;1519.82104611445;5;2;5_2;0.9176826211806921;10;5_2;SR_0_SM_0;1.0
1809.746006431449;1526.1538850460067;5;2;5_2;0.9193118000809558;10;5_2;SR_0_SM_0;1.0
1803.915242650918;1532.98879912859;5;2;5_2;0.9216158069772411;10;5_2;SR_0_SM_0;1.0
1804.417317801944;1539.3216380601468;5;2;5_2;0.9232449858775048;10;5_2;SR_0_SM_0;1.0
1798.5865540214131;1546.15655214273;5;2;5_2;0.92554899277379;10;5_2;SR_0_SM_0;1.0
1792.7557902408823;1552.9914662253132;5;2;5_2;0.9278529996700752;10;5_2;SR_0_SM_0;1.0
1785.920876158299;1547.1607024447824;5;2;5_2;0.9301570065663604;10;5_2;SR_0_SM_0;1.0
1779.588037226742;1547.6627775958084;5;2;5_2;0.9317861854666242;10;5_2;SR_0_SM_0;1.0
1773.2551982951852;1548.1648527468346;5;2;5_2;0.9334153643668881;10;5_2;SR_0_SM_0;1.0
1766.9223593636282;1548.666927897861;5;2;5_2;0.9350445432671519;10;5_2;SR_0_SM_0;1.0
1760.0874452810451;1542.83616411733;5;2;5_2;0.9373485501634371;10;5_2;SR_0_SM_0;1.0
1753.754606349488;1543.338239268356;5;2;5_2;0.9389777290637009;10;5_2;SR_0_SM_0;1.0
1747.421767417931;1543.840314419382;5;2;5_2;0.9406069079639647;10;5_2;SR_0_SM_0;1.0
1740.586853335348;1538.0095506388514;5;2;5_2;0.9429109148602499;10;5_2;SR_0_SM_0;1.0
1734.254014403791;1538.5116257898774;5;2;5_2;0.9445400937605137;10;5_2;SR_0_SM_0;1.0
1727.921175472234;1539.0137009409034;5;2;5_2;0.9461692726607775;10;5_2;SR_0_SM_0;1.0
1721.588336540677;1539.5157760919296;5;2;5_2;0.9477984515610414;10;5_2;SR_0_SM_0;1.0
1714.7534224580938;1533.6850123113989;5;2;5_2;0.9501024584573265;10;5_2;SR_0_SM_0;1.0
1708.420583526537;1534.1870874624249;5;2;5_2;0.9517316373575903;10;5_2;SR_0_SM_0;1.0
1702.08774459498;1534.6891626134511;5;2;5_2;0.9533608162578541;10;5_2;SR_0_SM_0;1.0
1695.2528305123967;1528.8583988329203;5;2;5_2;0.9556648231541393;10;5_2;SR_0_SM_0;1.0
1688.9199915808397;1529.3604739839463;5;2;5_2;0.9572940020544031;10;5_2;SR_0_SM_0;1.0
1682.5871526492826;1529.8625491349724;5;2;5_2;0.9589231809546669;10;5_2;SR_0_SM_0;1.0
1675.7522385666998;1524.0317853544416;5;2;5_2;0.961227187850952;10;5_2;SR_0_SM_0;1.0
1669.4193996351428;1524.5338605054678;5;2;5_2;0.9628563667512158;10;5_2;SR_0_SM_0;1.0
1663.0865607035855;1525.0359356564938;5;2;5_2;0.9644855456514797;10;5_2;SR_0_SM_0;1.0
1656.2516466210025;1519.205171875963;5;2;5_2;0.9667895525477649;10;5_2;SR_0_SM_0;1.0
1649.9188076894454;1519.707247026989;5;2;5_2;0.9684187314480288;10;5_2;SR_0_SM_0;1.0
1643.0838936068626;1513.8764832464583;5;2;5_2;0.9707227383443138;10;5_2;SR_0_SM_0;1.0
1636.248979524279;1508.0457194659275;5;2;5_2;0.9730267452405992;10;5_2;SR_0_SM_0;1.0
1629.4140654416965;1502.2149556853967;5;2;5_2;0.9753307521368842;10;5_2;SR_0_SM_0;1.0
1622.579151359113;1496.3841919048657;5;2;5_2;0.9776347590331694;10;5_2;SR_0_SM_0;1.0
1615.74423727653;1490.5534281243347;5;2;5_2;0.9799387659294546;10;5_2;SR_0_SM_0;1.0
1608.9093231939466;1484.722664343804;5;2;5_2;0.9822427728257399;10;5_2;SR_0_SM_0;1.0
1602.0744091113638;1478.891900563273;5;2;5_2;0.984546779722025;10;5_2;SR_0_SM_0;1.0
1595.2394950287808;1473.0611367827423;5;2;5_2;0.9868507866183102;10;5_2;SR_0_SM_0;1.0
1588.4045809461977;1467.2303730022115;5;2;5_2;0.9891547935145953;10;5_2;SR_0_SM_0;1.0
1581.5696668636144;1461.3996092216803;5;2;5_2;0.9914588004108806;10;5_2;SR_0_SM_0;1.0
1574.7347527810311;1455.5688454411495;5;2;5_2;0.9937628073071658;10;5_2;SR_0_SM_0;1.0
1568.4019138494743;1456.070920592176;5;2;5_2;0.9953919862074295;10;5_2;SR_0_SM_0;1.0
1561.5669997668913;1450.240156811645;5;2;5_2;0.9976959931037147;10;5_2;SR_0_SM_0;1.0
1554.732085684308;1444.4093930311142;5;2;5_2;1.0;10;5_2;SR_0_SM_0;1.0
0.0;0.0;6;1;6_1;0.0;1;;brak;
6.343726987284157;0.000418755790406;6;1;6_1;0.0028475773632525322;1;;brak;
12.68745397456837;0.0008375115810395;6;1;6_1;0.00569515472650509;1;;brak;
19.03118096185256;0.0012562673714455;6;1;6_1;0.008542732089757636;1;;brak;
25.37490794913674;0.001675023162079;6;1;6_1;0.011390309453010181;1;;brak;
31.718634936420926;0.002093778952485;6;1;6_1;0.014237886816262726;1;;brak;
38.06236192370511;0.0025125347431185;6;1;6_1;0.01708546417951527;1;;brak;
44.4060889109893;0.0029312905335245;6;1;6_1;0.019933041542767815;1;;brak;
50.74981589827348;0.003350046324158;6;1;6_1;0.02278061890602036;1;;brak;
57.09354288555767;0.003768802114564;6;1;6_1;0.0256281962692729;1;;brak;
63.4372698728418;0.0041875579051975;6;1;6_1;0.028475773632525424;1;;brak;
69.78099686012598;0.0046063136956036;6;1;6_1;0.03132335099577797;1;;brak;
76.12472384741017;0.005025069486237;6;1;6_1;0.03417092835903052;1;;brak;
82.46845083469435;0.0054438252766431;6;1;6_1;0.03701850572228306;1;;brak;
88.81217782197854;0.0058625810672765;6;1;6_1;0.03986608308553561;1;;brak;
95.15590480926272;0.0062813368576826;6;1;6_1;0.04271366044878815;1;;brak;
101.49963179654692;0.006700092648316;6;1;6_1;0.0455612378120407;1;;brak;
107.84335878383108;0.0071188484387221;6;1;6_1;0.04840881517529324;1;;brak;
114.18708577111528;0.0075376042293555;6;1;6_1;0.05125639253854579;1;;brak;
120.53081275839946;0.0079563600197616;6;1;6_1;0.05410396990179834;1;;brak;
126.8745397456836;0.008375115810395;6;1;6_1;0.05695154726505087;1;;brak;
133.21826673296778;0.0087938716008011;6;1;6_1;0.059799124628303404;1;;brak;
139.56199372025196;0.0092126273914345;6;1;6_1;0.06264670199155595;1;;brak;
145.90572070753615;0.0096313831818406;6;1;6_1;0.06549427935480848;1;;brak;
152.24944769482033;0.010050138972474;6;1;6_1;0.06834185671806103;1;;brak;
158.59317468210452;0.0104688947628801;6;1;6_1;0.07118943408131358;1;;brak;
164.9369016693887;0.0108876505535135;6;1;6_1;0.07403701144456612;1;;brak;
171.2806286566729;0.0113064063439196;6;1;6_1;0.07688458880781868;1;;brak;
177.62435564395707;0.0117251621345531;6;1;6_1;0.07973216617107122;1;;brak;
183.9680826312413;0.0121439179249591;6;1;6_1;0.08257974353432378;1;;brak;
190.31180961852544;0.0125626737155926;6;1;6_1;0.08542732089757632;1;;brak;
196.6555366058096;0.0129814295059986;6;1;6_1;0.08827489826082884;1;;brak;
202.99884483730324;6.357127172580704;6;1;6_1;0.0923019807878472;1;;brak;
209.3421530687969;12.701272915655409;6;1;6_1;0.09632906331486556;1;;brak;
215.68546130029057;19.045418658730117;6;1;6_1;0.10035614584188393;2;6_1;SR_1_SM_0;0.27917572463768114
222.02876953178423;25.38956440180482;6;1;6_1;0.1043832283689023;2;6_1;SR_1_SM_0;0.27917572463768114
228.3720777632779;31.733710144879524;6;1;6_1;0.10841031089592065;2;6_1;SR_1_SM_0;0.27917572463768114
234.7153859947715;38.077855887954;6;1;6_1;0.11243739342293893;2;6_1;SR_1_SM_0;0.27917572463768114
234.714967238981;44.4215828752383;6;1;6_1;0.11528497078619152;2;6_1;SR_1_SM_0;0.27917572463768114
234.71454848319047;50.76530986252237;6;1;6_1;0.11813254814944402;2;6_1;SR_1_SM_0;0.27917572463768114
241.0578567146841;57.1094556055973;6;1;6_1;0.12215963067646245;2;6_1;SR_1_SM_0;0.27917572463768114
241.0574379588936;63.453182592881376;6;1;6_1;0.12500720803971493;2;6_1;SR_1_SM_0;0.27917572463768114
234.7132922158189;69.79649082437504;6;1;6_1;0.1290342905667333;2;6_1;SR_1_SM_0;0.27917572463768114
234.7128734600284;76.14021781165911;6;1;6_1;0.1318818679299858;2;6_1;SR_1_SM_0;0.27917572463768114
234.71245470423787;82.48394479894341;6;1;6_1;0.1347294452932384;2;6_1;SR_1_SM_0;0.27917572463768114
234.71203594844732;88.82767178622748;6;1;6_1;0.13757702265649088;2;6_1;SR_1_SM_0;0.27917572463768114
234.71161719265683;95.17139877351178;6;1;6_1;0.1404246000197435;2;6_1;SR_1_SM_0;0.27917572463768114
234.7111984368663;101.51512576079584;6;1;6_1;0.14327217738299597;2;6_1;SR_1_SM_0;0.27917572463768114
234.7107796810758;107.85885274808015;6;1;6_1;0.14611975474624855;2;6_1;SR_1_SM_0;0.27917572463768114
234.71036092528527;114.20257973536422;6;1;6_1;0.14896733210950105;2;6_1;SR_1_SM_0;0.27917572463768114
234.70994216949475;120.54630672264852;6;1;6_1;0.15181490947275367;2;6_1;SR_1_SM_0;0.27917572463768114
234.70952341370423;126.8900337099326;6;1;6_1;0.15466248683600614;2;6_1;SR_1_SM_0;0.27917572463768114
234.7091046579137;133.2337606972169;6;1;6_1;0.15751006419925875;2;6_1;SR_1_SM_0;0.27917572463768114
234.7086859021232;139.57748768450097;6;1;6_1;0.16035764156251126;2;6_1;SR_1_SM_0;0.27917572463768114
234.70826714633267;145.92121467178526;6;1;6_1;0.16320521892576384;2;6_1;SR_1_SM_0;0.27917572463768114
234.70784839054213;152.26494165906934;6;1;6_1;0.16605279628901634;2;6_1;SR_1_SM_0;0.27917572463768114
234.70742963475163;158.60866864635364;6;1;6_1;0.16890037365226893;2;6_1;SR_1_SM_0;0.27917572463768114
234.7070108789611;164.9523956336377;6;1;6_1;0.17174795101552143;2;6_1;SR_1_SM_0;0.27917572463768114
234.7065921231706;171.29612262092178;6;1;6_1;0.17459552837877393;2;6_1;SR_1_SM_0;0.27917572463768114
234.70617336738007;177.63984960820608;6;1;6_1;0.17744310574202654;2;6_1;SR_1_SM_0;0.27917572463768114
234.70575461158955;183.98357659549012;6;1;6_1;0.180290683105279;2;6_1;SR_1_SM_0;0.27917572463768114
234.70533585579904;190.32730358277445;6;1;6_1;0.1831382604685316;2;6_1;SR_1_SM_0;0.27917572463768114
234.7049171000085;196.6710305700585;6;1;6_1;0.18598583783178407;2;6_1;SR_1_SM_0;0.27917572463768114
234.704498344218;203.0147575573428;6;1;6_1;0.18883341519503666;2;6_1;SR_1_SM_0;0.27917572463768114
234.70407958842748;209.3584845446269;6;1;6_1;0.19168099255828916;2;6_1;SR_1_SM_0;0.27917572463768114
234.70366083263696;215.7022115319112;6;1;6_1;0.19452856992154177;2;6_1;SR_1_SM_0;0.27917572463768114
234.70324207684644;222.0459385191953;6;1;6_1;0.19737614728479425;2;6_1;SR_1_SM_0;0.27917572463768114
234.70282332105592;228.3896655064796;6;1;6_1;0.20022372464804686;3;6_1;SR_0_SM_0;0.7100983047296995
234.7024045652654;234.73339249376363;6;1;6_1;0.20307130201129933;3;6_1;SR_0_SM_0;0.7100983047296995
234.70198580947488;241.07711948104796;6;1;6_1;0.20591887937455192;3;6_1;SR_0_SM_0;0.7100983047296995
234.7015670536844;247.420846468332;6;1;6_1;0.2087664567378044;3;6_1;SR_0_SM_0;0.7100983047296995
234.70114829789384;253.7645734556163;6;1;6_1;0.21161403410105706;3;6_1;SR_0_SM_0;0.7100983047296995
234.7007295421033;260.1083004429004;6;1;6_1;0.21446161146430953;3;6_1;SR_0_SM_0;0.7100983047296995
234.7003107863128;266.45202743018467;6;1;6_1;0.21730918882756214;3;6_1;SR_0_SM_0;0.7100983047296995
234.69989203052228;272.79575441746874;6;1;6_1;0.22015676619081465;3;6_1;SR_0_SM_0;0.7100983047296995
234.69947327473176;279.13948140475304;6;1;6_1;0.22300434355406723;3;6_1;SR_0_SM_0;0.7100983047296995
234.69905451894124;285.4832083920371;6;1;6_1;0.22585192091731973;3;6_1;SR_0_SM_0;0.7100983047296995
234.69863576315072;291.8269353793214;6;1;6_1;0.22869949828057232;3;6_1;SR_0_SM_0;0.7100983047296995
234.6982170073602;298.1706623666055;6;1;6_1;0.23154707564382482;3;6_1;SR_0_SM_0;0.7100983047296995
234.69779825156968;304.5143893538896;6;1;6_1;0.23439465300707732;3;6_1;SR_0_SM_0;0.7100983047296995
234.6973794957792;310.85811634117385;6;1;6_1;0.23724223037032988;3;6_1;SR_0_SM_0;0.7100983047296995
234.69696073998864;317.2018433284579;6;1;6_1;0.24008980773358238;3;6_1;SR_0_SM_0;0.7100983047296995
234.6965419841981;323.5455703157422;6;1;6_1;0.24293738509683496;3;6_1;SR_0_SM_0;0.7100983047296995
234.69612322840757;329.8892973030263;6;1;6_1;0.24578496246008746;3;6_1;SR_0_SM_0;0.7100983047296995
234.69570447261705;336.2330242903106;6;1;6_1;0.24863253982334005;3;6_1;SR_0_SM_0;0.7100983047296995
234.6952857168265;342.57675127759467;6;1;6_1;0.2514801171865926;3;6_1;SR_0_SM_0;0.7100983047296995
234.694866961036;348.92047826487897;6;1;6_1;0.25432769454984516;3;6_1;SR_0_SM_0;0.7100983047296995
234.69444820524544;355.26420525216304;6;1;6_1;0.2571752719130977;3;6_1;SR_0_SM_0;0.7100983047296995
234.69402944945492;361.60793223944734;6;1;6_1;0.2600228492763503;3;6_1;SR_0_SM_0;0.7100983047296995
234.69361069366445;367.9516592267314;6;1;6_1;0.2628704266396028;3;6_1;SR_0_SM_0;0.7100983047296995
234.6931919378739;374.2953862140157;6;1;6_1;0.2657180040028554;3;6_1;SR_0_SM_0;0.7100983047296995
234.69277318208336;380.6391132012998;6;1;6_1;0.26856558136610786;3;6_1;SR_0_SM_0;0.7100983047296995
234.69235442629287;386.9828401885841;6;1;6_1;0.2714131587293605;3;6_1;SR_0_SM_0;0.7100983047296995
234.69193567050235;393.32656717586815;6;1;6_1;0.274260736092613;3;6_1;SR_0_SM_0;0.7100983047296995
234.69151691471183;399.6702941631525;6;1;6_1;0.27710831345586556;3;6_1;SR_0_SM_0;0.7100983047296995
234.6910981589213;406.0140211504365;6;1;6_1;0.2799558908191181;3;6_1;SR_0_SM_0;0.7100983047296995
234.6906794031308;412.3577481377208;6;1;6_1;0.2828034681823707;3;6_1;SR_0_SM_0;0.7100983047296995
234.69026064734027;418.7014751250049;6;1;6_1;0.28565104554562315;3;6_1;SR_0_SM_0;0.7100983047296995
234.68984189154972;425.0452021122892;6;1;6_1;0.2884986229088758;3;6_1;SR_0_SM_0;0.7100983047296995
234.68942313575923;431.38892909957326;6;1;6_1;0.29134620027212826;3;6_1;SR_0_SM_0;0.7100983047296995
234.6890043799687;437.7326560868573;6;1;6_1;0.2941937776353807;3;6_1;SR_0_SM_0;0.7100983047296995
234.6885856241782;444.0763830741416;6;1;6_1;0.2970413549986333;3;6_1;SR_0_SM_0;0.7100983047296995
234.68816686838767;450.4201100614257;6;1;6_1;0.2998889323618858;3;6_1;SR_0_SM_0;0.7100983047296995
234.68774811259715;456.76383704871;6;1;6_1;0.30273650972513844;4;6_1;SR_0_SM_0;0.2268348623853211
234.68732935680663;463.1075640359941;6;1;6_1;0.30558408708839097;4;6_1;SR_0_SM_0;0.2268348623853211
234.6869106010161;469.4512910232784;6;1;6_1;0.30843166445164355;4;6_1;SR_0_SM_0;0.2268348623853211
234.6864918452256;475.7950180105624;6;1;6_1;0.31127924181489597;4;6_1;SR_0_SM_0;0.2268348623853211
234.68607308943507;482.13874499784674;6;1;6_1;0.3141268191781486;4;6_1;SR_0_SM_0;0.2268348623853211
234.68565433364452;488.4824719851308;6;1;6_1;0.3169743965414011;4;6_1;SR_0_SM_0;0.2268348623853211
234.68523557785403;494.8261989724151;6;1;6_1;0.31982197390465367;4;6_1;SR_0_SM_0;0.2268348623853211
234.6848168220635;501.1699259596992;6;1;6_1;0.3226695512679062;4;6_1;SR_0_SM_0;0.2268348623853211
234.684398066273;507.5136529469835;6;1;6_1;0.32551712863115884;4;6_1;SR_0_SM_0;0.2268348623853211
234.68397931048247;513.8573799342676;6;1;6_1;0.3283647059944113;4;6_1;SR_0_SM_0;0.2268348623853211
234.68356055469195;520.2011069215519;6;1;6_1;0.33121228335766395;4;6_1;SR_0_SM_0;0.2268348623853211
234.68314179890143;526.5448339088359;6;1;6_1;0.3340598607209164;4;6_1;SR_0_SM_0;0.2268348623853211
234.6827230431109;532.8885608961202;6;1;6_1;0.336907438084169;4;6_1;SR_0_SM_0;0.2268348623853211
234.6823042873204;539.2322878834043;6;1;6_1;0.33975501544742154;4;6_1;SR_0_SM_0;0.2268348623853211
234.68188553152987;545.5760148706886;6;1;6_1;0.3426025928106741;4;6_1;SR_0_SM_0;0.2268348623853211
234.68146677573932;551.9197418579727;6;1;6_1;0.3454501701739266;4;6_1;SR_0_SM_0;0.2268348623853211
234.68104801994883;558.263468845257;6;1;6_1;0.3482977475371792;4;6_1;SR_0_SM_0;0.2268348623853211
234.6806292641583;564.607195832541;6;1;6_1;0.3511453249004317;4;6_1;SR_0_SM_0;0.2268348623853211
234.6802105083678;570.9509228198251;6;1;6_1;0.3539929022636842;4;6_1;SR_0_SM_0;0.2268348623853211
234.67979175257727;577.2946498071094;6;1;6_1;0.3568404796269368;4;6_1;SR_0_SM_0;0.2268348623853211
234.67937299678675;583.6383767943935;6;1;6_1;0.3596880569901893;4;6_1;SR_0_SM_0;0.2268348623853211
234.67895424099623;589.9821037816778;6;1;6_1;0.3625356343534419;4;6_1;SR_0_SM_0;0.2268348623853211
234.6785354852057;596.3258307689619;6;1;6_1;0.3653832117166944;4;6_1;SR_0_SM_0;0.2268348623853211
234.6781167294152;602.6695577562461;6;1;6_1;0.368230789079947;4;6_1;SR_0_SM_0;0.2268348623853211
234.67769797362467;609.0132847435302;6;1;6_1;0.37107836644319947;4;6_1;SR_0_SM_0;0.2268348623853211
234.6772792178341;615.3570117308145;6;1;6_1;0.37392594380645194;4;6_1;SR_0_SM_0;0.2268348623853211
234.6768604620436;621.7007387180986;6;1;6_1;0.3767735211697044;4;6_1;SR_0_SM_0;0.2268348623853211
234.67644170625303;628.0444657053829;6;1;6_1;0.379621098532957;4;6_1;SR_0_SM_0;0.2268348623853211
234.6760229504625;634.388192692667;6;1;6_1;0.38246867589620953;4;6_1;SR_0_SM_0;0.2268348623853211
234.675604194672;640.7319196799513;6;1;6_1;0.3853162532594621;4;6_1;SR_0_SM_0;0.2268348623853211
234.6751854388815;647.0756466672353;6;1;6_1;0.3881638306227146;4;6_1;SR_0_SM_0;0.2268348623853211
234.67476668309095;653.4193736545196;6;1;6_1;0.39101140798596723;4;6_1;SR_0_SM_0;0.2268348623853211
234.6743479273005;659.7631006418037;6;1;6_1;0.39385898534921965;4;6_1;SR_0_SM_0;0.2268348623853211
234.67392917150997;666.106827629088;6;1;6_1;0.3967065627124723;4;6_1;SR_0_SM_0;0.2268348623853211
234.67351041571945;672.4505546163721;6;1;6_1;0.39955414007572476;4;6_1;SR_0_SM_0;0.2268348623853211
234.6730916599289;678.7942816036564;6;1;6_1;0.4024017174389774;5;6_1;SR_0_SM_0;0.13570566948130278
234.6726729041384;685.1380085909404;6;1;6_1;0.4052492948022298;5;6_1;SR_0_SM_0;0.13570566948130278
234.67225414834783;691.4817355782247;6;1;6_1;0.4080968721654825;5;6_1;SR_0_SM_0;0.13570566948130278
234.6718353925573;697.8254625655088;6;1;6_1;0.41094444952873493;5;6_1;SR_0_SM_0;0.13570566948130278
234.6714166367668;704.1691895527929;6;1;6_1;0.41379202689198746;5;6_1;SR_0_SM_0;0.13570566948130278
234.6709978809763;710.5129165400772;6;1;6_1;0.41663960425524005;5;6_1;SR_0_SM_0;0.13570566948130278
234.67057912518575;716.8566435273613;6;1;6_1;0.4194871816184925;5;6_1;SR_0_SM_0;0.13570566948130278
234.6701603693953;723.2003705146456;6;1;6_1;0.4223347589817451;5;6_1;SR_0_SM_0;0.13570566948130278
234.66974161360477;729.5440975019296;6;1;6_1;0.42518233634499764;5;6_1;SR_0_SM_0;0.13570566948130278
234.66932285781425;735.8878244892139;6;1;6_1;0.4280299137082502;5;6_1;SR_0_SM_0;0.13570566948130278
234.6689041020237;742.231551476498;6;1;6_1;0.4308774910715027;5;6_1;SR_0_SM_0;0.13570566948130278
234.6684853462332;748.5752784637823;6;1;6_1;0.43372506843475533;5;6_1;SR_0_SM_0;0.13570566948130278
234.66806659044263;754.9190054510664;6;1;6_1;0.4365726457980078;5;6_1;SR_0_SM_0;0.13570566948130278
234.66764783465212;761.2627324383507;6;1;6_1;0.4394202231612604;5;6_1;SR_0_SM_0;0.13570566948130278
234.6672290788616;767.6064594256347;6;1;6_1;0.4422678005245129;5;6_1;SR_0_SM_0;0.13570566948130278
234.6668103230711;773.950186412919;6;1;6_1;0.4451153778877655;5;6_1;SR_0_SM_0;0.13570566948130278
234.66639156728056;780.2939134002031;6;1;6_1;0.447962955251018;5;6_1;SR_0_SM_0;0.13570566948130278
234.6659728114901;786.6376403874874;6;1;6_1;0.4508105326142706;5;6_1;SR_0_SM_0;0.13570566948130278
234.66555405569957;792.9813673747715;6;1;6_1;0.4536581099775231;5;6_1;SR_0_SM_0;0.13570566948130278
234.66513529990905;799.3250943620558;6;1;6_1;0.4565056873407757;5;6_1;SR_0_SM_0;0.13570566948130278
234.6647165441185;805.6688213493399;6;1;6_1;0.4593532647040282;5;6_1;SR_0_SM_0;0.13570566948130278
234.664297788328;812.0125483366241;6;1;6_1;0.4622008420672807;5;6_1;SR_0_SM_0;0.13570566948130278
234.6638790325375;818.3562753239082;6;1;6_1;0.4650484194305332;5;6_1;SR_0_SM_0;0.13570566948130278
234.66346027674692;824.7000023111925;6;1;6_1;0.4678959967937858;5;6_1;SR_0_SM_0;0.13570566948130278
234.66304152095643;831.0437292984766;6;1;6_1;0.4707435741570383;5;6_1;SR_0_SM_0;0.13570566948130278
234.6626227651659;837.3874562857609;6;1;6_1;0.47359115152029085;5;6_1;SR_0_SM_0;0.13570566948130278
234.6622040093754;843.731183273045;6;1;6_1;0.47643872888354344;5;6_1;SR_0_SM_0;0.13570566948130278
234.66178525358487;850.074910260329;6;1;6_1;0.47928630624679597;5;6_1;SR_0_SM_0;0.13570566948130278
234.66136649779435;856.4186372476133;6;1;6_1;0.4821338836100485;5;6_1;SR_0_SM_0;0.13570566948130278
234.66094774200383;862.7623642348974;6;1;6_1;0.48498146097330097;5;6_1;SR_0_SM_0;0.13570566948130278
234.6605289862133;869.1060912221817;6;1;6_1;0.4878290383365536;5;6_1;SR_0_SM_0;0.13570566948130278
234.6601102304228;875.4498182094658;6;1;6_1;0.4906766156998061;5;6_1;SR_0_SM_0;0.13570566948130278
234.65969147463227;881.7935451967501;6;1;6_1;0.4935241930630587;5;6_1;SR_0_SM_0;0.13570566948130278
234.65927271884172;888.1372721840341;6;1;6_1;0.49637177042631114;5;6_1;SR_0_SM_0;0.13570566948130278
234.65885396305123;894.4809991713184;6;1;6_1;0.4992193477895638;5;6_1;SR_0_SM_0;0.13570566948130278
234.6584352072607;900.8247261586027;6;1;6_1;0.5020669251528164;6;6_1;SR_0_SM_0;0.13432835820895522
234.65801645147013;907.1684531458868;6;1;6_1;0.5049145025160688;6;6_1;SR_0_SM_0;0.13432835820895522
234.6575976956796;913.512180133171;6;1;6_1;0.5077620798793214;6;6_1;SR_0_SM_0;0.13432835820895522
234.6571789398891;919.8559071204552;6;1;6_1;0.510609657242574;6;6_1;SR_0_SM_0;0.13432835820895522
234.65676018409857;926.1996341077394;6;1;6_1;0.5134572346058265;6;6_1;SR_0_SM_0;0.13432835820895522
234.65634142830805;932.5433610950236;6;1;6_1;0.5163048119690791;6;6_1;SR_0_SM_0;0.13432835820895522
234.65592267251756;938.8870880823076;6;1;6_1;0.5191523893323317;6;6_1;SR_0_SM_0;0.13432835820895522
234.655503916727;945.230815069592;6;1;6_1;0.5219999666955841;6;6_1;SR_0_SM_0;0.13432835820895522
234.6550851609365;951.574542056876;6;1;6_1;0.5248475440588367;6;6_1;SR_0_SM_0;0.13432835820895522
234.654666405146;957.9182690441604;6;1;6_1;0.5276951214220893;6;6_1;SR_0_SM_0;0.13432835820895522
234.65424764935543;964.2619960314444;6;1;6_1;0.5305426987853418;6;6_1;SR_0_SM_0;0.13432835820895522
234.6538288935649;970.6057230187288;6;1;6_1;0.5333902761485944;6;6_1;SR_0_SM_0;0.13432835820895522
234.6534101377744;976.9494500060129;6;1;6_1;0.5362378535118469;6;6_1;SR_0_SM_0;0.13432835820895522
234.6529913819839;983.293176993297;6;1;6_1;0.5390854308750994;6;6_1;SR_0_SM_0;0.13432835820895522
234.65257262619335;989.6369039805812;6;1;6_1;0.541933008238352;6;6_1;SR_0_SM_0;0.13432835820895522
234.65215387040288;995.9806309678654;6;1;6_1;0.5447805856016046;6;6_1;SR_0_SM_0;0.13432835820895522
234.65173511461236;1002.3243579551496;6;1;6_1;0.5476281629648571;6;6_1;SR_0_SM_0;0.13432835820895522
234.65131635882184;1008.6680849424338;6;1;6_1;0.5504757403281096;6;6_1;SR_0_SM_0;0.13432835820895522
234.6508976030313;1015.011811929718;6;1;6_1;0.5533233176913622;6;6_1;SR_0_SM_0;0.13432835820895522
234.6504788472408;1021.355538917002;6;1;6_1;0.5561708950546147;6;6_1;SR_0_SM_0;0.13432835820895522
234.65006009145023;1027.6992659042862;6;1;6_1;0.5590184724178673;6;6_1;SR_0_SM_0;0.13432835820895522
234.6496413356597;1034.0429928915703;6;1;6_1;0.5618660497811198;6;6_1;SR_0_SM_0;0.13432835820895522
234.6492225798692;1040.3867198788548;6;1;6_1;0.5647136271443723;6;6_1;SR_0_SM_0;0.13432835820895522
234.6488038240787;1046.730446866139;6;1;6_1;0.5675612045076249;6;6_1;SR_0_SM_0;0.13432835820895522
234.64838506828815;1053.074173853423;6;1;6_1;0.5704087818708775;6;6_1;SR_0_SM_0;0.13432835820895522
234.6479663124977;1059.4179008407073;6;1;6_1;0.57325635923413;6;6_1;SR_0_SM_0;0.13432835820895522
234.64754755670717;1065.761627827991;6;1;6_1;0.5761039365973823;6;6_1;SR_0_SM_0;0.13432835820895522
234.64712880091665;1072.1053548152754;6;1;6_1;0.578951513960635;6;6_1;SR_0_SM_0;0.13432835820895522
234.6467100451261;1078.4490818025597;6;1;6_1;0.5817990913238876;6;6_1;SR_0_SM_0;0.13432835820895522
234.6462912893356;1084.792808789844;6;1;6_1;0.5846466686871402;6;6_1;SR_0_SM_0;0.13432835820895522
234.64587253354503;1091.136535777128;6;1;6_1;0.5874942460503928;6;6_1;SR_0_SM_0;0.13432835820895522
234.6454537777545;1097.480262764412;6;1;6_1;0.5903418234136452;6;6_1;SR_0_SM_0;0.13432835820895522
234.645035021964;1103.8239897516964;6;1;6_1;0.5931894007768979;6;6_1;SR_0_SM_0;0.13432835820895522
234.6446162661735;1110.1677167389807;6;1;6_1;0.5960369781401504;6;6_1;SR_0_SM_0;0.13432835820895522
234.64419751038295;1116.5114437262648;6;1;6_1;0.5988845555034029;6;6_1;SR_0_SM_0;0.13432835820895522
234.6437787545925;1122.855170713549;6;1;6_1;0.6017321328666554;7;6_1;SR_0_SM_0;0.13358778625954199
234.64335999880197;1129.1988977008332;6;1;6_1;0.6045797102299081;7;6_1;SR_0_SM_0;0.13358778625954199
234.64294124301145;1135.5426246881177;6;1;6_1;0.6074272875931607;7;6_1;SR_0_SM_0;0.13358778625954199
234.6425224872209;1141.8863516754016;6;1;6_1;0.6102748649564131;7;6_1;SR_0_SM_0;0.13358778625954199
234.6421037314304;1148.2300786626856;6;1;6_1;0.6131224423196656;7;6_1;SR_0_SM_0;0.13358778625954199
234.64168497563983;1154.57380564997;6;1;6_1;0.6159700196829182;7;6_1;SR_0_SM_0;0.13358778625954199
234.6412662198493;1160.9175326372542;6;1;6_1;0.6188175970461708;7;6_1;SR_0_SM_0;0.13358778625954199
234.6408474640588;1167.2612596245383;6;1;6_1;0.6216651744094234;7;6_1;SR_0_SM_0;0.13358778625954199
234.6404287082683;1173.6049866118224;6;1;6_1;0.6245127517726757;7;6_1;SR_0_SM_0;0.13358778625954199
234.64000995247775;1179.948713599107;6;1;6_1;0.6273603291359284;7;6_1;SR_0_SM_0;0.13358778625954199
234.6395911966873;1186.2924405863907;6;1;6_1;0.6302079064991809;7;6_1;SR_0_SM_0;0.13358778625954199
234.63917244089677;1192.6361675736748;6;1;6_1;0.6330554838624333;7;6_1;SR_0_SM_0;0.13358778625954199
234.63875368510617;1198.979894560959;6;1;6_1;0.635903061225686;7;6_1;SR_0_SM_0;0.13358778625954199
234.63833492931565;1205.3236215482434;6;1;6_1;0.6387506385889387;7;6_1;SR_0_SM_0;0.13358778625954199
234.63791617352516;1211.6673485355277;6;1;6_1;0.6415982159521911;7;6_1;SR_0_SM_0;0.13358778625954199
234.6374974177346;1218.0110755228116;6;1;6_1;0.6444457933154435;7;6_1;SR_0_SM_0;0.13358778625954199
234.6370786619441;1224.354802510096;6;1;6_1;0.6472933706786963;7;6_1;SR_0_SM_0;0.13358778625954199
234.6366599061536;1230.6985294973802;6;1;6_1;0.6501409480419488;7;6_1;SR_0_SM_0;0.13358778625954199
234.63624115036305;1237.0422564846642;6;1;6_1;0.6529885254052012;7;6_1;SR_0_SM_0;0.13358778625954199
234.63582239457253;1243.3859834719483;6;1;6_1;0.6558361027684537;7;6_1;SR_0_SM_0;0.13358778625954199
234.635403638782;1249.7297104592326;6;1;6_1;0.6586836801317063;7;6_1;SR_0_SM_0;0.13358778625954199
234.6349848829915;1256.073437446517;6;1;6_1;0.661531257494959;7;6_1;SR_0_SM_0;0.13358778625954199
234.63456612720097;1262.417164433801;6;1;6_1;0.6643788348582115;7;6_1;SR_0_SM_0;0.13358778625954199
234.63414737141045;1268.760891421085;6;1;6_1;0.6672264122214638;7;6_1;SR_0_SM_0;0.13358778625954199
234.63372861561996;1275.104618408369;6;1;6_1;0.6700739895847164;7;6_1;SR_0_SM_0;0.13358778625954199
234.6333098598294;1281.4483453956536;6;1;6_1;0.6729215669479692;7;6_1;SR_0_SM_0;0.13358778625954199
234.6328911040389;1287.7920723829377;6;1;6_1;0.6757691443112216;7;6_1;SR_0_SM_0;0.13358778625954199
234.6324723482484;1294.1357993702218;6;1;6_1;0.6786167216744741;7;6_1;SR_0_SM_0;0.13358778625954199
234.63205359245785;1300.479526357506;6;1;6_1;0.6814642990377268;7;6_1;SR_0_SM_0;0.13358778625954199
234.63163483666733;1306.8232533447904;6;1;6_1;0.6843118764009793;7;6_1;SR_0_SM_0;0.13358778625954199
234.6312160808768;1313.1669803320742;6;1;6_1;0.6871594537642317;7;6_1;SR_0_SM_0;0.13358778625954199
234.6307973250863;1319.5107073193583;6;1;6_1;0.6900070311274843;7;6_1;SR_0_SM_0;0.13358778625954199
234.63037856929577;1325.8544343066428;6;1;6_1;0.6928546084907369;7;6_1;SR_0_SM_0;0.13358778625954199
234.62995981350525;1332.198161293927;6;1;6_1;0.6957021858539894;7;6_1;SR_0_SM_0;0.13358778625954199
234.62954105771476;1338.541888281211;6;1;6_1;0.6985497632172419;7;6_1;SR_0_SM_0;0.13358778625954199
234.6291223019242;1344.8856152684953;6;1;6_1;0.7013973405804944;8;6_1;SR_0_SM_0;0.10825877804253023
234.6287035461337;1351.2293422557796;6;1;6_1;0.7042449179437471;8;6_1;SR_0_SM_0;0.10825877804253023
234.6282847903432;1357.5730692430636;6;1;6_1;0.7070924953069996;8;6_1;SR_0_SM_0;0.10825877804253023
234.62786603455265;1363.9167962303477;6;1;6_1;0.709940072670252;8;6_1;SR_0_SM_0;0.10825877804253023
234.62744727876213;1370.260523217632;6;1;6_1;0.7127876500335046;8;6_1;SR_0_SM_0;0.10825877804253023
234.6270285229716;1376.6042502049163;6;1;6_1;0.7156352273967572;8;6_1;SR_0_SM_0;0.10825877804253023
234.6266097671811;1382.9479771922004;6;1;6_1;0.7184828047600097;8;6_1;SR_0_SM_0;0.10825877804253023
234.62619101139057;1389.2917041794844;6;1;6_1;0.7213303821232622;8;6_1;SR_0_SM_0;0.10825877804253023
234.62577225560003;1395.6354311667687;6;1;6_1;0.7241779594865149;8;6_1;SR_0_SM_0;0.10825877804253023
234.62535349980956;1401.979158154053;6;1;6_1;0.7270255368497673;8;6_1;SR_0_SM_0;0.10825877804253023
234.624934744019;1408.322885141337;6;1;6_1;0.7298731142130199;8;6_1;SR_0_SM_0;0.10825877804253023
234.6245159882285;1414.6666121286212;6;1;6_1;0.7327206915762724;8;6_1;SR_0_SM_0;0.10825877804253023
234.624097232438;1421.0103391159057;6;1;6_1;0.7355682689395252;8;6_1;SR_0_SM_0;0.10825877804253023
234.62367847664743;1427.3540661031896;6;1;6_1;0.7384158463027775;8;6_1;SR_0_SM_0;0.10825877804253023
234.6232597208569;1433.697793090474;6;1;6_1;0.7412634236660302;8;6_1;SR_0_SM_0;0.10825877804253023
234.6228409650664;1440.041520077758;6;1;6_1;0.7441110010292825;8;6_1;SR_0_SM_0;0.10825877804253023
234.6224222092759;1446.3852470650422;6;1;6_1;0.7469585783925352;8;6_1;SR_0_SM_0;0.10825877804253023
234.62200345348535;1452.7289740523263;6;1;6_1;0.7498061557557877;8;6_1;SR_0_SM_0;0.10825877804253023
234.62158469769489;1459.0727010396106;6;1;6_1;0.7526537331190403;8;6_1;SR_0_SM_0;0.10825877804253023
234.62116594190437;1465.416428026895;6;1;6_1;0.7555013104822929;8;6_1;SR_0_SM_0;0.10825877804253023
234.62074718611385;1471.760155014179;6;1;6_1;0.7583488878455453;8;6_1;SR_0_SM_0;0.10825877804253023
234.6203284303233;1478.103882001463;6;1;6_1;0.7611964652087978;8;6_1;SR_0_SM_0;0.10825877804253023
234.6199096745328;1484.447608988747;6;1;6_1;0.7640440425720503;8;6_1;SR_0_SM_0;0.10825877804253023
234.6194909187422;1490.7913359760314;6;1;6_1;0.766891619935303;8;6_1;SR_0_SM_0;0.10825877804253023
234.61907216295168;1497.1350629633157;6;1;6_1;0.7697391972985554;8;6_1;SR_0_SM_0;0.10825877804253023
234.6186534071612;1503.4787899505998;6;1;6_1;0.772586774661808;8;6_1;SR_0_SM_0;0.10825877804253023
234.61823465137064;1509.8225169378838;6;1;6_1;0.7754343520250605;8;6_1;SR_0_SM_0;0.10825877804253023
234.6178158955801;1516.166243925168;6;1;6_1;0.778281929388313;8;6_1;SR_0_SM_0;0.10825877804253023
234.6173971397896;1522.5099709124524;6;1;6_1;0.7811295067515654;8;6_1;SR_0_SM_0;0.10825877804253023
234.61697838399908;1528.8536978997363;6;1;6_1;0.7839770841148179;8;6_1;SR_0_SM_0;0.10825877804253023
234.61655962820856;1535.1974248870206;6;1;6_1;0.7868246614780705;8;6_1;SR_0_SM_0;0.10825877804253023
234.61614087241804;1541.541151874305;6;1;6_1;0.7896722388413231;8;6_1;SR_0_SM_0;0.10825877804253023
234.61572211662752;1547.8848788615892;6;1;6_1;0.7925198162045757;8;6_1;SR_0_SM_0;0.10825877804253023
234.615303360837;1554.2286058488733;6;1;6_1;0.7953673935678282;8;6_1;SR_0_SM_0;0.10825877804253023
234.61488460504648;1560.572332836157;6;1;6_1;0.7982149709310805;8;6_1;SR_0_SM_0;0.10825877804253023
234.614465849256;1566.9160598234416;6;1;6_1;0.8010625482943333;9;6_1;SR_0_SM_0;0.13112313937753722
234.61404709346544;1573.2597868107257;6;1;6_1;0.8039101256575857;9;6_1;SR_0_SM_0;0.13112313937753722
234.61362833767487;1579.60351379801;6;1;6_1;0.8067577030208383;9;6_1;SR_0_SM_0;0.13112313937753722
234.6132095818844;1585.947240785294;6;1;6_1;0.8096052803840909;9;6_1;SR_0_SM_0;0.13112313937753722
234.61279082609389;1592.2909677725784;6;1;6_1;0.8124528577473433;9;6_1;SR_0_SM_0;0.13112313937753722
234.61237207030337;1598.6346947598624;6;1;6_1;0.8153004351105959;9;6_1;SR_0_SM_0;0.13112313937753722
234.61195331451285;1604.9784217471467;6;1;6_1;0.8181480124738485;9;6_1;SR_0_SM_0;0.13112313937753722
234.61153455872235;1611.3221487344308;6;1;6_1;0.820995589837101;9;6_1;SR_0_SM_0;0.13112313937753722
234.6111158029318;1617.665875721715;6;1;6_1;0.8238431672003536;9;6_1;SR_0_SM_0;0.13112313937753722
234.6106970471413;1624.0096027089992;6;1;6_1;0.8266907445636061;9;6_1;SR_0_SM_0;0.13112313937753722
234.6102782913508;1630.3533296962833;6;1;6_1;0.8295383219268586;9;6_1;SR_0_SM_0;0.13112313937753722
234.60985953556025;1636.6970566835676;6;1;6_1;0.8323858992901112;9;6_1;SR_0_SM_0;0.13112313937753722
234.60944077976973;1643.040783670852;6;1;6_1;0.835233476653364;9;6_1;SR_0_SM_0;0.13112313937753722
234.6090220239792;1649.384510658136;6;1;6_1;0.8380810540166163;9;6_1;SR_0_SM_0;0.13112313937753722
234.6086032681887;1655.72823764542;6;1;6_1;0.8409286313798688;9;6_1;SR_0_SM_0;0.13112313937753722
234.60818451239817;1662.0719646327043;6;1;6_1;0.8437762087431214;9;6_1;SR_0_SM_0;0.13112313937753722
234.60776575660765;1668.4156916199884;6;1;6_1;0.8466237861063739;9;6_1;SR_0_SM_0;0.13112313937753722
234.60734700081716;1674.759418607273;6;1;6_1;0.8494713634696266;9;6_1;SR_0_SM_0;0.13112313937753722
234.6069282450266;1681.1031455945567;6;1;6_1;0.852318940832879;9;6_1;SR_0_SM_0;0.13112313937753722
234.6065094892361;1687.446872581841;6;1;6_1;0.8551665181961315;9;6_1;SR_0_SM_0;0.13112313937753722
234.6060907334456;1693.790599569125;6;1;6_1;0.858014095559384;9;6_1;SR_0_SM_0;0.13112313937753722
234.60567197765505;1700.1343265564094;6;1;6_1;0.8608616729226367;9;6_1;SR_0_SM_0;0.13112313937753722
234.60525322186453;1706.4780535436937;6;1;6_1;0.8637092502858892;9;6_1;SR_0_SM_0;0.13112313937753722
234.604834466074;1712.8217805309778;6;1;6_1;0.8665568276491418;9;6_1;SR_0_SM_0;0.13112313937753722
234.6044157102835;1719.1655075182618;6;1;6_1;0.8694044050123942;9;6_1;SR_0_SM_0;0.13112313937753722
234.60399695449297;1725.509234505546;6;1;6_1;0.8722519823756467;9;6_1;SR_0_SM_0;0.13112313937753722
234.60357819870245;1731.8529614928302;6;1;6_1;0.8750995597388993;9;6_1;SR_0_SM_0;0.13112313937753722
234.60315944291196;1738.1966884801143;6;1;6_1;0.8779471371021518;9;6_1;SR_0_SM_0;0.13112313937753722
234.6027406871214;1744.5404154673986;6;1;6_1;0.8807947144654044;9;6_1;SR_0_SM_0;0.13112313937753722
234.6023219313309;1750.884142454683;6;1;6_1;0.8836422918286571;9;6_1;SR_0_SM_0;0.13112313937753722
228.2581761882562;1757.2274506861763;6;1;6_1;0.8876693743556754;9;6_1;SR_0_SM_0;0.13112313937753722
228.25775743246567;1763.5711776734606;6;1;6_1;0.8905169517189279;9;6_1;SR_0_SM_0;0.13112313937753722
221.91361168939096;1769.9144859049543;6;1;6_1;0.8945440342459463;9;6_1;SR_0_SM_0;0.13112313937753722
215.56946594631623;1776.257794136448;6;1;6_1;0.8985711167729646;9;6_1;SR_0_SM_0;0.13112313937753722
209.2253202032415;1782.6011023679416;6;1;6_1;0.9025981992999831;10;6_1;SR_0_SM_0;1.0
202.8811744601668;1788.9444105994353;6;1;6_1;0.9066252818270014;10;6_1;SR_0_SM_0;1.0
196.53702871709208;1795.287718830929;6;1;6_1;0.9106523643540199;10;6_1;SR_0_SM_0;1.0
190.193301729808;1795.2873000751383;6;1;6_1;0.9134999417172723;10;6_1;SR_0_SM_0;1.0
183.84957474252377;1795.286881319348;6;1;6_1;0.9163475190805249;10;6_1;SR_0_SM_0;1.0
177.50542899944907;1801.6301895508416;6;1;6_1;0.9203746016075433;10;6_1;SR_0_SM_0;1.0
171.16170201216488;1801.629770795051;6;1;6_1;0.9232221789707958;10;6_1;SR_0_SM_0;1.0
164.8179750248807;1801.6293520392603;6;1;6_1;0.9260697563340482;10;6_1;SR_0_SM_0;1.0
158.4742480375965;1801.62893328347;6;1;6_1;0.9289173336973008;10;6_1;SR_0_SM_0;1.0
152.13052105031232;1801.6285145276795;6;1;6_1;0.9317649110605533;10;6_1;SR_0_SM_0;1.0
145.78679406302814;1801.6280957718889;6;1;6_1;0.9346124884238058;10;6_1;SR_0_SM_0;1.0
139.44306707574395;1801.6276770160985;6;1;6_1;0.9374600657870584;10;6_1;SR_0_SM_0;1.0
133.09934008845977;1801.627258260308;6;1;6_1;0.9403076431503109;10;6_1;SR_0_SM_0;1.0
126.75561310117558;1801.6268395045172;6;1;6_1;0.9431552205135635;10;6_1;SR_0_SM_0;1.0
120.41188611389146;1801.6264207487268;6;1;6_1;0.9460027978768161;10;6_1;SR_0_SM_0;1.0
114.06815912660728;1801.6260019929364;6;1;6_1;0.9488503752400685;10;6_1;SR_0_SM_0;1.0
107.72443213932308;1801.6255832371455;6;1;6_1;0.9516979526033211;10;6_1;SR_0_SM_0;1.0
101.3807051520389;1801.6251644813556;6;1;6_1;0.9545455299665737;10;6_1;SR_0_SM_0;1.0
95.03697816475471;1801.6247457255647;6;1;6_1;0.9573931073298262;10;6_1;SR_0_SM_0;1.0
88.69325117747053;1801.6243269697743;6;1;6_1;0.9602406846930788;10;6_1;SR_0_SM_0;1.0
82.34952419018634;1801.623908213984;6;1;6_1;0.9630882620563312;10;6_1;SR_0_SM_0;1.0
76.00579720290216;1801.6234894581933;6;1;6_1;0.9659358394195838;10;6_1;SR_0_SM_0;1.0
69.66207021561797;1801.6230707024024;6;1;6_1;0.9687834167828364;10;6_1;SR_0_SM_0;1.0
63.31834322833379;1801.622651946612;6;1;6_1;0.9716309941460889;10;6_1;SR_0_SM_0;1.0
56.97461624104966;1801.6222331908216;6;1;6_1;0.9744785715093415;10;6_1;SR_0_SM_0;1.0
50.630889253765474;1801.6218144350312;6;1;6_1;0.9773261488725941;10;6_1;SR_0_SM_0;1.0
44.28716226648129;1801.6213956792403;6;1;6_1;0.9801737262358465;10;6_1;SR_0_SM_0;1.0
37.943435279197104;1801.62097692345;6;1;6_1;0.9830213035990991;10;6_1;SR_0_SM_0;1.0
31.59970829191292;1801.6205581676595;6;1;6_1;0.9858688809623517;10;6_1;SR_0_SM_0;1.0
25.255981304628733;1801.620139411869;6;1;6_1;0.9887164583256042;10;6_1;SR_0_SM_0;1.0
18.912254317344548;1801.6197206560785;6;1;6_1;0.9915640356888568;10;6_1;SR_0_SM_0;1.0
12.568527330060364;1801.619301900288;6;1;6_1;0.9944116130521093;10;6_1;SR_0_SM_0;1.0
6.224800342776206;1801.6188831444972;6;1;6_1;0.9972591904153618;10;6_1;SR_0_SM_0;1.0
0.1189266445079511;1801.618464388707;6;1;6_1;1.0;10;6_1;SR_0_SM_0;1.0
0.0;0.0;6;2;6_2;0.0;1;;brak;
6.343726987284157;0.000418755790406;6;2;6_2;0.0017641671696981508;1;;brak;
12.68745397456837;0.0008375115810395;6;2;6_2;0.003528334339396317;1;;brak;
19.03118096185256;0.0012562673714455;6;2;6_2;0.005292501509094477;1;;brak;
25.37490794913674;0.001675023162079;6;2;6_2;0.007056668678792635;1;;brak;
31.718634936420926;0.002093778952485;6;2;6_2;0.008820835848490794;1;;brak;
38.06236192370511;0.0025125347431185;6;2;6_2;0.010585003018188953;1;;brak;
44.4060889109893;0.0029312905335245;6;2;6_2;0.01234917018788711;1;;brak;
50.74981589827348;0.003350046324158;6;2;6_2;0.014113337357585269;1;;brak;
57.09354288555767;0.003768802114564;6;2;6_2;0.015877504527283426;1;;brak;
63.4372698728418;0.0041875579051975;6;2;6_2;0.01764167169698157;1;;brak;
69.78099686012598;0.0046063136956036;6;2;6_2;0.01940583886667973;1;;brak;
76.12472384741017;0.005025069486237;6;2;6_2;0.02117000603637789;1;;brak;
82.46845083469435;0.0054438252766431;6;2;6_2;0.022934173206076047;1;;brak;
88.81217782197854;0.0058625810672765;6;2;6_2;0.02469834037577421;1;;brak;
95.15590480926272;0.0062813368576826;6;2;6_2;0.026462507545472365;1;;brak;
101.49963179654692;0.006700092648316;6;2;6_2;0.028226674715170527;1;;brak;
107.84335878383108;0.0071188484387221;6;2;6_2;0.029990841884868683;1;;brak;
114.18708577111528;0.0075376042293555;6;2;6_2;0.031755009054566845;1;;brak;
120.53081275839946;0.0079563600197616;6;2;6_2;0.03351917622426501;1;;brak;
126.8745397456836;0.008375115810395;6;2;6_2;0.035283343393963155;1;;brak;
133.21826673296778;0.0087938716008011;6;2;6_2;0.037047510563661304;1;;brak;
139.56199372025196;0.0092126273914345;6;2;6_2;0.038811677733359466;1;;brak;
145.90572070753615;0.0096313831818406;6;2;6_2;0.040575844903057615;1;;brak;
152.24944769482033;0.010050138972474;6;2;6_2;0.04234001207275578;1;;brak;
158.59317468210452;0.0104688947628801;6;2;6_2;0.04410417924245394;1;;brak;
164.9369016693887;0.0108876505535135;6;2;6_2;0.045868346412152095;1;;brak;
171.2806286566729;0.0113064063439196;6;2;6_2;0.04763251358185026;1;;brak;
177.62435564395707;0.0117251621345531;6;2;6_2;0.04939668075154842;1;;brak;
183.9680826312413;0.0121439179249591;6;2;6_2;0.05116084792124659;1;;brak;
190.31180961852544;0.0125626737155926;6;2;6_2;0.05292501509094474;1;;brak;
196.6555366058096;0.0129814295059986;6;2;6_2;0.054689182260642885;1;;brak;
202.99926359309376;0.0134001852966321;6;2;6_2;0.056453349430341034;1;;brak;
209.34299058037797;0.0138189410870381;6;2;6_2;0.0582175166000392;1;;brak;
215.68671756766213;0.0142376968776716;6;2;6_2;0.05998168376973735;1;;brak;
222.0304445549463;0.0146564526680776;6;2;6_2;0.06174585093943551;1;;brak;
228.3741715422305;0.0150752084587111;6;2;6_2;0.06351001810913368;1;;brak;
234.71789852951468;0.0154939642491171;6;2;6_2;0.06527418527883183;1;;brak;
241.06162551679887;0.0159127200397506;6;2;6_2;0.06703835244853;1;;brak;
247.40535250408303;0.0163314758301567;6;2;6_2;0.06880251961822813;1;;brak;
253.74907949136724;0.0167502316207901;6;2;6_2;0.0705666867879263;1;;brak;
260.09280647865137;0.0171689874111962;6;2;6_2;0.07233085395762444;1;;brak;
266.4365334659355;0.0175877432018296;6;2;6_2;0.07409502112732258;1;;brak;
272.7802604532197;0.0180064989922357;6;2;6_2;0.07585918829702074;1;;brak;
279.12398744050387;0.0184252547828691;6;2;6_2;0.0776233554667189;1;;brak;
285.46771442778805;0.0188440105732752;6;2;6_2;0.07938752263641706;1;;brak;
291.81144141507224;0.0192627663639086;6;2;6_2;0.08115168980611522;1;;brak;
298.1551684023564;0.0196815221543147;6;2;6_2;0.08291585697581336;1;;brak;
304.4988953896406;0.0201002779449481;6;2;6_2;0.08468002414551153;1;;brak;
310.8426223769248;0.0205190337353542;6;2;6_2;0.08644419131520968;1;;brak;
317.186349364209;0.0209377895259876;6;2;6_2;0.08820835848490784;1;;brak;
323.5300763514932;0.0213565453163937;6;2;6_2;0.08997252565460602;1;;brak;
329.8738033387773;0.0217753011070271;6;2;6_2;0.09173669282430415;1;;brak;
336.21753032606154;0.0221940568976606;6;2;6_2;0.09350085999400232;1;;brak;
342.5612573133457;0.0226128126880666;6;2;6_2;0.09526502716370049;1;;brak;
348.9049843006299;0.0230315684787001;6;2;6_2;0.09702919433339864;1;;brak;
355.2487112879141;0.0234503242691062;6;2;6_2;0.09879336150309681;1;;brak;
361.5924382751983;0.0238690800597396;6;2;6_2;0.10055752867279497;2;6_2;SR_1_SM_0;0.707041437264561
367.9361652624824;0.0242878358501457;6;2;6_2;0.10232169584249311;2;6_2;SR_1_SM_0;0.707041437264561
374.2798922497665;0.0247065916407791;6;2;6_2;0.10408586301219123;2;6_2;SR_1_SM_0;0.707041437264561
380.6236192370507;0.0251253474311852;6;2;6_2;0.10585003018188942;2;6_2;SR_1_SM_0;0.707041437264561
386.9673462243349;0.0255441032218186;6;2;6_2;0.10761419735158757;2;6_2;SR_1_SM_0;0.707041437264561
393.3110732116191;0.0259628590122247;6;2;6_2;0.10937836452128573;2;6_2;SR_1_SM_0;0.707041437264561
399.6548001989033;0.0263816148028581;6;2;6_2;0.11114253169098386;2;6_2;SR_1_SM_0;0.707041437264561
405.99852718618746;0.0268003705932642;6;2;6_2;0.11290669886068203;2;6_2;SR_1_SM_0;0.707041437264561
412.3422541734717;0.0272191263838976;6;2;6_2;0.1146708660303802;2;6_2;SR_1_SM_0;0.707041437264561
418.68598116075583;0.0276378821743037;6;2;6_2;0.11643503320007834;2;6_2;SR_1_SM_0;0.707041437264561
425.02970814804;0.0280566379649371;6;2;6_2;0.1181992003697765;2;6_2;SR_1_SM_0;0.707041437264561
431.3734351353242;0.0284753937553432;6;2;6_2;0.11996336753947466;2;6_2;SR_1_SM_0;0.707041437264561
437.7171621226084;0.0288941495459766;6;2;6_2;0.12172753470917282;2;6_2;SR_1_SM_0;0.707041437264561
444.06088910989257;0.0293129053363827;6;2;6_2;0.12349170187887099;2;6_2;SR_1_SM_0;0.707041437264561
450.4046160971768;0.0297316611270161;6;2;6_2;0.12525586904856914;2;6_2;SR_1_SM_0;0.707041437264561
456.74834308446094;0.0301504169174222;6;2;6_2;0.1270200362182673;2;6_2;SR_1_SM_0;0.707041437264561
463.0920700717451;0.0305691727080557;6;2;6_2;0.12878420338796545;2;6_2;SR_1_SM_0;0.707041437264561
469.4357970590293;0.0309879284984617;6;2;6_2;0.1305483705576636;2;6_2;SR_1_SM_0;0.707041437264561
475.7795240463135;0.0314066842890952;6;2;6_2;0.13231253772736176;2;6_2;SR_1_SM_0;0.707041437264561
482.1232510335977;0.0318254400795012;6;2;6_2;0.13407670489705992;2;6_2;SR_1_SM_0;0.707041437264561
488.46697802088187;0.0322441958701347;6;2;6_2;0.13584087206675807;2;6_2;SR_1_SM_0;0.707041437264561
494.81070500816605;0.0326629516605407;6;2;6_2;0.13760503923645626;2;6_2;SR_1_SM_0;0.707041437264561
501.1544319954501;0.0330817074511742;6;2;6_2;0.13936920640615436;2;6_2;SR_1_SM_0;0.707041437264561
507.4981589827343;0.0335004632415802;6;2;6_2;0.1411333735758525;2;6_2;SR_1_SM_0;0.707041437264561
513.8418859700184;0.0339192190322137;6;2;6_2;0.14289754074555064;2;6_2;SR_1_SM_0;0.707041437264561
520.1856129573027;0.0343379748226198;6;2;6_2;0.14466170791524885;2;6_2;SR_1_SM_0;0.707041437264561
526.5293399445868;0.0347567306132532;6;2;6_2;0.14642587508494698;2;6_2;SR_1_SM_0;0.707041437264561
532.8730669318711;0.0351754864036593;6;2;6_2;0.14819004225464516;2;6_2;SR_1_SM_0;0.707041437264561
539.2167939191552;0.0355942421942927;6;2;6_2;0.1499542094243433;2;6_2;SR_1_SM_0;0.707041437264561
545.5605209064395;0.0360129979846988;6;2;6_2;0.15171837659404147;2;6_2;SR_1_SM_0;0.707041437264561
551.9042478937236;0.0364317537753322;6;2;6_2;0.1534825437637396;2;6_2;SR_1_SM_0;0.707041437264561
558.2479748810078;0.0368505095657383;6;2;6_2;0.1552467109334378;2;6_2;SR_1_SM_0;0.707041437264561
564.5917018682919;0.0372692653563717;6;2;6_2;0.15701087810313594;2;6_2;SR_1_SM_0;0.707041437264561
570.9354288555762;0.0376880211467778;6;2;6_2;0.15877504527283412;2;6_2;SR_1_SM_0;0.707041437264561
577.2791558428603;0.0381067769374112;6;2;6_2;0.16053921244253225;2;6_2;SR_1_SM_0;0.707041437264561
583.6228828301446;0.0385255327278173;6;2;6_2;0.16230337961223043;2;6_2;SR_1_SM_0;0.707041437264561
589.9666098174287;0.0389442885184507;6;2;6_2;0.16406754678192856;2;6_2;SR_1_SM_0;0.707041437264561
596.310336804713;0.0393630443088568;6;2;6_2;0.16583171395162677;2;6_2;SR_1_SM_0;0.707041437264561
602.654063791997;0.0397818000994902;6;2;6_2;0.1675958811213249;2;6_2;SR_1_SM_0;0.707041437264561
608.9977907792813;0.0402005558898963;6;2;6_2;0.16936004829102308;2;6_2;SR_1_SM_0;0.707041437264561
615.3415177665654;0.0406193116805297;6;2;6_2;0.1711242154607212;2;6_2;SR_1_SM_0;0.707041437264561
621.6852447538497;0.0410380674709358;6;2;6_2;0.1728883826304194;2;6_2;SR_1_SM_0;0.707041437264561
628.0289717411338;0.0414568232615693;6;2;6_2;0.17465254980011752;2;6_2;SR_1_SM_0;0.707041437264561
634.3726987284178;0.0418755790519753;6;2;6_2;0.17641671696981565;2;6_2;SR_1_SM_0;0.707041437264561
640.7164257157021;0.0422943348426088;6;2;6_2;0.17818088413951386;2;6_2;SR_1_SM_0;0.707041437264561
647.0601527029862;0.0427130906330148;6;2;6_2;0.17994505130921198;2;6_2;SR_1_SM_0;0.707041437264561
653.4038796902705;0.0431318464236483;6;2;6_2;0.18170921847891017;2;6_2;SR_1_SM_0;0.707041437264561
659.7476066775546;0.0435506022140543;6;2;6_2;0.1834733856486083;2;6_2;SR_1_SM_0;0.707041437264561
666.0913336648389;0.0439693580046878;6;2;6_2;0.18523755281830648;2;6_2;SR_1_SM_0;0.707041437264561
672.435060652123;0.0443881137950938;6;2;6_2;0.1870017199880046;2;6_2;SR_1_SM_0;0.707041437264561
678.7787876394073;0.0448068695857273;6;2;6_2;0.18876588715770282;2;6_2;SR_1_SM_0;0.707041437264561
685.1220958709009;6.388952612660205;6;2;6_2;0.19126079629538326;2;6_2;SR_1_SM_0;0.707041437264561
685.1216771151103;12.732679599944504;6;2;6_2;0.19302496346508144;2;6_2;SR_1_SM_0;0.707041437264561
685.1212583593199;19.076406587228576;6;2;6_2;0.19478913063477957;2;6_2;SR_1_SM_0;0.707041437264561
691.4645665908135;25.420552330303508;6;2;6_2;0.19728403977246015;2;6_2;SR_1_SM_0;0.707041437264561
691.4641478350229;31.76427931758758;6;2;6_2;0.19904820694215827;2;6_2;SR_1_SM_0;0.707041437264561
691.4637290792325;38.10800630487165;6;2;6_2;0.2008123741118564;3;6_2;SR_1_SM_0;0.14954685469081067
697.8070373107262;44.45215204794636;6;2;6_2;0.2033072832495369;3;6_2;SR_1_SM_0;0.14954685469081067
697.8066185549355;50.79587903523043;6;2;6_2;0.20507145041923502;3;6_2;SR_1_SM_0;0.14954685469081067
697.8061997991451;57.13960602251473;6;2;6_2;0.2068356175889332;3;6_2;SR_1_SM_0;0.14954685469081067
697.8057810433545;63.4833330097988;6;2;6_2;0.20859978475863133;3;6_2;SR_1_SM_0;0.14954685469081067
697.8053622875641;69.8270599970831;6;2;6_2;0.21036395192832955;3;6_2;SR_1_SM_0;0.14954685469081067
704.1486705190578;76.1712057401578;6;2;6_2;0.21285886106601;3;6_2;SR_1_SM_0;0.14954685469081067
704.1482517632671;82.5149327274421;6;2;6_2;0.2146230282357082;3;6_2;SR_1_SM_0;0.14954685469081067
704.1478330074767;88.85865971472617;6;2;6_2;0.21638719540540632;3;6_2;SR_1_SM_0;0.14954685469081067
704.1474142516861;95.20238670201049;6;2;6_2;0.21815136257510453;3;6_2;SR_1_SM_0;0.14954685469081067
704.1469954958957;101.54611368929454;6;2;6_2;0.21991552974480266;3;6_2;SR_1_SM_0;0.14954685469081067
710.4903037273893;107.89025943236923;6;2;6_2;0.22241043888248316;3;6_2;SR_1_SM_0;0.14954685469081067
710.4898849715987;114.23398641965332;6;2;6_2;0.22417460605218129;3;6_2;SR_1_SM_0;0.14954685469081067
710.4894662158083;120.57771340693762;6;2;6_2;0.22593877322187947;3;6_2;SR_1_SM_0;0.14954685469081067
710.4890474600177;126.92144039422168;6;2;6_2;0.2277029403915776;3;6_2;SR_1_SM_0;0.14954685469081067
710.4886287042273;133.265167381506;6;2;6_2;0.2294671075612757;3;6_2;SR_1_SM_0;0.14954685469081067
710.4882099484366;139.60889436879006;6;2;6_2;0.23123127473097385;3;6_2;SR_1_SM_0;0.14954685469081067
710.4877911926462;145.95262135607436;6;2;6_2;0.23299544190067203;3;6_2;SR_1_SM_0;0.14954685469081067
716.8310994241399;152.29676709914906;6;2;6_2;0.23549035103835253;3;6_2;SR_1_SM_0;0.14954685469081067
716.8306806683493;158.64049408643336;6;2;6_2;0.2372545182080507;3;6_2;SR_1_SM_0;0.14954685469081067
716.8302619125589;164.98422107371744;6;2;6_2;0.23901868537774884;3;6_2;SR_1_SM_0;0.14954685469081067
716.8298431567682;171.3279480610015;6;2;6_2;0.24078285254744697;3;6_2;SR_1_SM_0;0.14954685469081067
716.8294244009778;177.6716750482858;6;2;6_2;0.24254701971714518;3;6_2;SR_1_SM_0;0.14954685469081067
716.8290056451872;184.01540203556988;6;2;6_2;0.2443111868868433;3;6_2;SR_1_SM_0;0.14954685469081067
716.8285868893968;190.35912902285415;6;2;6_2;0.2460753540565415;3;6_2;SR_1_SM_0;0.14954685469081067
716.8281681336061;196.70285601013825;6;2;6_2;0.2478395212262396;3;6_2;SR_1_SM_0;0.14954685469081067
716.8277493778157;203.04658299742252;6;2;6_2;0.24960368839593777;3;6_2;SR_1_SM_0;0.14954685469081067
716.8273306220251;209.39030998470665;6;2;6_2;0.2513678555656359;3;6_2;SR_1_SM_0;0.14954685469081067
716.8269118662347;215.7340369719909;6;2;6_2;0.2531320227353341;3;6_2;SR_1_SM_0;0.14954685469081067
716.8264931104441;222.077763959275;6;2;6_2;0.2548961899050322;3;6_2;SR_1_SM_0;0.14954685469081067
716.8260743546537;228.4214909465593;6;2;6_2;0.2566603570747304;3;6_2;SR_1_SM_0;0.14954685469081067
716.825655598863;234.76521793384336;6;2;6_2;0.2584245242444285;3;6_2;SR_1_SM_0;0.14954685469081067
716.8252368430726;241.1089449211277;6;2;6_2;0.26018869141412676;3;6_2;SR_1_SM_0;0.14954685469081067
716.824818087282;247.45267190841173;6;2;6_2;0.2619528585838249;3;6_2;SR_1_SM_0;0.14954685469081067
716.8243993314916;253.79639889569603;6;2;6_2;0.263717025753523;3;6_2;SR_1_SM_0;0.14954685469081067
716.823980575701;260.1401258829801;6;2;6_2;0.2654811929232212;3;6_2;SR_1_SM_0;0.14954685469081067
716.8235618199105;266.4838528702644;6;2;6_2;0.2672453600929193;3;6_2;SR_1_SM_0;0.14954685469081067
716.8231430641199;272.82757985754847;6;2;6_2;0.26900952726261745;3;6_2;SR_1_SM_0;0.14954685469081067
716.8227243083295;279.1713068448328;6;2;6_2;0.2707736944323157;3;6_2;SR_1_SM_0;0.14954685469081067
716.8223055525389;285.51503383211684;6;2;6_2;0.2725378616020138;3;6_2;SR_1_SM_0;0.14954685469081067
716.8218867967485;291.85876081940114;6;2;6_2;0.274302028771712;3;6_2;SR_1_SM_0;0.14954685469081067
716.8214680409578;298.2024878066852;6;2;6_2;0.27606619594141013;3;6_2;SR_1_SM_0;0.14954685469081067
716.8210492851674;304.5462147939693;6;2;6_2;0.27783036311110826;3;6_2;SR_1_SM_0;0.14954685469081067
716.8206305293768;310.8899417812536;6;2;6_2;0.27959453028080644;3;6_2;SR_1_SM_0;0.14954685469081067
716.8202117735864;317.23366876853765;6;2;6_2;0.28135869745050457;3;6_2;SR_1_SM_0;0.14954685469081067
716.8197930177957;323.57739575582195;6;2;6_2;0.28312286462020275;3;6_2;SR_1_SM_0;0.14954685469081067
716.8193742620053;329.921122743106;6;2;6_2;0.2848870317899009;3;6_2;SR_1_SM_0;0.14954685469081067
716.8189555062147;336.2648497303903;6;2;6_2;0.28665119895959906;3;6_2;SR_1_SM_0;0.14954685469081067
716.8185367504243;342.6085767176744;6;2;6_2;0.2884153661292972;3;6_2;SR_1_SM_0;0.14954685469081067
723.161844981918;348.9527224607491;6;2;6_2;0.2909102752669777;3;6_2;SR_1_SM_0;0.14954685469081067
723.1614262261273;355.2964494480332;6;2;6_2;0.2926744424366758;3;6_2;SR_1_SM_0;0.14954685469081067
723.1610074703369;361.6401764353175;6;2;6_2;0.294438609606374;3;6_2;SR_1_SM_0;0.14954685469081067
723.1605887145463;367.9839034226016;6;2;6_2;0.29620277677607215;3;6_2;SR_1_SM_0;0.14954685469081067
729.50389694604;374.3280491656765;6;2;6_2;0.2986976859137527;3;6_2;SR_1_SM_0;0.14954685469081067
729.5034781902496;380.67177615296055;6;2;6_2;0.30046185308345086;4;6_2;SR_0_SM_0;0.9854545454545455
729.5030594344589;387.0155031402449;6;2;6_2;0.302226020253149;4;6_2;SR_0_SM_0;0.9854545454545455
729.5026406786685;393.3592301275289;6;2;6_2;0.3039901874228471;4;6_2;SR_0_SM_0;0.9854545454545455
735.8459489101622;399.7033758706036;6;2;6_2;0.30648509656052764;4;6_2;SR_0_SM_0;0.9854545454545455
742.1892571416558;406.0475216136783;6;2;6_2;0.3089800056982081;4;6_2;SR_0_SM_0;0.9854545454545455
742.1888383858652;412.3912486009626;6;2;6_2;0.31074417286790634;4;6_2;SR_0_SM_0;0.9854545454545455
742.1884196300748;418.7349755882467;6;2;6_2;0.3125083400376044;4;6_2;SR_0_SM_0;0.9854545454545455
748.5317278615685;425.0791213313214;6;2;6_2;0.31500324917528494;4;6_2;SR_0_SM_0;0.9854545454545455
748.5313091057778;431.4228483186055;6;2;6_2;0.31676741634498307;4;6_2;SR_0_SM_0;0.9854545454545455
748.5308903499874;437.7665753058896;6;2;6_2;0.31853158351468114;4;6_2;SR_0_SM_0;0.9854545454545455
754.8741985814811;444.1107210489645;6;2;6_2;0.3210264926523617;4;6_2;SR_0_SM_0;0.9854545454545455
754.8737798256905;450.45444803624855;6;2;6_2;0.32279065982205984;4;6_2;SR_0_SM_0;0.9854545454545455
761.2170880571841;456.79859377932326;6;2;6_2;0.3252855689597403;4;6_2;SR_0_SM_0;0.9854545454545455
767.5603962886778;463.142739522398;6;2;6_2;0.3277804780974209;4;6_2;SR_0_SM_0;0.9854545454545455
773.9037045201715;469.4868852654727;6;2;6_2;0.3302753872351013;4;6_2;SR_0_SM_0;0.9854545454545455
780.2470127516649;475.83103100854737;6;2;6_2;0.33277029637278177;4;6_2;SR_0_SM_0;0.9854545454545455
780.2465939958745;482.17475799583167;6;2;6_2;0.33453446354248;4;6_2;SR_0_SM_0;0.9854545454545455
786.5899022273682;488.51890373890615;6;2;6_2;0.3370293726801604;4;6_2;SR_0_SM_0;0.9854545454545455
786.5894834715778;494.8626307261905;6;2;6_2;0.33879353984985866;4;6_2;SR_0_SM_0;0.9854545454545455
792.9327917030712;501.2067764692652;6;2;6_2;0.3412884489875391;4;6_2;SR_0_SM_0;0.9854545454545455
799.2760999345651;507.5509222123399;6;2;6_2;0.3437833581252196;4;6_2;SR_0_SM_0;0.9854545454545455
805.6194081660585;513.8950679554146;6;2;6_2;0.34627826726290006;4;6_2;SR_0_SM_0;0.9854545454545455
811.9627163975524;520.2392136984893;6;2;6_2;0.34877317640058053;4;6_2;SR_0_SM_0;0.9854545454545455
818.3060246290459;526.583359441564;6;2;6_2;0.351268085538261;4;6_2;SR_0_SM_0;0.9854545454545455
824.6493328605397;532.9275051846387;6;2;6_2;0.35376299467594163;4;6_2;SR_0_SM_0;0.9854545454545455
830.9930598478238;532.9279239404293;6;2;6_2;0.3555271618456397;4;6_2;SR_0_SM_0;0.9854545454545455
837.3363680793173;539.2720696835038;6;2;6_2;0.3580220709833202;4;6_2;SR_0_SM_0;0.9854545454545455
843.6796763108111;545.6162154265787;6;2;6_2;0.3605169801210007;4;6_2;SR_0_SM_0;0.9854545454545455
850.0229845423046;551.9603611696532;6;2;6_2;0.36301188925868116;4;6_2;SR_0_SM_0;0.9854545454545455
856.3662927737985;558.3045069127281;6;2;6_2;0.36550679839636174;4;6_2;SR_0_SM_0;0.9854545454545455
862.7096010052919;564.6486526558026;6;2;6_2;0.3680017075340421;4;6_2;SR_0_SM_0;0.9854545454545455
869.0533279925762;564.6490714115932;6;2;6_2;0.36976587470374034;4;6_2;SR_0_SM_0;0.9854545454545455
875.3966362240699;570.9932171546677;6;2;6_2;0.3722607838414207;4;6_2;SR_0_SM_0;0.9854545454545455
881.7399444555635;577.3373628977427;6;2;6_2;0.3747556929791012;4;6_2;SR_0_SM_0;0.9854545454545455
888.0832526870572;583.6815086408171;6;2;6_2;0.3772506021167817;4;6_2;SR_0_SM_0;0.9854545454545455
894.4269796743415;583.6819273966078;6;2;6_2;0.37901476928647987;4;6_2;SR_0_SM_0;0.9854545454545455
900.770287905835;590.0260731396825;6;2;6_2;0.38150967842416034;4;6_2;SR_0_SM_0;0.9854545454545455
907.1140148931192;590.0264918954731;6;2;6_2;0.3832738455938586;4;6_2;SR_0_SM_0;0.9854545454545455
913.4573231246128;596.3706376385476;6;2;6_2;0.385768754731539;4;6_2;SR_0_SM_0;0.9854545454545455
919.8006313561066;602.7147833816225;6;2;6_2;0.38826366386921957;4;6_2;SR_0_SM_0;0.9854545454545455
926.1443583433906;602.7152021374131;6;2;6_2;0.3900278310389177;4;6_2;SR_0_SM_0;0.9854545454545455
932.4876665748844;609.0593478804876;6;2;6_2;0.39252274017659816;4;6_2;SR_0_SM_0;0.9854545454545455
938.8313935621686;609.0597666362783;6;2;6_2;0.39428690734629634;4;6_2;SR_0_SM_0;0.9854545454545455
945.1747017936624;615.403912379353;6;2;6_2;0.3967818164839768;4;6_2;SR_0_SM_0;0.9854545454545455
951.518010025156;621.7480581224277;6;2;6_2;0.39927672562165734;4;6_2;SR_0_SM_0;0.9854545454545455
957.8617370124402;621.7484768782181;6;2;6_2;0.40104089279135546;5;6_2;SR_0_SM_0;0.601125703564728
964.2050452439336;628.092622621293;6;2;6_2;0.40353580192903593;5;6_2;SR_0_SM_0;0.601125703564728
970.548772231218;628.0930413770834;6;2;6_2;0.4052999690987342;5;6_2;SR_0_SM_0;0.601125703564728
976.8920804627116;634.4371871201581;6;2;6_2;0.40779487823641464;5;6_2;SR_0_SM_0;0.601125703564728
983.2353886942052;640.7813328632328;6;2;6_2;0.4102897873740951;5;6_2;SR_0_SM_0;0.601125703564728
989.5791156814894;640.7817516190235;6;2;6_2;0.4120539545437933;5;6_2;SR_0_SM_0;0.601125703564728
995.922423912983;647.1258973620979;6;2;6_2;0.4145488636814737;5;6_2;SR_0_SM_0;0.601125703564728
1002.2657321444768;653.4700431051729;6;2;6_2;0.4170437728191543;5;6_2;SR_0_SM_0;0.601125703564728
1008.6094591317608;653.4704618609633;6;2;6_2;0.4188079399888524;5;6_2;SR_0_SM_0;0.601125703564728
1014.9527673632548;659.814607604038;6;2;6_2;0.421302849126533;5;6_2;SR_0_SM_0;0.601125703564728
1021.296075594748;666.1587533471127;6;2;6_2;0.4237977582642134;5;6_2;SR_0_SM_0;0.601125703564728
1027.639383826242;672.5028990901874;6;2;6_2;0.4262926674018939;5;6_2;SR_0_SM_0;0.601125703564728
1033.9826920577354;678.8470448332621;6;2;6_2;0.4287875765395744;5;6_2;SR_0_SM_0;0.601125703564728
1040.3260002892291;685.1911905763368;6;2;6_2;0.4312824856772549;5;6_2;SR_0_SM_0;0.601125703564728
1046.6693085207228;691.5353363194115;6;2;6_2;0.4337773948149354;5;6_2;SR_0_SM_0;0.601125703564728
1053.012616752217;697.8794820624862;6;2;6_2;0.43627230395261596;5;6_2;SR_0_SM_0;0.601125703564728
1059.35592498371;704.2236278055607;6;2;6_2;0.43876721309029637;5;6_2;SR_0_SM_0;0.601125703564728
1065.699233215204;710.5677735486356;6;2;6_2;0.4412621222279769;5;6_2;SR_0_SM_0;0.601125703564728
1065.6988144594134;716.9115005359197;6;2;6_2;0.443026289397675;5;6_2;SR_0_SM_0;0.601125703564728
1072.042122690907;723.2556462789944;6;2;6_2;0.44552119853535554;5;6_2;SR_0_SM_0;0.601125703564728
1072.0417039351164;729.5993732662785;6;2;6_2;0.4472853657050537;5;6_2;SR_0_SM_0;0.601125703564728
1078.3850121666103;735.9435190093534;6;2;6_2;0.44978027484273425;5;6_2;SR_0_SM_0;0.601125703564728
1084.7283203981035;742.2876647524279;6;2;6_2;0.45227518398041455;5;6_2;SR_0_SM_0;0.601125703564728
1084.727901642313;748.6313917397122;6;2;6_2;0.4540393511501128;5;6_2;SR_0_SM_0;0.601125703564728
1091.071209873807;754.9755374827869;6;2;6_2;0.4565342602877933;5;6_2;SR_0_SM_0;0.601125703564728
1091.0707911180164;761.3192644700712;6;2;6_2;0.4582984274574915;5;6_2;SR_0_SM_0;0.601125703564728
1091.070372362226;767.6629914573552;6;2;6_2;0.4600625946271896;5;6_2;SR_0_SM_0;0.601125703564728
1097.4136805937194;774.00713720043;6;2;6_2;0.4625575037648702;5;6_2;SR_0_SM_0;0.601125703564728
1097.413261837929;780.350864187714;6;2;6_2;0.4643216709345683;5;6_2;SR_0_SM_0;0.601125703564728
1097.4128430821384;786.6945911749983;6;2;6_2;0.4660858381042665;5;6_2;SR_0_SM_0;0.601125703564728
1097.412424326348;793.0383181622824;6;2;6_2;0.4678500052739646;5;6_2;SR_0_SM_0;0.601125703564728
1097.4120055705573;799.3820451495667;6;2;6_2;0.4696141724436628;5;6_2;SR_0_SM_0;0.601125703564728
1103.7553138020512;805.7261908926414;6;2;6_2;0.47210908158134335;5;6_2;SR_0_SM_0;0.601125703564728
1103.7548950462606;812.0699178799257;6;2;6_2;0.47387324875104153;5;6_2;SR_0_SM_0;0.601125703564728
1103.7544762904702;818.4136448672098;6;2;6_2;0.47563741592073966;5;6_2;SR_0_SM_0;0.601125703564728
1103.7540575346795;824.7573718544941;6;2;6_2;0.47740158309043784;5;6_2;SR_0_SM_0;0.601125703564728
1103.7536387788891;831.1010988417781;6;2;6_2;0.4791657502601359;5;6_2;SR_0_SM_0;0.601125703564728
1110.0969470103826;837.4452445848528;6;2;6_2;0.4816606593978163;5;6_2;SR_0_SM_0;0.601125703564728
1110.0965282545922;843.7889715721369;6;2;6_2;0.4834248265675145;5;6_2;SR_0_SM_0;0.601125703564728
1110.0961094988015;850.132698559421;6;2;6_2;0.48518899373721264;5;6_2;SR_0_SM_0;0.601125703564728
1110.0956907430111;856.4764255467053;6;2;6_2;0.4869531609069108;5;6_2;SR_0_SM_0;0.601125703564728
1110.0952719872205;862.8201525339894;6;2;6_2;0.488717328076609;5;6_2;SR_0_SM_0;0.601125703564728
1110.09485323143;869.1638795212737;6;2;6_2;0.49048149524630713;5;6_2;SR_0_SM_0;0.601125703564728
1110.0944344756394;875.5076065085577;6;2;6_2;0.4922456624160053;5;6_2;SR_0_SM_0;0.601125703564728
1116.437742707133;881.8517522516327;6;2;6_2;0.4947405715536858;5;6_2;SR_0_SM_0;0.601125703564728
1110.0935969640584;888.1950604831261;6;2;6_2;0.49723548069136625;5;6_2;SR_0_SM_0;0.601125703564728
1110.093178208268;894.5387874704104;6;2;6_2;0.4989996478610645;5;6_2;SR_0_SM_0;0.601125703564728
1110.0927594524774;900.8825144576946;6;2;6_2;0.5007638150307626;6;6_2;SR_1_SM_0;0.9367516918271732
1110.092340696687;907.2262414449788;6;2;6_2;0.5025279822004608;6;6_2;SR_1_SM_0;0.9367516918271732
1110.0919219408963;913.5699684322628;6;2;6_2;0.5042921493701589;6;6_2;SR_1_SM_0;0.9367516918271732
1110.091503185106;919.913695419547;6;2;6_2;0.506056316539857;6;6_2;SR_1_SM_0;0.9367516918271732
1110.0910844293153;926.2574224068312;6;2;6_2;0.5078204837095552;6;6_2;SR_1_SM_0;0.9367516918271732
1110.0906656735249;932.6011493941154;6;2;6_2;0.5095846508792534;6;6_2;SR_1_SM_0;0.9367516918271732
1103.7465199304502;938.9444576256092;6;2;6_2;0.5120795600169339;6;6_2;SR_1_SM_0;0.9367516918271732
1103.7461011746598;945.2881846128932;6;2;6_2;0.5138437271866321;6;6_2;SR_1_SM_0;0.9367516918271732
1103.7456824188691;951.6319116001774;6;2;6_2;0.5156078943563301;6;6_2;SR_1_SM_0;0.9367516918271732
1103.7452636630787;957.9756385874616;6;2;6_2;0.5173720615260283;6;6_2;SR_1_SM_0;0.9367516918271732
1103.744844907288;964.3193655747458;6;2;6_2;0.5191362286957265;6;6_2;SR_1_SM_0;0.9367516918271732
1097.4006991642134;970.6626738062396;6;2;6_2;0.521631137833407;6;6_2;SR_1_SM_0;0.9367516918271732
1097.4002804084228;977.0064007935237;6;2;6_2;0.523395305003105;6;6_2;SR_1_SM_0;0.9367516918271732
1097.3998616526324;983.3501277808078;6;2;6_2;0.5251594721728032;6;6_2;SR_1_SM_0;0.9367516918271732
1097.3994428968415;989.693854768092;6;2;6_2;0.5269236393425014;6;6_2;SR_1_SM_0;0.9367516918271732
1097.3990241410513;996.0375817553762;6;2;6_2;0.5286878065121995;6;6_2;SR_1_SM_0;0.9367516918271732
1091.0548783979766;1002.38088998687;6;2;6_2;0.5311827156498801;6;6_2;SR_1_SM_0;0.9367516918271732
1091.0544596421862;1008.724616974154;6;2;6_2;0.5329468828195781;6;6_2;SR_1_SM_0;0.9367516918271732
1091.0540408863956;1015.0683439614382;6;2;6_2;0.5347110499892763;6;6_2;SR_1_SM_0;0.9367516918271732
1084.7098951433209;1021.411652192932;6;2;6_2;0.5372059591269568;6;6_2;SR_1_SM_0;0.9367516918271732
1084.7094763875302;1027.755379180216;6;2;6_2;0.538970126296655;6;6_2;SR_1_SM_0;0.9367516918271732
1084.7090576317398;1034.0991061675004;6;2;6_2;0.5407342934663532;6;6_2;SR_1_SM_0;0.9367516918271732
1084.7086388759492;1040.4428331547845;6;2;6_2;0.5424984606360512;6;6_2;SR_1_SM_0;0.9367516918271732
1078.3644931328747;1046.786141386278;6;2;6_2;0.5449933697737317;6;6_2;SR_1_SM_0;0.9367516918271732
1072.0203473897998;1053.1294496177716;6;2;6_2;0.5474882789114123;6;6_2;SR_1_SM_0;0.9367516918271732
1072.0199286340094;1059.473176605056;6;2;6_2;0.5492524460811105;6;6_2;SR_1_SM_0;0.9367516918271732
1065.675782890935;1065.8164848365495;6;2;6_2;0.5517473552187909;6;6_2;SR_1_SM_0;0.9367516918271732
1065.6753641351445;1072.1602118238338;6;2;6_2;0.553511522388489;6;6_2;SR_1_SM_0;0.9367516918271732
1059.331218392069;1078.5035200553275;6;2;6_2;0.5560064315261696;6;6_2;SR_1_SM_0;0.9367516918271732
1052.9870726489949;1084.8468282868212;6;2;6_2;0.55850134066385;6;6_2;SR_1_SM_0;0.9367516918271732
1046.64292690592;1091.1901365183148;6;2;6_2;0.5609962498015306;6;6_2;SR_1_SM_0;0.9367516918271732
1040.2987811628454;1097.5334447498085;6;2;6_2;0.5634911589392111;6;6_2;SR_1_SM_0;0.9367516918271732
1040.2983624070548;1103.8771717370926;6;2;6_2;0.5652553261089093;6;6_2;SR_1_SM_0;0.9367516918271732
1033.95421666398;1110.2204799685862;6;2;6_2;0.5677502352465896;6;6_2;SR_1_SM_0;0.9367516918271732
1027.6100709209054;1116.56378820008;6;2;6_2;0.5702451443842702;6;6_2;SR_1_SM_0;0.9367516918271732
1021.2659251778308;1122.9070964315736;6;2;6_2;0.5727400535219507;6;6_2;SR_1_SM_0;0.9367516918271732
1014.921779434756;1129.2504046630672;6;2;6_2;0.5752349626596313;6;6_2;SR_1_SM_0;0.9367516918271732
1008.5780524474716;1129.2499859072768;6;2;6_2;0.5769991298293294;6;6_2;SR_1_SM_0;0.9367516918271732
1002.2339067043972;1135.5932941387705;6;2;6_2;0.5794940389670099;6;6_2;SR_1_SM_0;0.9367516918271732
995.8897609613224;1141.9366023702642;6;2;6_2;0.5819889481046904;6;6_2;SR_1_SM_0;0.9367516918271732
989.5456152182478;1148.2799106017578;6;2;6_2;0.5844838572423708;6;6_2;SR_1_SM_0;0.9367516918271732
983.2018882309636;1148.2794918459672;6;2;6_2;0.586248024412069;6;6_2;SR_1_SM_0;0.9367516918271732
976.8577424878888;1154.6228000774609;6;2;6_2;0.5887429335497495;6;6_2;SR_1_SM_0;0.9367516918271732
970.5135967448144;1160.9661083089543;6;2;6_2;0.59123784268743;6;6_2;SR_1_SM_0;0.9367516918271732
964.16986975753;1160.965689553164;6;2;6_2;0.593002009857128;6;6_2;SR_1_SM_0;0.9367516918271732
957.8257240144552;1167.3089977846575;6;2;6_2;0.5954969189948085;6;6_2;SR_1_SM_0;0.9367516918271732
951.4815782713806;1173.6523060161512;6;2;6_2;0.5979918281324891;6;6_2;SR_1_SM_0;0.9367516918271732
945.1378512840964;1173.6518872603608;6;2;6_2;0.5997559953021873;6;6_2;SR_1_SM_0;0.9367516918271732
938.7937055410216;1179.9951954918542;6;2;6_2;0.6022509044398677;7;6_2;SR_0_SM_0;0.873015873015873
932.4499785537377;1179.9947767360638;6;2;6_2;0.6040150716095657;7;6_2;SR_0_SM_0;0.873015873015873
926.1058328106628;1186.3380849675575;6;2;6_2;0.6065099807472463;7;6_2;SR_0_SM_0;0.873015873015873
919.761687067588;1192.6813931990512;6;2;6_2;0.6090048898849267;7;6_2;SR_0_SM_0;0.873015873015873
913.4179600803038;1192.6809744432608;6;2;6_2;0.610769057054625;7;6_2;SR_0_SM_0;0.873015873015873
907.0738143372294;1199.0242826747544;6;2;6_2;0.6132639661923055;7;6_2;SR_0_SM_0;0.873015873015873
900.7296685941544;1205.367590906248;6;2;6_2;0.615758875329986;7;6_2;SR_0_SM_0;0.873015873015873
894.3859416068703;1205.3671721504577;6;2;6_2;0.617523042499684;7;6_2;SR_0_SM_0;0.873015873015873
888.0417958637956;1211.7104803819511;6;2;6_2;0.6200179516373645;7;6_2;SR_0_SM_0;0.873015873015873
881.6980688765116;1211.7100616261605;6;2;6_2;0.6217821188070627;7;6_2;SR_0_SM_0;0.873015873015873
875.3539231334366;1218.0533698576542;6;2;6_2;0.6242770279447433;7;6_2;SR_0_SM_0;0.873015873015873
869.0097773903622;1224.3966780891478;6;2;6_2;0.6267719370824236;7;6_2;SR_0_SM_0;0.873015873015873
862.6656316472872;1230.7399863206415;6;2;6_2;0.6292668462201042;7;6_2;SR_0_SM_0;0.873015873015873
856.3214859042128;1237.0832945521352;6;2;6_2;0.6317617553577847;7;6_2;SR_0_SM_0;0.873015873015873
849.9777589169285;1237.0828757963448;6;2;6_2;0.6335259225274829;7;6_2;SR_0_SM_0;0.873015873015873
843.6336131738537;1243.4261840278384;6;2;6_2;0.6360208316651633;7;6_2;SR_0_SM_0;0.873015873015873
837.289467430779;1249.769492259332;6;2;6_2;0.6385157408028439;7;6_2;SR_0_SM_0;0.873015873015873
830.9453216877043;1256.1128004908255;6;2;6_2;0.6410106499405243;7;6_2;SR_0_SM_0;0.873015873015873
824.6011759446299;1262.4561087223194;6;2;6_2;0.6435055590782047;7;6_2;SR_0_SM_0;0.873015873015873
818.2570302015549;1268.799416953813;6;2;6_2;0.6460004682158853;7;6_2;SR_0_SM_0;0.873015873015873
818.2566114457645;1275.1431439410972;6;2;6_2;0.6477646353855835;7;6_2;SR_0_SM_0;0.873015873015873
811.9124657026898;1281.4864521725908;6;2;6_2;0.650259544523264;7;6_2;SR_0_SM_0;0.873015873015873
805.5683199596151;1287.8297604040845;6;2;6_2;0.6527544536609443;7;6_2;SR_0_SM_0;0.873015873015873
799.2241742165404;1294.173068635578;6;2;6_2;0.6552493627986248;7;6_2;SR_0_SM_0;0.873015873015873
792.8804472292561;1294.1726498797875;6;2;6_2;0.6570135299683231;7;6_2;SR_0_SM_0;0.873015873015873
786.5363014861816;1300.5159581112814;6;2;6_2;0.6595084391060035;7;6_2;SR_0_SM_0;0.873015873015873
786.535882730391;1306.8596850985657;6;2;6_2;0.6612726062757018;7;6_2;SR_0_SM_0;0.873015873015873
786.5354639746006;1313.2034120858498;6;2;6_2;0.6630367734453998;7;6_2;SR_0_SM_0;0.873015873015873
780.1913182315257;1319.5467203173434;6;2;6_2;0.6655316825830804;7;6_2;SR_0_SM_0;0.873015873015873
773.847172488451;1325.890028548837;6;2;6_2;0.668026591720761;7;6_2;SR_0_SM_0;0.873015873015873
767.5030267453762;1332.2333367803308;6;2;6_2;0.6705215008584414;7;6_2;SR_0_SM_0;0.873015873015873
767.5026079895858;1338.5770637676148;6;2;6_2;0.6722856680281396;7;6_2;SR_0_SM_0;0.873015873015873
761.1584622465111;1344.9203719991085;6;2;6_2;0.6747805771658202;7;6_2;SR_0_SM_0;0.873015873015873
754.8143165034364;1351.2636802306022;6;2;6_2;0.6772754863035005;7;6_2;SR_0_SM_0;0.873015873015873
748.4701707603617;1357.6069884620958;6;2;6_2;0.679770395441181;7;6_2;SR_0_SM_0;0.873015873015873
748.4697520045713;1363.95071544938;6;2;6_2;0.6815345626108792;7;6_2;SR_0_SM_0;0.873015873015873
748.4693332487807;1370.2944424366642;6;2;6_2;0.6832987297805774;7;6_2;SR_0_SM_0;0.873015873015873
742.125187505706;1376.637750668158;6;2;6_2;0.685793638918258;7;6_2;SR_0_SM_0;0.873015873015873
742.1247687499156;1382.9814776554422;6;2;6_2;0.6875578060879559;7;6_2;SR_0_SM_0;0.873015873015873
742.1243499941249;1389.3252046427262;6;2;6_2;0.6893219732576541;7;6_2;SR_0_SM_0;0.873015873015873
735.7802042510502;1395.66851287422;6;2;6_2;0.6918168823953347;7;6_2;SR_0_SM_0;0.873015873015873
729.4360585079755;1402.0118211057136;6;2;6_2;0.6943117915330151;7;6_2;SR_0_SM_0;0.873015873015873
729.4356397521851;1408.3555480929977;6;2;6_2;0.6960759587027133;7;6_2;SR_0_SM_0;0.873015873015873
729.4352209963945;1414.699275080282;6;2;6_2;0.6978401258724114;7;6_2;SR_0_SM_0;0.873015873015873
723.0910752533198;1421.0425833117756;6;2;6_2;0.700335035010092;8;6_2;SR_1_SM_0;0.7961904761904762
723.0906564975294;1427.3863102990597;6;2;6_2;0.7020992021797902;8;6_2;SR_1_SM_0;0.7961904761904762
723.0902377417387;1433.7300372863438;6;2;6_2;0.7038633693494882;8;6_2;SR_1_SM_0;0.7961904761904762
723.0898189859483;1440.073764273628;6;2;6_2;0.7056275365191865;8;6_2;SR_1_SM_0;0.7961904761904762
723.0894002301577;1446.4174912609124;6;2;6_2;0.7073917036888846;8;6_2;SR_1_SM_0;0.7961904761904762
723.0889814743673;1452.7612182481964;6;2;6_2;0.7091558708585828;8;6_2;SR_1_SM_0;0.7961904761904762
723.0885627185767;1459.1049452354805;6;2;6_2;0.7109200380282809;8;6_2;SR_1_SM_0;0.7961904761904762
716.744416975502;1465.4482534669742;6;2;6_2;0.7134149471659614;8;6_2;SR_1_SM_0;0.7961904761904762
716.7439982197116;1471.7919804542585;6;2;6_2;0.7151791143356596;8;6_2;SR_1_SM_0;0.7961904761904762
716.7435794639209;1478.1357074415428;6;2;6_2;0.7169432815053577;8;6_2;SR_1_SM_0;0.7961904761904762
716.7431607081305;1484.4794344288268;6;2;6_2;0.7187074486750559;8;6_2;SR_1_SM_0;0.7961904761904762
716.7427419523399;1490.823161416111;6;2;6_2;0.720471615844754;8;6_2;SR_1_SM_0;0.7961904761904762
716.7423231965495;1497.1668884033952;6;2;6_2;0.7222357830144522;8;6_2;SR_1_SM_0;0.7961904761904762
716.7419044407588;1503.5106153906793;6;2;6_2;0.7239999501841503;8;6_2;SR_1_SM_0;0.7961904761904762
716.7414856849684;1509.8543423779636;6;2;6_2;0.7257641173538485;8;6_2;SR_1_SM_0;0.7961904761904762
716.7410669291778;1516.1980693652476;6;2;6_2;0.7275282845235467;8;6_2;SR_1_SM_0;0.7961904761904762
716.7406481733874;1522.541796352532;6;2;6_2;0.7292924516932449;8;6_2;SR_1_SM_0;0.7961904761904762
716.7402294175968;1528.885523339816;6;2;6_2;0.731056618862943;8;6_2;SR_1_SM_0;0.7961904761904762
716.7398106618064;1535.2292503271003;6;2;6_2;0.7328207860326411;8;6_2;SR_1_SM_0;0.7961904761904762
716.7393919060157;1541.5729773143844;6;2;6_2;0.7345849532023393;8;6_2;SR_1_SM_0;0.7961904761904762
716.7389731502253;1547.9167043016687;6;2;6_2;0.7363491203720375;8;6_2;SR_1_SM_0;0.7961904761904762
716.7385543944347;1554.2604312889528;6;2;6_2;0.7381132875417357;8;6_2;SR_1_SM_0;0.7961904761904762
716.7381356386443;1560.6041582762368;6;2;6_2;0.7398774547114336;8;6_2;SR_1_SM_0;0.7961904761904762
716.7377168828536;1566.9478852635211;6;2;6_2;0.7416416218811319;8;6_2;SR_1_SM_0;0.7961904761904762
716.7372981270632;1573.2916122508054;6;2;6_2;0.7434057890508301;8;6_2;SR_1_SM_0;0.7961904761904762
716.7368793712726;1579.6353392380895;6;2;6_2;0.7451699562205283;8;6_2;SR_1_SM_0;0.7961904761904762
716.7364606154822;1585.9790662253736;6;2;6_2;0.7469341233902265;8;6_2;SR_1_SM_0;0.7961904761904762
716.7360418596916;1592.322793212658;6;2;6_2;0.7486982905599247;8;6_2;SR_1_SM_0;0.7961904761904762
716.7356231039012;1598.6665201999422;6;2;6_2;0.7504624577296227;8;6_2;SR_1_SM_0;0.7961904761904762
716.7352043481105;1605.0102471872262;6;2;6_2;0.7522266248993209;8;6_2;SR_1_SM_0;0.7961904761904762
716.7347855923201;1611.3539741745103;6;2;6_2;0.7539907920690191;8;6_2;SR_1_SM_0;0.7961904761904762
716.7343668365295;1617.6977011617946;6;2;6_2;0.7557549592387173;8;6_2;SR_1_SM_0;0.7961904761904762
716.7339480807391;1624.041428149079;6;2;6_2;0.7575191264084155;8;6_2;SR_1_SM_0;0.7961904761904762
716.7335293249484;1630.385155136363;6;2;6_2;0.7592832935781135;8;6_2;SR_1_SM_0;0.7961904761904762
716.7331105691578;1636.728882123647;6;2;6_2;0.7610474607478117;8;6_2;SR_1_SM_0;0.7961904761904762
716.7326918133674;1643.0726091109314;6;2;6_2;0.7628116279175099;8;6_2;SR_1_SM_0;0.7961904761904762
716.7322730575768;1649.4163360982154;6;2;6_2;0.7645757950872081;8;6_2;SR_1_SM_0;0.7961904761904762
716.7318543017864;1655.7600630854995;6;2;6_2;0.766339962256906;8;6_2;SR_1_SM_0;0.7961904761904762
716.7314355459957;1662.1037900727838;6;2;6_2;0.7681041294266043;8;6_2;SR_1_SM_0;0.7961904761904762
710.387289802921;1668.4470983042777;6;2;6_2;0.7705990385642848;8;6_2;SR_1_SM_0;0.7961904761904762
710.3868710471306;1674.7908252915618;6;2;6_2;0.772363205733983;8;6_2;SR_1_SM_0;0.7961904761904762
710.38645229134;1681.1345522788458;6;2;6_2;0.7741273729036812;8;6_2;SR_1_SM_0;0.7961904761904762
710.3860335355496;1687.47827926613;6;2;6_2;0.7758915400733792;8;6_2;SR_1_SM_0;0.7961904761904762
710.385614779759;1693.8220062534142;6;2;6_2;0.7776557072430774;8;6_2;SR_1_SM_0;0.7961904761904762
710.3851960239685;1700.1657332406985;6;2;6_2;0.7794198744127756;8;6_2;SR_1_SM_0;0.7961904761904762
710.3847772681779;1706.5094602279826;6;2;6_2;0.7811840415824738;8;6_2;SR_1_SM_0;0.7961904761904762
704.0406315251032;1712.8527684594762;6;2;6_2;0.7836789507201543;8;6_2;SR_1_SM_0;0.7961904761904762
704.0402127693128;1719.1964954467603;6;2;6_2;0.7854431178898523;8;6_2;SR_1_SM_0;0.7961904761904762
704.0397940135222;1725.5402224340446;6;2;6_2;0.7872072850595505;8;6_2;SR_1_SM_0;0.7961904761904762
704.0393752577318;1731.883949421329;6;2;6_2;0.7889714522292487;8;6_2;SR_1_SM_0;0.7961904761904762
704.0389565019411;1738.227676408613;6;2;6_2;0.7907356193989469;8;6_2;SR_1_SM_0;0.7961904761904762
697.6948107588664;1744.5709846401066;6;2;6_2;0.7932305285366273;8;6_2;SR_1_SM_0;0.7961904761904762
697.694392003076;1750.9147116273907;6;2;6_2;0.7949946957063254;8;6_2;SR_1_SM_0;0.7961904761904762
697.6939732472854;1757.258438614675;6;2;6_2;0.7967588628760236;8;6_2;SR_1_SM_0;0.7961904761904762
691.3498275042107;1763.601746846169;6;2;6_2;0.7992537720137041;8;6_2;SR_1_SM_0;0.7961904761904762
691.3494087484203;1769.9454738334528;6;2;6_2;0.8010179391834022;9;6_2;SR_1_SM_0;0.875
691.3489899926296;1776.289200820737;6;2;6_2;0.8027821063531003;9;6_2;SR_1_SM_0;0.875
691.3485712368392;1782.6329278080211;6;2;6_2;0.8045462735227985;9;6_2;SR_1_SM_0;0.875
691.3481524810486;1788.9766547953054;6;2;6_2;0.8063104406924967;9;6_2;SR_1_SM_0;0.875
685.0040067379739;1795.319963026799;6;2;6_2;0.8088053498301772;9;6_2;SR_1_SM_0;0.875
678.6602797506898;1795.3195442710085;6;2;6_2;0.8105695169998753;9;6_2;SR_1_SM_0;0.875
672.3161340076151;1801.662852502502;6;2;6_2;0.8130644261375557;9;6_2;SR_1_SM_0;0.875
665.9724070203308;1801.662433746712;6;2;6_2;0.8148285933072539;9;6_2;SR_1_SM_0;0.875
659.6286800330467;1801.662014990921;6;2;6_2;0.8165927604769521;9;6_2;SR_1_SM_0;0.875
653.2849530457624;1801.661596235131;6;2;6_2;0.8183569276466502;9;6_2;SR_1_SM_0;0.875
646.9412260584784;1801.66117747934;6;2;6_2;0.8201210948163484;9;6_2;SR_1_SM_0;0.875
640.5974990711941;1801.6607587235496;6;2;6_2;0.8218852619860465;9;6_2;SR_1_SM_0;0.875
634.25377208391;1801.660339967759;6;2;6_2;0.8236494291557447;9;6_2;SR_1_SM_0;0.875
627.9100450966259;1801.6599212119688;6;2;6_2;0.8254135963254429;9;6_2;SR_1_SM_0;0.875
621.5663181093416;1801.659502456178;6;2;6_2;0.827177763495141;9;6_2;SR_1_SM_0;0.875
615.2225911220576;1801.659083700388;6;2;6_2;0.8289419306648391;9;6_2;SR_1_SM_0;0.875
608.8788641347733;1801.658664944597;6;2;6_2;0.8307060978345373;9;6_2;SR_1_SM_0;0.875
602.5351371474892;1801.6582461888063;6;2;6_2;0.8324702650042355;9;6_2;SR_1_SM_0;0.875
596.1914101602049;1801.657827433016;6;2;6_2;0.8342344321739337;9;6_2;SR_1_SM_0;0.875
589.8476831729208;1801.6574086772252;6;2;6_2;0.8359985993436319;9;6_2;SR_1_SM_0;0.875
583.5039561856365;1801.6569899214348;6;2;6_2;0.8377627665133299;9;6_2;SR_1_SM_0;0.875
577.1602291983525;1801.6565711656444;6;2;6_2;0.8395269336830281;9;6_2;SR_1_SM_0;0.875
570.8165022110682;1801.6561524098536;6;2;6_2;0.8412911008527263;9;6_2;SR_1_SM_0;0.875
564.4727752237841;1801.6557336540636;6;2;6_2;0.8430552680224245;9;6_2;SR_1_SM_0;0.875
558.1290482364998;1801.6553148982728;6;2;6_2;0.8448194351921227;9;6_2;SR_1_SM_0;0.875
551.7853212492157;1801.6548961424824;6;2;6_2;0.8465836023618206;9;6_2;SR_1_SM_0;0.875
545.4415942619314;1801.654477386692;6;2;6_2;0.8483477695315189;9;6_2;SR_1_SM_0;0.875
539.0978672746473;1801.654058630901;6;2;6_2;0.850111936701217;9;6_2;SR_1_SM_0;0.875
532.754140287363;1801.653639875111;6;2;6_2;0.8518761038709153;9;6_2;SR_1_SM_0;0.875
526.410413300079;1801.6532211193205;6;2;6_2;0.8536402710406132;9;6_2;SR_1_SM_0;0.875
520.0666863127947;1801.6528023635296;6;2;6_2;0.8554044382103115;9;6_2;SR_1_SM_0;0.875
513.7229593255106;1801.6523836077392;6;2;6_2;0.8571686053800096;9;6_2;SR_1_SM_0;0.875
507.3792323382264;1801.6519648519488;6;2;6_2;0.8589327725497078;9;6_2;SR_1_SM_0;0.875
501.0355053509422;1801.6515460961584;6;2;6_2;0.8606969397194061;9;6_2;SR_1_SM_0;0.875
494.6917783636581;1801.651127340368;6;2;6_2;0.862461106889104;9;6_2;SR_1_SM_0;0.875
488.3480513763739;1801.6507085845767;6;2;6_2;0.8642252740588022;9;6_2;SR_1_SM_0;0.875
482.0043243890897;1801.6502898287863;6;2;6_2;0.8659894412285004;9;6_2;SR_1_SM_0;0.875
475.6605974018056;1801.649871072996;6;2;6_2;0.8677536083981986;9;6_2;SR_1_SM_0;0.875
469.31687041452136;1801.6494523172053;6;2;6_2;0.8695177755678968;9;6_2;SR_1_SM_0;0.875
462.9731434272372;1801.649033561415;6;2;6_2;0.8712819427375949;9;6_2;SR_1_SM_0;0.875
456.629416439953;1801.6486148056244;6;2;6_2;0.873046109907293;9;6_2;SR_1_SM_0;0.875
450.2856894526688;1801.648196049834;6;2;6_2;0.8748102770769913;9;6_2;SR_1_SM_0;0.875
443.9419624653846;1801.6477772940436;6;2;6_2;0.8765744442466895;9;6_2;SR_1_SM_0;0.875
437.5982354781004;1801.6473585382528;6;2;6_2;0.8783386114163877;9;6_2;SR_1_SM_0;0.875
431.25450849081625;1801.6469397824624;6;2;6_2;0.8801027785860858;9;6_2;SR_1_SM_0;0.875
424.91078150353206;1801.646521026672;6;2;6_2;0.881866945755784;9;6_2;SR_1_SM_0;0.875
418.5670545162479;1801.646102270881;6;2;6_2;0.8836311129254821;9;6_2;SR_1_SM_0;0.875
412.2233275289637;1801.6456835150907;6;2;6_2;0.8853952800951803;9;6_2;SR_1_SM_0;0.875
405.8796005416795;1801.6452647593003;6;2;6_2;0.8871594472648785;9;6_2;SR_1_SM_0;0.875
399.5358735543953;1801.6448460035097;6;2;6_2;0.8889236144345766;9;6_2;SR_1_SM_0;0.875
393.1921465671112;1801.6444272477192;6;2;6_2;0.8906877816042748;9;6_2;SR_1_SM_0;0.875
386.84841957982695;1801.6440084919288;6;2;6_2;0.8924519487739729;9;6_2;SR_1_SM_0;0.875
380.5046925925428;1801.6435897361384;6;2;6_2;0.894216115943671;9;6_2;SR_1_SM_0;0.875
374.1609656052586;1801.643170980348;6;2;6_2;0.8959802831133691;9;6_2;SR_1_SM_0;0.875
367.8172386179744;1801.6427522245567;6;2;6_2;0.8977444502830673;9;6_2;SR_1_SM_0;0.875
361.4735116306903;1801.6423334687663;6;2;6_2;0.8995086174527653;9;6_2;SR_1_SM_0;0.875
355.12978464340614;1801.641914712976;6;2;6_2;0.9012727846224635;10;;brak;
348.78605765612195;1801.6414959571853;6;2;6_2;0.9030369517921618;10;;brak;
342.44233066883777;1801.641077201395;6;2;6_2;0.9048011189618599;10;;brak;
336.0986036815536;1801.6406584456045;6;2;6_2;0.9065652861315581;10;;brak;
329.7548766942694;1801.640239689814;6;2;6_2;0.9083294533012563;10;;brak;
323.4111497069852;1801.6398209340236;6;2;6_2;0.9100936204709544;10;;brak;
317.067422719701;1801.639402178233;6;2;6_2;0.9118577876406526;10;;brak;
310.72369573241684;1801.6389834224424;6;2;6_2;0.9136219548103507;10;;brak;
304.37996874513266;1801.638564666652;6;2;6_2;0.9153861219800489;10;;brak;
298.0362417578485;1801.638145910861;6;2;6_2;0.9171502891497471;10;;brak;
291.6925147705643;1801.637727155071;6;2;6_2;0.9189144563194452;10;;brak;
285.3487877832801;1801.6373083992803;6;2;6_2;0.9206786234891434;10;;brak;
279.0050607959959;1801.63688964349;6;2;6_2;0.9224427906588415;10;;brak;
272.66133380871173;1801.6364708876995;6;2;6_2;0.9242069578285397;10;;brak;
266.31760682142755;1801.6360521319089;6;2;6_2;0.9259711249982379;10;;brak;
259.97387983414336;1801.6356333761184;6;2;6_2;0.927735292167936;10;;brak;
253.63015284685923;1801.635214620328;6;2;6_2;0.9294994593376342;10;;brak;
247.28642585957505;1801.6347958645367;6;2;6_2;0.9312636265073324;10;;brak;
240.9426988722909;1801.6343771087468;6;2;6_2;0.9330277936770306;10;;brak;
234.59897188500668;1801.633958352956;6;2;6_2;0.9347919608467288;10;;brak;
228.2552448977225;1801.6335395971655;6;2;6_2;0.936556128016427;10;;brak;
221.9115179104383;1801.633120841375;6;2;6_2;0.9383202951861251;10;;brak;
215.5677909231541;1801.6327020855847;6;2;6_2;0.9400844623558232;10;;brak;
209.22406393586996;1801.632283329794;6;2;6_2;0.9418486295255214;10;;brak;
202.88033694858572;1801.631864574004;6;2;6_2;0.9436127966952196;10;;brak;
196.5366099613016;1801.631445818213;6;2;6_2;0.9453769638649178;10;;brak;
190.19288297401744;1801.6310270624224;6;2;6_2;0.9471411310346157;10;;brak;
183.84915598673325;1801.630608306632;6;2;6_2;0.9489052982043139;10;;brak;
177.50542899944907;1801.6301895508416;6;2;6_2;0.9506694653740121;10;;brak;
171.16170201216488;1801.629770795051;6;2;6_2;0.9524336325437103;10;;brak;
164.8179750248807;1801.6293520392603;6;2;6_2;0.9541977997134085;10;;brak;
158.4742480375965;1801.62893328347;6;2;6_2;0.9559619668831065;10;;brak;
152.13052105031232;1801.6285145276795;6;2;6_2;0.9577261340528047;10;;brak;
145.78679406302814;1801.6280957718889;6;2;6_2;0.959490301222503;10;;brak;
139.44306707574395;1801.6276770160985;6;2;6_2;0.9612544683922011;10;;brak;
133.09934008845977;1801.627258260308;6;2;6_2;0.9630186355618993;10;;brak;
126.75561310117558;1801.6268395045172;6;2;6_2;0.9647828027315973;10;;brak;
120.41188611389146;1801.6264207487268;6;2;6_2;0.9665469699012955;10;;brak;
114.06815912660728;1801.6260019929364;6;2;6_2;0.9683111370709937;10;;brak;
107.72443213932308;1801.6255832371455;6;2;6_2;0.9700753042406919;10;;brak;
101.3807051520389;1801.6251644813556;6;2;6_2;0.9718394714103901;10;;brak;
95.03697816475471;1801.6247457255647;6;2;6_2;0.9736036385800882;10;;brak;
88.69325117747053;1801.6243269697743;6;2;6_2;0.9753678057497863;10;;brak;
82.34952419018634;1801.623908213984;6;2;6_2;0.9771319729194845;10;;brak;
76.00579720290216;1801.6234894581933;6;2;6_2;0.9788961400891827;10;;brak;
69.66207021561797;1801.6230707024024;6;2;6_2;0.9806603072588808;10;;brak;
63.31834322833379;1801.622651946612;6;2;6_2;0.9824244744285789;10;;brak;
56.97461624104966;1801.6222331908216;6;2;6_2;0.9841886415982771;10;;brak;
50.630889253765474;1801.6218144350312;6;2;6_2;0.9859528087679753;10;;brak;
44.28716226648129;1801.6213956792403;6;2;6_2;0.9877169759376735;10;;brak;
37.943435279197104;1801.62097692345;6;2;6_2;0.9894811431073716;10;;brak;
31.59970829191292;1801.6205581676595;6;2;6_2;0.9912453102770697;10;;brak;
25.255981304628733;1801.620139411869;6;2;6_2;0.9930094774467679;10;;brak;
18.912254317344548;1801.6197206560785;6;2;6_2;0.9947736446164661;10;;brak;
12.568527330060364;1801.619301900288;6;2;6_2;0.9965378117861643;10;;brak;
6.224800342776206;1801.6188831444972;6;2;6_2;0.9983019789558623;10;;brak;
0.1189266445079511;1801.618464388707;6;2;6_2;1.0;10;;brak;
0.0;0.0;6;3;6_3;0.0;1;;brak;
6.343726987284157;0.000418755790406;6;3;6_3;0.0012216386228037623;1;;brak;
12.68745397456837;0.0008375115810395;6;3;6_3;0.0024432772456075354;1;;brak;
19.03118096185256;0.0012562673714455;6;3;6_3;0.0036649158684113037;1;;brak;
25.37490794913674;0.001675023162079;6;3;6_3;0.004886554491215071;1;;brak;
31.718634936420926;0.002093778952485;6;3;6_3;0.006108193114018839;1;;brak;
38.06236192370511;0.0025125347431185;6;3;6_3;0.007329831736822607;1;;brak;
44.4060889109893;0.0029312905335245;6;3;6_3;0.008551470359626374;1;;brak;
50.74981589827348;0.003350046324158;6;3;6_3;0.009773108982430142;1;;brak;
57.09354288555767;0.003768802114564;6;3;6_3;0.010994747605233907;1;;brak;
63.4372698728418;0.0041875579051975;6;3;6_3;0.012216386228037666;1;;brak;
69.78099686012598;0.0046063136956036;6;3;6_3;0.013438024850841434;1;;brak;
76.12472384741017;0.005025069486237;6;3;6_3;0.014659663473645201;1;;brak;
82.46845083469435;0.0054438252766431;6;3;6_3;0.01588130209644897;1;;brak;
88.81217782197854;0.0058625810672765;6;3;6_3;0.017102940719252738;1;;brak;
95.15590480926272;0.0062813368576826;6;3;6_3;0.018324579342056505;1;;brak;
101.49963179654692;0.006700092648316;6;3;6_3;0.019546217964860276;1;;brak;
107.84335878383108;0.0071188484387221;6;3;6_3;0.02076785658766404;1;;brak;
114.18708577111528;0.0075376042293555;6;3;6_3;0.02198949521046781;1;;brak;
120.53081275839946;0.0079563600197616;6;3;6_3;0.02321113383327158;1;;brak;
126.8745397456836;0.008375115810395;6;3;6_3;0.02443277245607534;1;;brak;
133.21826673296778;0.0087938716008011;6;3;6_3;0.025654411078879103;1;;brak;
139.56199372025196;0.0092126273914345;6;3;6_3;0.02687604970168287;1;;brak;
145.90572070753615;0.0096313831818406;6;3;6_3;0.028097688324486635;1;;brak;
152.24944769482033;0.010050138972474;6;3;6_3;0.029319326947290402;1;;brak;
158.59317468210452;0.0104688947628801;6;3;6_3;0.030540965570094173;1;;brak;
164.9369016693887;0.0108876505535135;6;3;6_3;0.03176260419289794;1;;brak;
171.2806286566729;0.0113064063439196;6;3;6_3;0.03298424281570171;1;;brak;
177.62435564395707;0.0117251621345531;6;3;6_3;0.034205881438505475;1;;brak;
183.9680826312413;0.0121439179249591;6;3;6_3;0.03542752006130925;1;;brak;
190.31180961852544;0.0125626737155926;6;3;6_3;0.03664915868411302;1;;brak;
196.6555366058096;0.0129814295059986;6;3;6_3;0.037870797306916774;1;;brak;
202.99926359309376;0.0134001852966321;6;3;6_3;0.03909243592972054;1;;brak;
209.34299058037797;0.0138189410870381;6;3;6_3;0.04031407455252431;1;;brak;
215.68671756766213;0.0142376968776716;6;3;6_3;0.04153571317532807;1;;brak;
222.0304445549463;0.0146564526680776;6;3;6_3;0.042757351798131844;1;;brak;
228.3741715422305;0.0150752084587111;6;3;6_3;0.04397899042093561;1;;brak;
234.71789852951468;0.0154939642491171;6;3;6_3;0.04520062904373938;1;;brak;
241.06162551679887;0.0159127200397506;6;3;6_3;0.04642226766654315;1;;brak;
247.40535250408303;0.0163314758301567;6;3;6_3;0.0476439062893469;1;;brak;
253.74907949136724;0.0167502316207901;6;3;6_3;0.04886554491215067;1;;brak;
260.09280647865137;0.0171689874111962;6;3;6_3;0.05008718353495443;1;;brak;
266.4365334659355;0.0175877432018296;6;3;6_3;0.051308822157758185;1;;brak;
272.7802604532197;0.0180064989922357;6;3;6_3;0.05253046078056195;1;;brak;
279.12398744050387;0.0184252547828691;6;3;6_3;0.05375209940336572;1;;brak;
285.46771442778805;0.0188440105732752;6;3;6_3;0.05497373802616949;1;;brak;
291.81144141507224;0.0192627663639086;6;3;6_3;0.056195376648973255;1;;brak;
298.1551684023564;0.0196815221543147;6;3;6_3;0.05741701527177702;1;;brak;
304.4988953896406;0.0201002779449481;6;3;6_3;0.05863865389458078;1;;brak;
310.8426223769248;0.0205190337353542;6;3;6_3;0.059860292517384554;1;;brak;
317.186349364209;0.0209377895259876;6;3;6_3;0.061081931140188325;1;;brak;
323.5300763514932;0.0213565453163937;6;3;6_3;0.0623035697629921;1;;brak;
329.8738033387773;0.0217753011070271;6;3;6_3;0.06352520838579585;1;;brak;
336.21753032606154;0.0221940568976606;6;3;6_3;0.06474684700859963;1;;brak;
342.5612573133457;0.0226128126880666;6;3;6_3;0.0659684856314034;1;;brak;
348.9049843006299;0.0230315684787001;6;3;6_3;0.06719012425420716;1;;brak;
355.2487112879141;0.0234503242691062;6;3;6_3;0.06841176287701094;1;;brak;
361.5924382751983;0.0238690800597396;6;3;6_3;0.0696334014998147;1;;brak;
367.9361652624824;0.0242878358501457;6;3;6_3;0.07085504012261847;1;;brak;
374.2798922497665;0.0247065916407791;6;3;6_3;0.0720766787454222;1;;brak;
380.6236192370507;0.0251253474311852;6;3;6_3;0.073298317368226;1;;brak;
386.9673462243349;0.0255441032218186;6;3;6_3;0.07451995599102976;1;;brak;
393.3110732116191;0.0259628590122247;6;3;6_3;0.07574159461383352;1;;brak;
399.6548001989033;0.0263816148028581;6;3;6_3;0.07696323323663727;1;;brak;
405.99852718618746;0.0268003705932642;6;3;6_3;0.07818487185944104;1;;brak;
412.3422541734717;0.0272191263838976;6;3;6_3;0.07940651048224481;1;;brak;
418.68598116075583;0.0276378821743037;6;3;6_3;0.08062814910504858;1;;brak;
425.02970814804;0.0280566379649371;6;3;6_3;0.08184978772785234;1;;brak;
431.3734351353242;0.0284753937553432;6;3;6_3;0.08307142635065612;1;;brak;
437.7171621226084;0.0288941495459766;6;3;6_3;0.08429306497345988;1;;brak;
444.06088910989257;0.0293129053363827;6;3;6_3;0.08551470359626365;1;;brak;
450.4046160971768;0.0297316611270161;6;3;6_3;0.08673634221906742;1;;brak;
456.74834308446094;0.0301504169174222;6;3;6_3;0.08795798084187118;1;;brak;
463.0920700717451;0.0305691727080557;6;3;6_3;0.08917961946467495;1;;brak;
469.4357970590293;0.0309879284984617;6;3;6_3;0.09040125808747872;1;;brak;
475.7795240463135;0.0314066842890952;6;3;6_3;0.09162289671028248;1;;brak;
482.1232510335977;0.0318254400795012;6;3;6_3;0.09284453533308626;1;;brak;
488.46697802088187;0.0322441958701347;6;3;6_3;0.09406617395589002;1;;brak;
494.81070500816605;0.0326629516605407;6;3;6_3;0.09528781257869379;1;;brak;
501.1544319954501;0.0330817074511742;6;3;6_3;0.09650945120149752;1;;brak;
507.4981589827343;0.0335004632415802;6;3;6_3;0.09773108982430129;1;;brak;
513.8418859700184;0.0339192190322137;6;3;6_3;0.09895272844710504;1;;brak;
520.1856129573027;0.0343379748226198;6;3;6_3;0.10017436706990883;2;;brak;
526.5293399445868;0.0347567306132532;6;3;6_3;0.10139600569271258;2;;brak;
532.8730669318711;0.0351754864036593;6;3;6_3;0.10261764431551637;2;;brak;
539.2167939191552;0.0355942421942927;6;3;6_3;0.10383928293832012;2;;brak;
545.5605209064395;0.0360129979846988;6;3;6_3;0.1050609215611239;2;;brak;
551.9042478937236;0.0364317537753322;6;3;6_3;0.10628256018392765;2;;brak;
558.2479748810078;0.0368505095657383;6;3;6_3;0.10750419880673144;2;;brak;
564.5917018682919;0.0372692653563717;6;3;6_3;0.10872583742953519;2;;brak;
570.9354288555762;0.0376880211467778;6;3;6_3;0.10994747605233898;2;;brak;
577.2791558428603;0.0381067769374112;6;3;6_3;0.11116911467514273;2;;brak;
583.6228828301446;0.0385255327278173;6;3;6_3;0.11239075329794651;2;;brak;
589.9666098174287;0.0389442885184507;6;3;6_3;0.11361239192075026;2;;brak;
596.310336804713;0.0393630443088568;6;3;6_3;0.11483403054355405;2;;brak;
602.654063791997;0.0397818000994902;6;3;6_3;0.1160556691663578;2;;brak;
608.9977907792813;0.0402005558898963;6;3;6_3;0.1172773077891616;2;;brak;
615.3415177665654;0.0406193116805297;6;3;6_3;0.11849894641196534;2;;brak;
621.6852447538497;0.0410380674709358;6;3;6_3;0.11972058503476912;2;;brak;
628.0289717411338;0.0414568232615693;6;3;6_3;0.12094222365757287;2;;brak;
634.3726987284178;0.0418755790519753;6;3;6_3;0.12216386228037662;2;;brak;
640.7164257157021;0.0422943348426088;6;3;6_3;0.12338550090318041;2;;brak;
647.0601527029862;0.0427130906330148;6;3;6_3;0.12460713952598416;2;;brak;
653.4038796902705;0.0431318464236483;6;3;6_3;0.12582877814878796;2;;brak;
659.7476066775546;0.0435506022140543;6;3;6_3;0.1270504167715917;2;;brak;
666.0913336648389;0.0439693580046878;6;3;6_3;0.12827205539439548;2;;brak;
672.435060652123;0.0443881137950938;6;3;6_3;0.12949369401719923;2;;brak;
678.7787876394073;0.0448068695857273;6;3;6_3;0.130715332640003;2;;brak;
685.1225146266913;0.0452256253761333;6;3;6_3;0.13193697126280676;2;;brak;
691.4662416139756;0.0456443811667668;6;3;6_3;0.13315860988561057;2;;brak;
697.8099686012597;0.0460631369571729;6;3;6_3;0.13438024850841432;2;;brak;
704.153695588544;0.0464818927478063;6;3;6_3;0.1356018871312181;2;;brak;
710.4974225758281;0.0469006485382124;6;3;6_3;0.13682352575402185;2;;brak;
716.8411495631124;0.0473194043288458;6;3;6_3;0.13804516437682562;2;;brak;
723.1848765503964;0.0477381601192519;6;3;6_3;0.13926680299962937;2;;brak;
729.5286035376807;0.0481569159098853;6;3;6_3;0.14048844162243318;2;;brak;
735.8723305249648;0.0485756717002914;6;3;6_3;0.14171008024523693;2;;brak;
742.2160575122491;0.0489944274909248;6;3;6_3;0.1429317188680407;2;;brak;
748.5597844995332;0.0494131832813309;6;3;6_3;0.14415335749084446;2;;brak;
754.9035114868175;0.0498319390719643;6;3;6_3;0.14537499611364824;2;;brak;
761.2472384741016;0.0502506948623704;6;3;6_3;0.146596634736452;2;;brak;
767.5909654613856;0.0506694506530038;6;3;6_3;0.14781827335925574;2;;brak;
773.9346924486699;0.0510882064434099;6;3;6_3;0.14903991198205954;2;;brak;
780.278419435954;0.0515069622340433;6;3;6_3;0.1502615506048633;2;;brak;
786.6221464232383;0.0519257180244494;6;3;6_3;0.15148318922766707;2;;brak;
792.9658734105224;0.0523444738150828;6;3;6_3;0.15270482785047082;2;;brak;
799.3096003978067;0.0527632296054889;6;3;6_3;0.1539264664732746;2;;brak;
805.6533273850907;0.0531819853961224;6;3;6_3;0.15514810509607835;2;;brak;
811.997054372375;0.0536007411865284;6;3;6_3;0.1563697437188821;2;;brak;
818.3407813596591;0.0540194969771619;6;3;6_3;0.15759138234168585;2;;brak;
824.6845083469434;0.0544382527675679;6;3;6_3;0.15881302096448963;2;;brak;
831.0282353342275;0.0548570085582014;6;3;6_3;0.16003465958729338;2;;brak;
837.3719623215115;0.0552757643486074;6;3;6_3;0.16125629821009713;2;;brak;
843.7156893087958;0.0556945201392409;6;3;6_3;0.16247793683290093;2;;brak;
850.0594162960799;0.0561132759296469;6;3;6_3;0.16369957545570468;2;;brak;
856.4031432833642;0.0565320317202804;6;3;6_3;0.16492121407850846;2;;brak;
862.7468702706483;0.0569507875106864;6;3;6_3;0.16614285270131218;2;;brak;
869.0905972579326;0.0573695433013199;6;3;6_3;0.167364491324116;2;;brak;
875.4343242452167;0.057788299091726;6;3;6_3;0.1685861299469197;2;;brak;
881.778051232501;0.0582070548823594;6;3;6_3;0.16980776856972354;2;;brak;
888.121778219785;0.0586258106727655;6;3;6_3;0.17102940719252727;2;;brak;
894.4655052070693;0.0590445664633989;6;3;6_3;0.17225104581533107;2;;brak;
900.8092321943534;0.059463322253805;6;3;6_3;0.1734726844381348;2;;brak;
907.1529591816376;0.0598820780444384;6;3;6_3;0.17469432306093857;2;;brak;
913.4966861689218;0.0603008338348445;6;3;6_3;0.17591596168374232;2;;brak;
919.840413156206;0.0607195896254779;6;3;6_3;0.1771376003065461;2;;brak;
926.18414014349;0.0611383454161114;6;3;6_3;0.17835923892934985;2;;brak;
932.5278671307744;0.0615571012065174;6;3;6_3;0.17958087755215366;2;;brak;
938.8715941180584;0.0619758569971509;6;3;6_3;0.18080251617495738;2;;brak;
945.2153211053428;0.0623946127875569;6;3;6_3;0.1820241547977612;2;;brak;
951.5590480926268;0.0628133685781904;6;3;6_3;0.18324579342056493;2;;brak;
957.9027750799112;0.0632321243685964;6;3;6_3;0.1844674320433687;2;;brak;
964.2465020671953;0.0636508801592299;6;3;6_3;0.18568907066617246;2;;brak;
970.5902290544796;0.064069635949636;6;3;6_3;0.18691070928897624;2;;brak;
976.9339560417636;0.0644883917402694;6;3;6_3;0.18813234791178;2;;brak;
983.2776830290476;0.0649071475306755;6;3;6_3;0.1893539865345837;2;;brak;
989.621410016332;0.0653259033213089;6;3;6_3;0.19057562515738755;2;;brak;
995.965137003616;0.065744659111715;6;3;6_3;0.19179726378019127;2;;brak;
1002.3088639909004;0.0661634149023484;6;3;6_3;0.19301890240299507;2;;brak;
1008.6525909781844;0.0665821706927545;6;3;6_3;0.19424054102579882;2;;brak;
1014.9963179654688;0.0670009264833879;6;3;6_3;0.19546217964860263;2;;brak;
1021.3400449527528;0.067419682273794;6;3;6_3;0.19668381827140635;2;;brak;
1027.683771940037;0.0678384380644274;6;3;6_3;0.19790545689421016;2;;brak;
1034.0274989273212;0.0682571938548335;6;3;6_3;0.19912709551701388;2;;brak;
1040.3712259146057;0.0686759496454669;6;3;6_3;0.2003487341398177;3;6_3;SR_1_SM_0;0.38543465745538286
1046.7149529018895;0.069094705435873;6;3;6_3;0.20157037276262144;3;6_3;SR_1_SM_0;0.38543465745538286
1053.0586798891738;0.0695134612265064;6;3;6_3;0.20279201138542524;3;6_3;SR_1_SM_0;0.38543465745538286
1059.402406876458;0.0699322170169125;6;3;6_3;0.20401365000822894;3;6_3;SR_1_SM_0;0.38543465745538286
1065.7461338637422;0.0703509728075459;6;3;6_3;0.20523528863103274;3;6_3;SR_1_SM_0;0.38543465745538286
1072.0898608510263;0.070769728597952;6;3;6_3;0.20645692725383646;3;6_3;SR_1_SM_0;0.38543465745538286
1078.4335878383106;0.0711884843885855;6;3;6_3;0.20767856587664027;3;6_3;SR_1_SM_0;0.38543465745538286
1084.7773148255949;0.0716072401789915;6;3;6_3;0.20890020449944408;3;6_3;SR_1_SM_0;0.38543465745538286
1091.121041812879;0.072025995969625;6;3;6_3;0.2101218431222478;3;6_3;SR_1_SM_0;0.38543465745538286
1097.464768800163;0.072444751760031;6;3;6_3;0.21134348174505155;3;6_3;SR_1_SM_0;0.38543465745538286
1103.808495787447;0.0728635075506645;6;3;6_3;0.2125651203678553;3;6_3;SR_1_SM_0;0.38543465745538286
1110.1522227747314;0.0732822633410705;6;3;6_3;0.21378675899065908;3;6_3;SR_1_SM_0;0.38543465745538286
1116.4959497620157;0.073701019131704;6;3;6_3;0.21500839761346288;3;6_3;SR_1_SM_0;0.38543465745538286
1122.8396767492998;0.07411977492211;6;3;6_3;0.2162300362362666;3;6_3;SR_1_SM_0;0.38543465745538286
1129.1834037365838;0.0745385307127435;6;3;6_3;0.21745167485907038;3;6_3;SR_1_SM_0;0.38543465745538286
1135.527130723868;0.0749572865031495;6;3;6_3;0.21867331348187416;3;6_3;SR_1_SM_0;0.38543465745538286
1141.8708577111522;0.075376042293783;6;3;6_3;0.2198949521046779;3;6_3;SR_1_SM_0;0.38543465745538286
1148.2145846984365;0.0757947980841891;6;3;6_3;0.2211165907274817;3;6_3;SR_1_SM_0;0.38543465745538286
1154.5583116857206;0.0762135538748225;6;3;6_3;0.22233822935028547;3;6_3;SR_1_SM_0;0.38543465745538286
1160.9020386730049;0.0766323096652286;6;3;6_3;0.22355986797308922;3;6_3;SR_1_SM_0;0.38543465745538286
1167.245765660289;0.077051065455862;6;3;6_3;0.224781506595893;3;6_3;SR_1_SM_0;0.38543465745538286
1173.5894926475733;0.0774698212462681;6;3;6_3;0.22600314521869677;3;6_3;SR_1_SM_0;0.38543465745538286
1179.933219634857;0.0778885770369015;6;3;6_3;0.2272247838415005;3;6_3;SR_1_SM_0;0.38543465745538286
1186.2769466221416;0.0783073328273076;6;3;6_3;0.2284464224643043;3;6_3;SR_1_SM_0;0.38543465745538286
1192.6206736094257;0.078726088617941;6;3;6_3;0.22966806108710808;3;6_3;SR_1_SM_0;0.38543465745538286
1198.96440059671;0.0791448444083471;6;3;6_3;0.23088969970991183;3;6_3;SR_1_SM_0;0.38543465745538286
1205.308127583994;0.0795636001989805;6;3;6_3;0.2321113383327156;3;6_3;SR_1_SM_0;0.38543465745538286
1211.6518545712784;0.0799823559893866;6;3;6_3;0.23333297695551938;3;6_3;SR_1_SM_0;0.38543465745538286
1217.9955815585624;0.08040111178002;6;3;6_3;0.23455461557832313;3;6_3;SR_1_SM_0;0.38543465745538286
1224.3393085458467;0.0808198675704261;6;3;6_3;0.2357762542011269;3;6_3;SR_1_SM_0;0.38543465745538286
1230.6830355331308;0.0812386233610595;6;3;6_3;0.2369978928239307;3;6_3;SR_1_SM_0;0.38543465745538286
1237.026762520415;0.0816573791514656;6;3;6_3;0.23821953144673444;3;6_3;SR_1_SM_0;0.38543465745538286
1243.3704895076992;0.082076134942099;6;3;6_3;0.23944117006953822;3;6_3;SR_1_SM_0;0.38543465745538286
1249.7142164949832;0.0824948907325051;6;3;6_3;0.240662808692342;3;6_3;SR_1_SM_0;0.38543465745538286
1256.0579434822675;0.0829136465231386;6;3;6_3;0.24188444731514575;3;6_3;SR_1_SM_0;0.38543465745538286
1262.4016704695516;0.0833324023135446;6;3;6_3;0.24310608593794952;3;6_3;SR_1_SM_0;0.38543465745538286
1268.745397456836;0.0837511581041781;6;3;6_3;0.2443277245607533;3;6_3;SR_1_SM_0;0.38543465745538286
1275.08912444412;0.0841699138945841;6;3;6_3;0.24554936318355705;3;6_3;SR_1_SM_0;0.38543465745538286
1281.4328514314043;0.0845886696852176;6;3;6_3;0.24677100180636083;3;6_3;SR_1_SM_0;0.38543465745538286
1287.7765784186884;0.0850074254756236;6;3;6_3;0.2479926404291646;3;6_3;SR_1_SM_0;0.38543465745538286
1294.1203054059729;0.0854261812662571;6;3;6_3;0.2492142790519684;3;6_3;SR_1_SM_0;0.38543465745538286
1300.4640323932567;0.0858449370566631;6;3;6_3;0.25043591767477213;3;6_3;SR_1_SM_0;0.38543465745538286
1306.807759380541;0.0862636928472966;6;3;6_3;0.2516575562975759;3;6_3;SR_1_SM_0;0.38543465745538286
1313.151486367825;0.0866824486377026;6;3;6_3;0.2528791949203797;3;6_3;SR_1_SM_0;0.38543465745538286
1319.4952133551094;0.0871012044283361;6;3;6_3;0.2541008335431834;3;6_3;SR_1_SM_0;0.38543465745538286
1325.8389403423937;0.0875199602187422;6;3;6_3;0.2553224721659872;3;6_3;SR_1_SM_0;0.38543465745538286
1332.1826673296778;0.0879387160093756;6;3;6_3;0.25654411078879097;3;6_3;SR_1_SM_0;0.38543465745538286
1338.5263943169618;0.0883574717997817;6;3;6_3;0.25776574941159475;3;6_3;SR_1_SM_0;0.38543465745538286
1344.870121304246;0.0887762275904151;6;3;6_3;0.25898738803439847;3;6_3;SR_1_SM_0;0.38543465745538286
1351.2138482915302;0.0891949833808212;6;3;6_3;0.2602090266572023;3;6_3;SR_1_SM_0;0.38543465745538286
1357.5575752788145;0.0896137391714546;6;3;6_3;0.261430665280006;3;6_3;SR_1_SM_0;0.38543465745538286
1363.9013022660986;0.0900324949618607;6;3;6_3;0.2626523039028098;3;6_3;SR_1_SM_0;0.38543465745538286
1370.2450292533829;0.0904512507524941;6;3;6_3;0.2638739425256136;3;6_3;SR_1_SM_0;0.38543465745538286
1376.588756240667;0.0908700065429002;6;3;6_3;0.26509558114841736;3;6_3;SR_1_SM_0;0.38543465745538286
1382.932483227951;0.0912887623335336;6;3;6_3;0.2663172197712211;3;6_3;SR_1_SM_0;0.38543465745538286
1389.276210215235;0.0917075181239397;6;3;6_3;0.2675388583940248;3;6_3;SR_1_SM_0;0.38543465745538286
1395.6199372025194;0.0921262739145731;6;3;6_3;0.26876049701682864;3;6_3;SR_1_SM_0;0.38543465745538286
1401.9636641898037;0.0925450297049792;6;3;6_3;0.2699821356396324;3;6_3;SR_1_SM_0;0.38543465745538286
1408.3073911770878;0.0929637854956126;6;3;6_3;0.27120377426243614;3;6_3;SR_1_SM_0;0.38543465745538286
1414.651118164372;0.0933825412860187;6;3;6_3;0.27242541288523997;3;6_3;SR_1_SM_0;0.38543465745538286
1420.994845151656;0.0938012970766521;6;3;6_3;0.27364705150804364;3;6_3;SR_1_SM_0;0.38543465745538286
1427.3385721389404;0.0942200528670582;6;3;6_3;0.2748686901308475;3;6_3;SR_1_SM_0;0.38543465745538286
1433.6822991262245;0.0946388086576917;6;3;6_3;0.27609032875365125;3;6_3;SR_1_SM_0;0.38543465745538286
1440.0260261135088;0.0950575644480977;6;3;6_3;0.277311967376455;3;6_3;SR_1_SM_0;0.38543465745538286
1446.3697531007929;0.0954763202387312;6;3;6_3;0.27853360599925875;3;6_3;SR_1_SM_0;0.38543465745538286
1452.7134800880772;0.0958950760291372;6;3;6_3;0.2797552446220626;3;6_3;SR_1_SM_0;0.38543465745538286
1459.0572070753612;0.0963138318197707;6;3;6_3;0.2809768832448663;3;6_3;SR_1_SM_0;0.38543465745538286
1465.4009340626455;0.0967325876101767;6;3;6_3;0.28219852186767014;3;6_3;SR_1_SM_0;0.38543465745538286
1471.7446610499296;0.0971513434008102;6;3;6_3;0.28342016049047386;3;6_3;SR_1_SM_0;0.38543465745538286
1478.088388037214;0.0975700991912162;6;3;6_3;0.28464179911327764;3;6_3;SR_1_SM_0;0.38543465745538286
1484.432115024498;0.0979888549818497;6;3;6_3;0.28586343773608136;3;6_3;SR_1_SM_0;0.38543465745538286
1490.7758420117823;0.0984076107722558;6;3;6_3;0.2870850763588852;3;6_3;SR_1_SM_0;0.38543465745538286
1497.1195689990664;0.0988263665628892;6;3;6_3;0.2883067149816889;3;6_3;SR_1_SM_0;0.38543465745538286
1503.4632959863509;0.0992451223535226;6;3;6_3;0.28952835360449275;3;6_3;SR_1_SM_0;0.38543465745538286
1509.8070229736347;0.0996638781439287;6;3;6_3;0.29074999222729647;3;6_3;SR_1_SM_0;0.38543465745538286
1516.1507499609188;0.1000826339345621;6;3;6_3;0.2919716308501002;3;6_3;SR_1_SM_0;0.38543465745538286
1522.4940581924127;6.44422837700904;6;3;6_3;0.2936992887587881;3;6_3;SR_1_SM_0;0.38543465745538286
1528.8377851796968;6.444647132799673;6;3;6_3;0.2949209273815918;3;6_3;SR_1_SM_0;0.38543465745538286
1535.181512166981;6.445065888590079;6;3;6_3;0.29614256600439565;3;6_3;SR_1_SM_0;0.38543465745538286
1541.5252391542651;6.445484644380713;6;3;6_3;0.29736420462719937;3;6_3;SR_1_SM_0;0.38543465745538286
1547.8689661415494;6.445903400171119;6;3;6_3;0.2985858432500032;3;6_3;SR_1_SM_0;0.38543465745538286
1554.2126931288335;6.446322155961752;6;3;6_3;0.2998074818728069;3;6_3;SR_1_SM_0;0.38543465745538286
1560.5564201161178;6.446740911752158;6;3;6_3;0.3010291204956107;4;6_3;SR_0_SM_0;0.9328793893880359
1566.8997283476112;12.79088665482709;6;3;6_3;0.30275677840429854;4;6_3;SR_0_SM_0;0.9328793893880359
1573.2434553348955;12.791305410617497;6;3;6_3;0.3039784170271023;4;6_3;SR_0_SM_0;0.9328793893880359
1579.5871823221796;12.79172416640813;6;3;6_3;0.30520005564990604;4;6_3;SR_0_SM_0;0.9328793893880359
1585.9304905536735;19.135869909482608;6;3;6_3;0.30692771355859394;4;6_3;SR_0_SM_0;0.9328793893880359
1592.2742175409576;19.13628866527324;6;3;6_3;0.3081493521813977;4;6_3;SR_0_SM_0;0.9328793893880359
1598.617944528242;19.136707421063647;6;3;6_3;0.3093709908042015;4;6_3;SR_0_SM_0;0.9328793893880359
1604.961252759735;25.48085316413858;6;3;6_3;0.31109864871288934;4;6_3;SR_0_SM_0;0.9328793893880359
1611.3049797470196;25.481271919928982;6;3;6_3;0.31232028733569317;4;6_3;SR_0_SM_0;0.9328793893880359
1617.6487067343037;25.48169067571962;6;3;6_3;0.31354192595849695;4;6_3;SR_0_SM_0;0.9328793893880359
1623.992433721588;25.482109431510025;6;3;6_3;0.3147635645813007;4;6_3;SR_0_SM_0;0.9328793893880359
1630.3357419530817;31.82625517458473;6;3;6_3;0.31649122248998857;4;6_3;SR_0_SM_0;0.9328793893880359
1636.679468940366;31.826673930375136;6;3;6_3;0.31771286111279234;4;6_3;SR_0_SM_0;0.9328793893880359
1643.0227771718594;38.17081967344984;6;3;6_3;0.3194405190214802;4;6_3;SR_0_SM_0;0.9328793893880359
1649.366085403353;44.51496541652455;6;3;6_3;0.3211681769301681;4;6_3;SR_0_SM_0;0.9328793893880359
1655.7098123906374;44.51538417231518;6;3;6_3;0.32238981555297186;4;6_3;SR_0_SM_0;0.9328793893880359
1662.0531206221308;50.85952991538966;6;3;6_3;0.3241174734616597;4;6_3;SR_0_SM_0;0.9328793893880359
1668.396847609415;50.85994867118029;6;3;6_3;0.3253391120844635;4;6_3;SR_0_SM_0;0.9328793893880359
1674.7401558409088;57.204094414255;6;3;6_3;0.3270667699931514;4;6_3;SR_0_SM_0;0.9328793893880359
1681.0834640724024;63.5482401573297;6;3;6_3;0.32879442790183927;4;6_3;SR_0_SM_0;0.9328793893880359
1687.4271910596865;63.54865891312011;6;3;6_3;0.330016066524643;4;6_3;SR_0_SM_0;0.9328793893880359
1693.7704992911804;69.89280465619504;6;3;6_3;0.33174372443333094;4;6_3;SR_0_SM_0;0.9328793893880359
1700.1138075226738;76.23695039926952;6;3;6_3;0.33347138234201873;4;6_3;SR_0_SM_0;0.9328793893880359
1706.4571157541675;82.58109614234445;6;3;6_3;0.3351990402507067;4;6_3;SR_0_SM_0;0.9328793893880359
1712.8004239856612;88.92524188541893;6;3;6_3;0.3369266981593945;4;6_3;SR_0_SM_0;0.9328793893880359
1719.143732217155;95.26938762849386;6;3;6_3;0.3386543560680824;4;6_3;SR_0_SM_0;0.9328793893880359
1725.4870404486485;101.61353337156834;6;3;6_3;0.34038201397677026;4;6_3;SR_0_SM_0;0.9328793893880359
1731.8303486801424;107.95767911464328;6;3;6_3;0.34210967188545816;4;6_3;SR_0_SM_0;0.9328793893880359
1731.8299299243515;114.30140610192734;6;3;6_3;0.34333131050826193;4;6_3;SR_0_SM_0;0.9328793893880359
1738.1732381558454;120.64555184500205;6;3;6_3;0.34505896841694983;4;6_3;SR_0_SM_0;0.9328793893880359
1744.516546387339;126.98969758807677;6;3;6_3;0.3467866263256377;4;6_3;SR_0_SM_0;0.9328793893880359
1744.516127631549;133.33342457536105;6;3;6_3;0.3480082649484415;4;6_3;SR_0_SM_0;0.9328793893880359
1750.859435863042;139.67757031843553;6;3;6_3;0.3497359228571293;4;6_3;SR_0_SM_0;0.9328793893880359
1757.202744094536;146.02171606151046;6;3;6_3;0.35146358076581724;4;6_3;SR_0_SM_0;0.9328793893880359
1757.2023253387454;152.36544304879453;6;3;6_3;0.35268521938862096;4;6_3;SR_0_SM_0;0.9328793893880359
1763.545633570239;158.70958879186924;6;3;6_3;0.35441287729730886;4;6_3;SR_0_SM_0;0.9328793893880359
1763.5452148144484;165.0533157791533;6;3;6_3;0.35563451592011264;4;6_3;SR_0_SM_0;0.9328793893880359
1763.544796058658;171.39704276643738;6;3;6_3;0.35685615454291636;4;6_3;SR_0_SM_0;0.9328793893880359
1769.8881042901517;177.7411885095123;6;3;6_3;0.35858381245160426;4;6_3;SR_0_SM_0;0.9328793893880359
1769.887685534361;184.0849154967964;6;3;6_3;0.35980545107440803;4;6_3;SR_0_SM_0;0.9328793893880359
1776.2309937658547;190.4290612398711;6;3;6_3;0.3615331089830959;4;6_3;SR_0_SM_0;0.9328793893880359
1776.230575010064;196.7727882271552;6;3;6_3;0.36275474760589965;4;6_3;SR_0_SM_0;0.9328793893880359
1776.2301562542737;203.11651521443943;6;3;6_3;0.3639763862287034;4;6_3;SR_0_SM_0;0.9328793893880359
1776.229737498483;209.46024220172356;6;3;6_3;0.3651980248515071;4;6_3;SR_0_SM_0;0.9328793893880359
1782.573045729977;215.8043879447985;6;3;6_3;0.36692568276019505;4;6_3;SR_0_SM_0;0.9328793893880359
1782.572626974186;222.1481149320825;6;3;6_3;0.36814732138299877;4;6_3;SR_0_SM_0;0.9328793893880359
1782.5722082183956;228.49184191936683;6;3;6_3;0.36936896000580255;4;6_3;SR_0_SM_0;0.9328793893880359
1788.9155164498893;234.8359876624413;6;3;6_3;0.3710966179144904;4;6_3;SR_0_SM_0;0.9328793893880359
1788.915097694099;241.1797146497256;6;3;6_3;0.3723182565372942;4;6_3;SR_0_SM_0;0.9328793893880359
1795.2584059255923;247.52386039280032;6;3;6_3;0.37404591444598206;4;6_3;SR_0_SM_0;0.9328793893880359
1795.257987169802;253.8675873800846;6;3;6_3;0.3752675530687859;4;6_3;SR_0_SM_0;0.9328793893880359
1795.2575684140113;260.2113143673687;6;3;6_3;0.3764891916915896;4;6_3;SR_0_SM_0;0.9328793893880359
1795.257149658221;266.555041354653;6;3;6_3;0.37771083031439345;4;6_3;SR_0_SM_0;0.9328793893880359
1795.2567309024305;272.89876834193706;6;3;6_3;0.3789324689371972;4;6_3;SR_0_SM_0;0.9328793893880359
1795.25631214664;279.24249532922136;6;3;6_3;0.38015410756000095;4;6_3;SR_0_SM_0;0.9328793893880359
1795.2558933908492;285.5862223165054;6;3;6_3;0.3813757461828047;4;6_3;SR_0_SM_0;0.9328793893880359
1795.2554746350588;291.9299493037897;6;3;6_3;0.3825973848056085;4;6_3;SR_0_SM_0;0.9328793893880359
1795.2550558792682;298.2736762910738;6;3;6_3;0.38381902342841223;4;6_3;SR_0_SM_0;0.9328793893880359
1795.2546371234778;304.61740327835787;6;3;6_3;0.385040662051216;4;6_3;SR_0_SM_0;0.9328793893880359
1795.2542183676871;310.96113026564217;6;3;6_3;0.3862623006740198;4;6_3;SR_0_SM_0;0.9328793893880359
1795.2537996118967;317.30485725292624;6;3;6_3;0.38748393929682357;4;6_3;SR_0_SM_0;0.9328793893880359
1801.5971078433904;323.64900299600095;6;3;6_3;0.3892115972055114;4;6_3;SR_0_SM_0;0.9328793893880359
1801.5966890876;329.992729983285;6;3;6_3;0.39043323582831513;4;6_3;SR_0_SM_0;0.9328793893880359
1801.596270331809;336.3364569705693;6;3;6_3;0.3916548744511189;4;6_3;SR_0_SM_0;0.9328793893880359
1801.5958515760185;342.6801839578534;6;3;6_3;0.3928765130739227;4;6_3;SR_0_SM_0;0.9328793893880359
1801.5954328202283;349.0239109451377;6;3;6_3;0.39409815169672646;4;6_3;SR_0_SM_0;0.9328793893880359
1801.5950140644377;355.36763793242176;6;3;6_3;0.39531979031953024;4;6_3;SR_0_SM_0;0.9328793893880359
1801.594595308647;361.71136491970606;6;3;6_3;0.396541428942334;4;6_3;SR_0_SM_0;0.9328793893880359
1801.5941765528564;368.0550919069901;6;3;6_3;0.39776306756513774;4;6_3;SR_0_SM_0;0.9328793893880359
1801.5937577970665;374.3988188942744;6;3;6_3;0.3989847061879415;4;6_3;SR_0_SM_0;0.9328793893880359
1801.593339041276;380.7425458815585;6;3;6_3;0.4002063448107453;5;6_3;SR_1_SM_0;0.6307803468208093
1801.592920285485;387.0862728688428;6;3;6_3;0.4014279834335491;5;6_3;SR_1_SM_0;0.6307803468208093
1801.5925015296943;393.42999985612687;6;3;6_3;0.40264962205635285;5;6_3;SR_1_SM_0;0.6307803468208093
1801.592082773904;399.7737268434112;6;3;6_3;0.40387126067915663;5;6_3;SR_1_SM_0;0.6307803468208093
1801.5916640181133;406.1174538306952;6;3;6_3;0.40509289930196035;5;6_3;SR_1_SM_0;0.6307803468208093
1801.591245262323;412.46118081797954;6;3;6_3;0.40631453792476413;5;6_3;SR_1_SM_0;0.6307803468208093
1801.5908265065325;418.8049078052636;6;3;6_3;0.4075361765475679;5;6_3;SR_1_SM_0;0.6307803468208093
1801.590407750742;425.1486347925479;6;3;6_3;0.4087578151703717;5;6_3;SR_1_SM_0;0.6307803468208093
1801.5899889949517;431.492361779832;6;3;6_3;0.40997945379317546;5;6_3;SR_1_SM_0;0.6307803468208093
1801.5895702391608;437.83608876711605;6;3;6_3;0.41120109241597924;5;6_3;SR_1_SM_0;0.6307803468208093
1801.5891514833704;444.1798157544004;6;3;6_3;0.41242273103878296;5;6_3;SR_1_SM_0;0.6307803468208093
1801.58873272758;450.5235427416844;6;3;6_3;0.41364436966158674;5;6_3;SR_1_SM_0;0.6307803468208093
1801.5883139717891;456.8672697289687;6;3;6_3;0.4148660082843905;5;6_3;SR_1_SM_0;0.6307803468208093
1801.5878952159987;463.2109967162528;6;3;6_3;0.4160876469071943;5;6_3;SR_1_SM_0;0.6307803468208093
1801.587476460208;469.5547237035371;6;3;6_3;0.4173092855299981;5;6_3;SR_1_SM_0;0.6307803468208093
1801.587057704418;475.8984506908212;6;3;6_3;0.41853092415280185;5;6_3;SR_1_SM_0;0.6307803468208093
1801.5866389486275;482.2421776781055;6;3;6_3;0.4197525627756056;5;6_3;SR_1_SM_0;0.6307803468208093
1801.586220192837;488.58590466538953;6;3;6_3;0.4209742013984093;5;6_3;SR_1_SM_0;0.6307803468208093
1801.585801437046;494.9296316526738;6;3;6_3;0.4221958400212131;5;6_3;SR_1_SM_0;0.6307803468208093
1801.585382681256;501.2733586399579;6;3;6_3;0.4234174786440168;5;6_3;SR_1_SM_0;0.6307803468208093
1801.5849639254648;507.6170856272422;6;3;6_3;0.4246391172668206;5;6_3;SR_1_SM_0;0.6307803468208093
1801.5845451696744;513.9608126145263;6;3;6_3;0.42586075588962435;5;6_3;SR_1_SM_0;0.6307803468208093
1801.584126413884;520.3045396018106;6;3;6_3;0.42708239451242813;5;6_3;SR_1_SM_0;0.6307803468208093
1801.5837076580935;526.6482665890946;6;3;6_3;0.4283040331352319;5;6_3;SR_1_SM_0;0.6307803468208093
1801.5832889023031;532.991993576379;6;3;6_3;0.4295256717580357;5;6_3;SR_1_SM_0;0.6307803468208093
1801.5828701465125;539.335720563663;6;3;6_3;0.4307473103808394;5;6_3;SR_1_SM_0;0.6307803468208093
1801.5824513907216;545.6794475509473;6;3;6_3;0.4319689490036432;5;6_3;SR_1_SM_0;0.6307803468208093
1801.582032634932;552.0231745382314;6;3;6_3;0.43319058762644697;5;6_3;SR_1_SM_0;0.6307803468208093
1801.581613879141;558.3669015255157;6;3;6_3;0.43441222624925074;5;6_3;SR_1_SM_0;0.6307803468208093
1801.5811951233504;564.7106285127998;6;3;6_3;0.4356338648720545;5;6_3;SR_1_SM_0;0.6307803468208093
1801.58077636756;571.0543555000838;6;3;6_3;0.4368555034948582;5;6_3;SR_1_SM_0;0.6307803468208093
1801.5803576117696;577.3980824873681;6;3;6_3;0.438077142117662;5;6_3;SR_1_SM_0;0.6307803468208093
1801.579938855979;583.7418094746522;6;3;6_3;0.43929878074046574;5;6_3;SR_1_SM_0;0.6307803468208093
1801.5795201001883;590.0855364619365;6;3;6_3;0.4405204193632696;5;6_3;SR_1_SM_0;0.6307803468208093
1801.5791013443977;596.4292634492206;6;3;6_3;0.44174205798607324;5;6_3;SR_1_SM_0;0.6307803468208093
1801.5786825886075;602.7729904365049;6;3;6_3;0.44296369660887713;5;6_3;SR_1_SM_0;0.6307803468208093
1801.578263832817;609.1167174237889;6;3;6_3;0.4441853352316809;5;6_3;SR_1_SM_0;0.6307803468208093
1801.5778450770265;615.4604444110732;6;3;6_3;0.44540697385448463;5;6_3;SR_1_SM_0;0.6307803468208093
1801.577426321236;621.8041713983573;6;3;6_3;0.4466286124772884;5;6_3;SR_1_SM_0;0.6307803468208093
1801.5770075654452;628.1478983856416;6;3;6_3;0.4478502511000922;5;6_3;SR_1_SM_0;0.6307803468208093
1801.5765888096548;634.4916253729257;6;3;6_3;0.44907188972289597;5;6_3;SR_1_SM_0;0.6307803468208093
1801.576170053864;640.83535236021;6;3;6_3;0.45029352834569975;5;6_3;SR_1_SM_0;0.6307803468208093
1801.5757512980736;647.179079347494;6;3;6_3;0.4515151669685035;5;6_3;SR_1_SM_0;0.6307803468208093
1801.5753325422836;653.5228063347784;6;3;6_3;0.45273680559130725;5;6_3;SR_1_SM_0;0.6307803468208093
1801.5749137864927;659.8665333220624;6;3;6_3;0.453958444214111;5;6_3;SR_1_SM_0;0.6307803468208093
1801.574495030702;666.2102603093467;6;3;6_3;0.4551800828369148;5;6_3;SR_1_SM_0;0.6307803468208093
1801.5740762749117;672.5539872966308;6;3;6_3;0.4564017214597186;5;6_3;SR_1_SM_0;0.6307803468208093
1801.5736575191213;678.8977142839151;6;3;6_3;0.45762336008252236;5;6_3;SR_1_SM_0;0.6307803468208093
1801.573238763331;685.2414412711992;6;3;6_3;0.45884499870532613;5;6_3;SR_1_SM_0;0.6307803468208093
1801.57282000754;691.5851682584835;6;3;6_3;0.46006663732812986;5;6_3;SR_1_SM_0;0.6307803468208093
1801.5724012517492;697.9288952457675;6;3;6_3;0.46128827595093364;5;6_3;SR_1_SM_0;0.6307803468208093
1801.5719824959592;704.2726222330516;6;3;6_3;0.4625099145737373;5;6_3;SR_1_SM_0;0.6307803468208093
1801.5715637401688;710.6163492203359;6;3;6_3;0.4637315531965411;5;6_3;SR_1_SM_0;0.6307803468208093
1801.571144984378;716.96007620762;6;3;6_3;0.46495319181934486;5;6_3;SR_1_SM_0;0.6307803468208093
1801.5707262285875;723.3038031949043;6;3;6_3;0.46617483044214864;5;6_3;SR_1_SM_0;0.6307803468208093
1801.570307472797;729.6475301821883;6;3;6_3;0.4673964690649524;5;6_3;SR_1_SM_0;0.6307803468208093
1801.5698887170065;735.9912571694726;6;3;6_3;0.4686181076877562;5;6_3;SR_1_SM_0;0.6307803468208093
1801.569469961216;742.3349841567567;6;3;6_3;0.4698397463105599;5;6_3;SR_1_SM_0;0.6307803468208093
1801.5690512054248;748.678711144041;6;3;6_3;0.4710613849333637;5;6_3;SR_1_SM_0;0.6307803468208093
1801.568632449635;755.0224381313251;6;3;6_3;0.47228302355616747;5;6_3;SR_1_SM_0;0.6307803468208093
1801.5682136938444;761.3661651186094;6;3;6_3;0.47350466217897125;5;6_3;SR_1_SM_0;0.6307803468208093
1801.5677949380536;767.7098921058935;6;3;6_3;0.474726300801775;5;6_3;SR_1_SM_0;0.6307803468208093
1801.5673761822632;774.0536190931778;6;3;6_3;0.4759479394245788;5;6_3;SR_1_SM_0;0.6307803468208093
1801.5669574264723;780.3973460804618;6;3;6_3;0.4771695780473825;5;6_3;SR_1_SM_0;0.6307803468208093
1801.5665386706823;786.7410730677461;6;3;6_3;0.4783912166701863;5;6_3;SR_1_SM_0;0.6307803468208093
1801.566119914892;793.0848000550302;6;3;6_3;0.4796128552929901;5;6_3;SR_1_SM_0;0.6307803468208093
1801.565701159101;799.4285270423145;6;3;6_3;0.48083449391579386;5;6_3;SR_1_SM_0;0.6307803468208093
1801.5652824033104;805.7722540295986;6;3;6_3;0.48205613253859764;5;6_3;SR_1_SM_0;0.6307803468208093
1801.5648636475205;812.1159810168829;6;3;6_3;0.4832777711614014;5;6_3;SR_1_SM_0;0.6307803468208093
1801.5644448917296;818.4597080041669;6;3;6_3;0.48449940978420514;5;6_3;SR_1_SM_0;0.6307803468208093
1801.564026135939;824.8034349914512;6;3;6_3;0.4857210484070089;5;6_3;SR_1_SM_0;0.6307803468208093
1801.5636073801484;831.1471619787353;6;3;6_3;0.4869426870298127;5;6_3;SR_1_SM_0;0.6307803468208093
1801.5631886243584;837.4908889660196;6;3;6_3;0.48816432565261647;5;6_3;SR_1_SM_0;0.6307803468208093
1801.562769868568;843.8346159533037;6;3;6_3;0.48938596427542025;5;6_3;SR_1_SM_0;0.6307803468208093
1801.562351112777;850.1783429405878;6;3;6_3;0.490607602898224;5;6_3;SR_1_SM_0;0.6307803468208093
1801.5619323569863;856.522069927872;6;3;6_3;0.49182924152102775;5;6_3;SR_1_SM_0;0.6307803468208093
1801.561513601196;862.8657969151561;6;3;6_3;0.4930508801438315;5;6_3;SR_1_SM_0;0.6307803468208093
1801.5610948454053;869.2095239024404;6;3;6_3;0.4942725187666353;5;6_3;SR_1_SM_0;0.6307803468208093
1801.5606760896148;875.5532508897245;6;3;6_3;0.4954941573894391;5;6_3;SR_1_SM_0;0.6307803468208093
1801.560257333824;881.8969778770088;6;3;6_3;0.49671579601224286;5;6_3;SR_1_SM_0;0.6307803468208093
1801.559838578034;888.2407048642929;6;3;6_3;0.49793743463504664;5;6_3;SR_1_SM_0;0.6307803468208093
1801.5594198222436;894.5844318515772;6;3;6_3;0.49915907325785036;5;6_3;SR_1_SM_0;0.6307803468208093
1801.5590010664528;900.9281588388616;6;3;6_3;0.5003807118806542;6;6_3;SR_1_SM_0;0.577324973876698
1801.558582310662;907.2718858261456;6;3;6_3;0.5016023505034581;6;6_3;SR_1_SM_0;0.577324973876698
1801.558163554872;913.6156128134296;6;3;6_3;0.5028239891262618;6;6_3;SR_1_SM_0;0.577324973876698
1801.557744799081;919.959339800714;6;3;6_3;0.5040456277490656;6;6_3;SR_1_SM_0;0.577324973876698
1801.5573260432907;926.303066787998;6;3;6_3;0.5052672663718694;6;6_3;SR_1_SM_0;0.577324973876698
1801.5569072875;932.6467937752824;6;3;6_3;0.5064889049946731;6;6_3;SR_1_SM_0;0.577324973876698
1801.5564885317096;938.9905207625663;6;3;6_3;0.5077105436174768;6;6_3;SR_1_SM_0;0.577324973876698
1801.5560697759192;945.3342477498506;6;3;6_3;0.5089321822402806;6;6_3;SR_1_SM_0;0.577324973876698
1801.5556510201288;951.6779747371348;6;3;6_3;0.5101538208630844;6;6_3;SR_1_SM_0;0.577324973876698
1801.555232264338;958.021701724419;6;3;6_3;0.5113754594858881;6;6_3;SR_1_SM_0;0.577324973876698
1801.554813508548;964.3654287117032;6;3;6_3;0.5125970981086919;6;6_3;SR_1_SM_0;0.577324973876698
1801.5543947527567;970.7091556989874;6;3;6_3;0.5138187367314957;6;6_3;SR_1_SM_0;0.577324973876698
1801.5539759969663;977.0528826862716;6;3;6_3;0.5150403753542995;6;6_3;SR_1_SM_0;0.577324973876698
1801.553557241176;983.3966096735558;6;3;6_3;0.5162620139771033;6;6_3;SR_1_SM_0;0.577324973876698
1801.5531384853855;989.74033666084;6;3;6_3;0.517483652599907;6;6_3;SR_1_SM_0;0.577324973876698
1801.552719729595;996.084063648124;6;3;6_3;0.5187052912227108;6;6_3;SR_1_SM_0;0.577324973876698
1801.5523009738044;1002.4277906354084;6;3;6_3;0.5199269298455146;6;6_3;SR_1_SM_0;0.577324973876698
1801.5518822180136;1008.7715176226924;6;3;6_3;0.5211485684683183;6;6_3;SR_1_SM_0;0.577324973876698
1801.551463462224;1015.1152446099768;6;3;6_3;0.522370207091122;6;6_3;SR_1_SM_0;0.577324973876698
1801.551044706433;1021.4589715972608;6;3;6_3;0.5235918457139258;6;6_3;SR_1_SM_0;0.577324973876698
1801.5506259506424;1027.802698584545;6;3;6_3;0.5248134843367295;6;6_3;SR_1_SM_0;0.577324973876698
1801.550207194852;1034.1464255718292;6;3;6_3;0.5260351229595334;6;6_3;SR_1_SM_0;0.577324973876698
1801.5497884390616;1040.4901525591135;6;3;6_3;0.5272567615823371;6;6_3;SR_1_SM_0;0.577324973876698
1801.549369683271;1046.8338795463974;6;3;6_3;0.5284784002051408;6;6_3;SR_1_SM_0;0.577324973876698
1801.5489509274803;1053.1776065336817;6;3;6_3;0.5297000388279446;6;6_3;SR_1_SM_0;0.577324973876698
1801.5485321716897;1059.521333520966;6;3;6_3;0.5309216774507485;6;6_3;SR_1_SM_0;0.577324973876698
1801.5481134158997;1065.86506050825;6;3;6_3;0.5321433160735521;6;6_3;SR_1_SM_0;0.577324973876698
1801.5476946601088;1072.208787495534;6;3;6_3;0.5333649546963559;6;6_3;SR_1_SM_0;0.577324973876698
1801.5472759043184;1078.5525144828184;6;3;6_3;0.5345865933191597;6;6_3;SR_1_SM_0;0.577324973876698
1801.546857148528;1084.8962414701027;6;3;6_3;0.5358082319419636;6;6_3;SR_1_SM_0;0.577324973876698
1801.5464383927372;1091.2399684573868;6;3;6_3;0.5370298705647673;6;6_3;SR_1_SM_0;0.577324973876698
1801.5460196369468;1097.5836954446709;6;3;6_3;0.538251509187571;6;6_3;SR_1_SM_0;0.577324973876698
1801.545600881156;1103.9274224319552;6;3;6_3;0.5394731478103747;6;6_3;SR_1_SM_0;0.577324973876698
1801.5451821253653;1110.2711494192397;6;3;6_3;0.5406947864331786;6;6_3;SR_1_SM_0;0.577324973876698
1801.5447633695755;1116.6148764065235;6;3;6_3;0.5419164250559823;6;6_3;SR_1_SM_0;0.577324973876698
1801.5443446137847;1122.9586033938076;6;3;6_3;0.543138063678786;6;6_3;SR_1_SM_0;0.577324973876698
1801.543925857994;1129.302330381092;6;3;6_3;0.5443597023015898;6;6_3;SR_1_SM_0;0.577324973876698
1801.5435071022036;1135.6460573683762;6;3;6_3;0.5455813409243937;6;6_3;SR_1_SM_0;0.577324973876698
1801.5430883464128;1141.9897843556605;6;3;6_3;0.5468029795471975;6;6_3;SR_1_SM_0;0.577324973876698
1801.5426695906224;1148.3335113429443;6;3;6_3;0.5480246181700011;6;6_3;SR_1_SM_0;0.577324973876698
1801.542250834832;1154.6772383302286;6;3;6_3;0.5492462567928049;6;6_3;SR_1_SM_0;0.577324973876698
1801.5418320790411;1161.020965317513;6;3;6_3;0.5504678954156088;6;6_3;SR_1_SM_0;0.577324973876698
1801.5414133232512;1167.364692304797;6;3;6_3;0.5516895340384125;6;6_3;SR_1_SM_0;0.577324973876698
1801.5409945674603;1173.708419292081;6;3;6_3;0.5529111726612163;6;6_3;SR_1_SM_0;0.577324973876698
1801.54057581167;1180.0521462793654;6;3;6_3;0.5541328112840199;6;6_3;SR_1_SM_0;0.577324973876698
1801.5401570558795;1186.3958732666497;6;3;6_3;0.5553544499068238;6;6_3;SR_1_SM_0;0.577324973876698
1801.539738300089;1192.7396002539335;6;3;6_3;0.5565760885296275;6;6_3;SR_1_SM_0;0.577324973876698
1801.5393195442985;1199.0833272412178;6;3;6_3;0.5577977271524313;6;6_3;SR_1_SM_0;0.577324973876698
1801.538900788508;1205.427054228502;6;3;6_3;0.559019365775235;6;6_3;SR_1_SM_0;0.577324973876698
1801.5384820327167;1211.7707812157862;6;3;6_3;0.5602410043980388;6;6_3;SR_1_SM_0;0.577324973876698
1801.538063276927;1218.1145082030705;6;3;6_3;0.5614626430208426;6;6_3;SR_1_SM_0;0.577324973876698
1801.5376445211364;1224.4582351903546;6;3;6_3;0.5626842816436464;6;6_3;SR_1_SM_0;0.577324973876698
1801.5372257653455;1230.8019621776389;6;3;6_3;0.5639059202664501;6;6_3;SR_1_SM_0;0.577324973876698
1801.536807009555;1237.145689164923;6;3;6_3;0.5651275588892539;6;6_3;SR_1_SM_0;0.577324973876698
1801.536388253765;1243.489416152207;6;3;6_3;0.5663491975120577;6;6_3;SR_1_SM_0;0.577324973876698
1801.5359694979743;1249.8331431394913;6;3;6_3;0.5675708361348615;6;6_3;SR_1_SM_0;0.577324973876698
1801.535550742184;1256.1768701267756;6;3;6_3;0.5687924747576651;6;6_3;SR_1_SM_0;0.577324973876698
1801.535131986393;1262.5205971140597;6;3;6_3;0.5700141133804689;6;6_3;SR_1_SM_0;0.577324973876698
1801.5347132306028;1268.8643241013438;6;3;6_3;0.5712357520032727;6;6_3;SR_1_SM_0;0.577324973876698
1801.534294474812;1275.208051088628;6;3;6_3;0.5724573906260765;6;6_3;SR_1_SM_0;0.577324973876698
1801.5338757190216;1281.5517780759124;6;3;6_3;0.5736790292488803;6;6_3;SR_1_SM_0;0.577324973876698
1801.533456963231;1287.8955050631964;6;3;6_3;0.574900667871684;6;6_3;SR_1_SM_0;0.577324973876698
1801.5330382074408;1294.2392320504805;6;3;6_3;0.5761223064944878;6;6_3;SR_1_SM_0;0.577324973876698
1795.188892464366;1300.5825402819742;6;3;6_3;0.5778499644031756;6;6_3;SR_1_SM_0;0.577324973876698
1795.1884737085754;1306.9262672692585;6;3;6_3;0.5790716030259795;6;6_3;SR_1_SM_0;0.577324973876698
1795.188054952785;1313.2699942565423;6;3;6_3;0.5802932416487832;6;6_3;SR_1_SM_0;0.577324973876698
1795.1876361969944;1319.6137212438266;6;3;6_3;0.5815148802715869;6;6_3;SR_1_SM_0;0.577324973876698
1795.187217441204;1325.957448231111;6;3;6_3;0.5827365188943907;6;6_3;SR_1_SM_0;0.577324973876698
1795.1867986854134;1332.3011752183952;6;3;6_3;0.5839581575171946;6;6_3;SR_1_SM_0;0.577324973876698
1795.186379929623;1338.6449022056793;6;3;6_3;0.5851797961399983;6;6_3;SR_1_SM_0;0.577324973876698
1795.1859611738323;1344.9886291929631;6;3;6_3;0.586401434762802;6;6_3;SR_1_SM_0;0.577324973876698
1795.1855424180417;1351.3323561802476;6;3;6_3;0.5876230733856058;6;6_3;SR_1_SM_0;0.577324973876698
1795.1851236622513;1357.676083167532;6;3;6_3;0.5888447120084097;6;6_3;SR_1_SM_0;0.577324973876698
1795.1847049064606;1364.019810154816;6;3;6_3;0.5900663506312134;6;6_3;SR_1_SM_0;0.577324973876698
1795.1842861506702;1370.3635371421;6;3;6_3;0.5912879892540172;6;6_3;SR_1_SM_0;0.577324973876698
1795.1838673948796;1376.7072641293844;6;3;6_3;0.5925096278768208;6;6_3;SR_1_SM_0;0.577324973876698
1795.1834486390892;1383.050991116669;6;3;6_3;0.5937312664996247;6;6_3;SR_1_SM_0;0.577324973876698
1795.1830298832986;1389.3947181039528;6;3;6_3;0.5949529051224284;6;6_3;SR_1_SM_0;0.577324973876698
1795.1826111275082;1395.7384450912368;6;3;6_3;0.5961745437452322;6;6_3;SR_1_SM_0;0.577324973876698
1795.1821923717175;1402.0821720785211;6;3;6_3;0.5973961823680359;6;6_3;SR_1_SM_0;0.577324973876698
1795.181773615927;1408.4258990658054;6;3;6_3;0.5986178209908398;6;6_3;SR_1_SM_0;0.577324973876698
1795.1813548601365;1414.7696260530895;6;3;6_3;0.5998394596136435;6;6_3;SR_1_SM_0;0.577324973876698
1795.180936104346;1421.1133530403736;6;3;6_3;0.6010610982364473;7;6_3;SR_1_SM_0;0.9442653773838302
1795.1805173485554;1427.457080027658;6;3;6_3;0.602282736859251;7;6_3;SR_1_SM_0;0.9442653773838302
1795.180098592765;1433.800807014942;6;3;6_3;0.6035043754820548;7;6_3;SR_1_SM_0;0.9442653773838302
1795.1796798369744;1440.144534002226;6;3;6_3;0.6047260141048586;7;6_3;SR_1_SM_0;0.9442653773838302
1788.8355340939;1446.4878422337197;6;3;6_3;0.6064536720135464;7;6_3;SR_1_SM_0;0.9442653773838302
1788.8351153381093;1452.831569221004;6;3;6_3;0.6076753106363502;7;6_3;SR_1_SM_0;0.9442653773838302
1788.8346965823189;1459.1752962082885;6;3;6_3;0.6088969492591539;7;6_3;SR_1_SM_0;0.9442653773838302
1788.8342778265285;1465.5190231955723;6;3;6_3;0.6101185878819577;7;6_3;SR_1_SM_0;0.9442653773838302
1788.8338590707378;1471.8627501828564;6;3;6_3;0.6113402265047614;7;6_3;SR_1_SM_0;0.9442653773838302
1788.8334403149472;1478.2064771701407;6;3;6_3;0.6125618651275652;7;6_3;SR_1_SM_0;0.9442653773838302
1788.8330215591568;1484.5502041574248;6;3;6_3;0.6137835037503689;7;6_3;SR_1_SM_0;0.9442653773838302
1788.8326028033662;1490.893931144709;6;3;6_3;0.6150051423731727;7;6_3;SR_1_SM_0;0.9442653773838302
1788.8321840475758;1497.2376581319932;6;3;6_3;0.6162267809959765;7;6_3;SR_1_SM_0;0.9442653773838302
1788.8317652917851;1503.5813851192777;6;3;6_3;0.6174484196187803;7;6_3;SR_1_SM_0;0.9442653773838302
1788.8313465359947;1509.9251121065615;6;3;6_3;0.618670058241584;7;6_3;SR_1_SM_0;0.9442653773838302
1782.4872007929198;1516.2684203380552;6;3;6_3;0.620397716150272;7;6_3;SR_1_SM_0;0.9442653773838302
1782.4867820371294;1522.6121473253395;6;3;6_3;0.6216193547730757;7;6_3;SR_1_SM_0;0.9442653773838302
1782.4863632813388;1528.9558743126236;6;3;6_3;0.6228409933958795;7;6_3;SR_1_SM_0;0.9442653773838302
1782.4859445255483;1535.299601299908;6;3;6_3;0.6240626320186833;7;6_3;SR_1_SM_0;0.9442653773838302
1782.4855257697575;1541.643328287192;6;3;6_3;0.6252842706414871;7;6_3;SR_1_SM_0;0.9442653773838302
1782.4851070139673;1547.9870552744762;6;3;6_3;0.6265059092642907;7;6_3;SR_1_SM_0;0.9442653773838302
1782.484688258177;1554.3307822617603;6;3;6_3;0.6277275478870945;7;6_3;SR_1_SM_0;0.9442653773838302
1782.4842695023865;1560.6745092490446;6;3;6_3;0.6289491865098983;7;6_3;SR_1_SM_0;0.9442653773838302
1782.4838507465956;1567.018236236329;6;3;6_3;0.6301708251327022;7;6_3;SR_1_SM_0;0.9442653773838302
1776.1397050035212;1573.3615444678223;6;3;6_3;0.63189848304139;7;6_3;SR_1_SM_0;0.9442653773838302
1776.1392862477303;1579.7052714551064;6;3;6_3;0.6331201216641937;7;6_3;SR_1_SM_0;0.9442653773838302
1776.13886749194;1586.0489984423907;6;3;6_3;0.6343417602869975;7;6_3;SR_1_SM_0;0.9442653773838302
1776.1384487361497;1592.392725429675;6;3;6_3;0.6355633989098013;7;6_3;SR_1_SM_0;0.9442653773838302
1776.138029980359;1598.736452416959;6;3;6_3;0.636785037532605;7;6_3;SR_1_SM_0;0.9442653773838302
1769.7938842372844;1605.0797606484527;6;3;6_3;0.638512695441293;7;6_3;SR_1_SM_0;0.9442653773838302
1763.4497384942097;1611.4230688799464;6;3;6_3;0.6402403533499808;7;6_3;SR_1_SM_0;0.9442653773838302
1763.449319738419;1617.7667958672305;6;3;6_3;0.6414619919727845;7;6_3;SR_1_SM_0;0.9442653773838302
1763.4489009826286;1624.1105228545148;6;3;6_3;0.6426836305955883;7;6_3;SR_1_SM_0;0.9442653773838302
1763.448482226838;1630.4542498417989;6;3;6_3;0.643905269218392;7;6_3;SR_1_SM_0;0.9442653773838302
1757.1043364837635;1636.7975580732923;6;3;6_3;0.6456329271270799;7;6_3;SR_1_SM_0;0.9442653773838302
1757.1039177279729;1643.1412850605768;6;3;6_3;0.6468545657498836;7;6_3;SR_1_SM_0;0.9442653773838302
1750.7597719848982;1649.4845932920705;6;3;6_3;0.6485822236585717;7;6_3;SR_1_SM_0;0.9442653773838302
1750.7593532291075;1655.8283202793546;6;3;6_3;0.6498038622813753;7;6_3;SR_1_SM_0;0.9442653773838302
1744.415207486033;1662.1716285108482;6;3;6_3;0.6515315201900631;7;6_3;SR_1_SM_0;0.9442653773838302
1744.4147887302424;1668.5153554981323;6;3;6_3;0.6527531588128669;7;6_3;SR_1_SM_0;0.9442653773838302
1744.414369974452;1674.8590824854166;6;3;6_3;0.6539747974356707;7;6_3;SR_1_SM_0;0.9442653773838302
1738.070224231377;1681.2023907169105;6;3;6_3;0.6557024553443586;7;6_3;SR_1_SM_0;0.9442653773838302
1731.7260784883026;1687.545698948404;6;3;6_3;0.6574301132530465;7;6_3;SR_1_SM_0;0.9442653773838302
1725.3819327452277;1693.8890071798976;6;3;6_3;0.6591577711617344;7;6_3;SR_1_SM_0;0.9442653773838302
1719.0377870021532;1700.2323154113913;6;3;6_3;0.6608854290704222;7;6_3;SR_1_SM_0;0.9442653773838302
1712.6936412590785;1706.575623642885;6;3;6_3;0.6626130869791101;7;6_3;SR_1_SM_0;0.9442653773838302
1706.3494955160038;1712.9189318743786;6;3;6_3;0.664340744887798;7;6_3;SR_1_SM_0;0.9442653773838302
1700.0053497729289;1719.2622401058725;6;3;6_3;0.6660684027964858;7;6_3;SR_1_SM_0;0.9442653773838302
1693.6612040298544;1725.605548337366;6;3;6_3;0.6677960607051737;7;6_3;SR_1_SM_0;0.9442653773838302
1687.31747704257;1725.6051295815753;6;3;6_3;0.6690176993279775;7;6_3;SR_1_SM_0;0.9442653773838302
1680.9733312994954;1731.948437813069;6;3;6_3;0.6707453572366654;7;6_3;SR_1_SM_0;0.9442653773838302
1674.629604312211;1731.9480190572783;6;3;6_3;0.6719669958594692;7;6_3;SR_1_SM_0;0.9442653773838302
1668.2854585691366;1738.2913272887722;6;3;6_3;0.6736946537681571;7;6_3;SR_1_SM_0;0.9442653773838302
1661.9413128260617;1744.634635520266;6;3;6_3;0.675422311676845;7;6_3;SR_1_SM_0;0.9442653773838302
1655.5971670829872;1750.9779437517595;6;3;6_3;0.6771499695855328;7;6_3;SR_1_SM_0;0.9442653773838302
1649.253440095703;1750.977524995969;6;3;6_3;0.6783716082083365;7;6_3;SR_1_SM_0;0.9442653773838302
1642.9092943526282;1757.3208332274626;6;3;6_3;0.6800992661170244;7;6_3;SR_1_SM_0;0.9442653773838302
1636.5651486095535;1763.6641414589562;6;3;6_3;0.6818269240257123;7;6_3;SR_1_SM_0;0.9442653773838302
1630.2214216222694;1763.6637227031658;6;3;6_3;0.683048562648516;7;6_3;SR_1_SM_0;0.9442653773838302
1623.8772758791947;1770.0070309346595;6;3;6_3;0.6847762205572039;7;6_3;SR_1_SM_0;0.9442653773838302
1617.5335488919104;1770.0066121788689;6;3;6_3;0.6859978591800077;7;6_3;SR_1_SM_0;0.9442653773838302
1611.189403148836;1776.3499204103623;6;3;6_3;0.6877255170886956;7;6_3;SR_1_SM_0;0.9442653773838302
1604.8456761615516;1776.349501654572;6;3;6_3;0.6889471557114993;7;6_3;SR_1_SM_0;0.9442653773838302
1598.5019491742676;1776.3490828987815;6;3;6_3;0.690168794334303;7;6_3;SR_1_SM_0;0.9442653773838302
1592.1582221869833;1776.348664142991;6;3;6_3;0.6913904329571068;7;6_3;SR_1_SM_0;0.9442653773838302
1585.8144951996992;1776.3482453872004;6;3;6_3;0.6926120715799106;7;6_3;SR_1_SM_0;0.9442653773838302
1579.470768212415;1776.34782663141;6;3;6_3;0.6938337102027142;7;6_3;SR_1_SM_0;0.9442653773838302
1573.1270412251308;1776.3474078756194;6;3;6_3;0.695055348825518;7;6_3;SR_1_SM_0;0.9442653773838302
1566.782895482056;1782.690716107113;6;3;6_3;0.696783006734206;7;6_3;SR_1_SM_0;0.9442653773838302
1560.4391684947718;1782.6902973513224;6;3;6_3;0.6980046453570097;7;6_3;SR_1_SM_0;0.9442653773838302
1554.0950227516971;1789.033605582816;6;3;6_3;0.6997323032656976;7;6_3;SR_1_SM_0;0.9442653773838302
1547.751295764413;1789.0331868270257;6;3;6_3;0.7009539418885014;8;6_3;SR_1_SM_0;0.7999999999999999
1541.407150021338;1795.3764950585194;6;3;6_3;0.7026815997971892;8;6_3;SR_1_SM_0;0.7999999999999999
1535.063423034054;1795.376076302729;6;3;6_3;0.7039032384199929;8;6_3;SR_1_SM_0;0.7999999999999999
1528.7196960467695;1795.3756575469383;6;3;6_3;0.7051248770427968;8;6_3;SR_1_SM_0;0.7999999999999999
1522.3759690594857;1795.3752387911477;6;3;6_3;0.7063465156656005;8;6_3;SR_1_SM_0;0.7999999999999999
1516.0322420722014;1795.3748200353573;6;3;6_3;0.7075681542884044;8;6_3;SR_1_SM_0;0.7999999999999999
1509.6885150849173;1795.3744012795669;6;3;6_3;0.7087897929112081;8;6_3;SR_1_SM_0;0.7999999999999999
1503.3447880976332;1795.3739825237762;6;3;6_3;0.7100114315340118;8;6_3;SR_1_SM_0;0.7999999999999999
1497.0006423545583;1801.71729075527;6;3;6_3;0.7117390894426997;8;6_3;SR_1_SM_0;0.7999999999999999
1490.6569153672745;1801.7168719994795;6;3;6_3;0.7129607280655035;8;6_3;SR_1_SM_0;0.7999999999999999
1484.3131883799902;1801.7164532436889;6;3;6_3;0.7141823666883073;8;6_3;SR_1_SM_0;0.7999999999999999
1477.969461392706;1801.7160344878985;6;3;6_3;0.715404005311111;8;6_3;SR_1_SM_0;0.7999999999999999
1471.6257344054218;1801.715615732108;6;3;6_3;0.7166256439339148;8;6_3;SR_1_SM_0;0.7999999999999999
1465.2820074181377;1801.7151969763167;6;3;6_3;0.7178472825567186;8;6_3;SR_1_SM_0;0.7999999999999999
1458.9382804308534;1801.7147782205268;6;3;6_3;0.7190689211795224;8;6_3;SR_1_SM_0;0.7999999999999999
1452.594553443569;1801.714359464736;6;3;6_3;0.7202905598023261;8;6_3;SR_1_SM_0;0.7999999999999999
1446.250826456285;1801.7139407089455;6;3;6_3;0.7215121984251299;8;6_3;SR_1_SM_0;0.7999999999999999
1439.907099469001;1801.7135219531551;6;3;6_3;0.7227338370479336;8;6_3;SR_1_SM_0;0.7999999999999999
1433.563372481717;1801.7131031973647;6;3;6_3;0.7239554756707374;8;6_3;SR_1_SM_0;0.7999999999999999
1427.2196454944326;1801.712684441574;6;3;6_3;0.7251771142935411;8;6_3;SR_1_SM_0;0.7999999999999999
1420.8759185071483;1801.712265685784;6;3;6_3;0.7263987529163449;8;6_3;SR_1_SM_0;0.7999999999999999
1414.5321915198642;1801.711846929993;6;3;6_3;0.7276203915391486;8;6_3;SR_1_SM_0;0.7999999999999999
1408.18846453258;1801.7114281742024;6;3;6_3;0.7288420301619525;8;6_3;SR_1_SM_0;0.7999999999999999
1401.844737545296;1801.711009418412;6;3;6_3;0.7300636687847561;8;6_3;SR_1_SM_0;0.7999999999999999
1395.5010105580116;1801.7105906626216;6;3;6_3;0.7312853074075599;8;6_3;SR_1_SM_0;0.7999999999999999
1389.1572835707277;1801.710171906831;6;3;6_3;0.7325069460303636;8;6_3;SR_1_SM_0;0.7999999999999999
1382.8135565834432;1801.7097531510408;6;3;6_3;0.7337285846531675;8;6_3;SR_1_SM_0;0.7999999999999999
1376.4698295961591;1801.70933439525;6;3;6_3;0.7349502232759713;8;6_3;SR_1_SM_0;0.7999999999999999
1370.126102608875;1801.7089156394595;6;3;6_3;0.736171861898775;8;6_3;SR_1_SM_0;0.7999999999999999
1363.7823756215907;1801.7084968836689;6;3;6_3;0.7373935005215788;8;6_3;SR_1_SM_0;0.7999999999999999
1357.438648634307;1801.7080781278785;6;3;6_3;0.7386151391443825;8;6_3;SR_1_SM_0;0.7999999999999999
1351.0949216470224;1801.707659372088;6;3;6_3;0.7398367777671864;8;6_3;SR_1_SM_0;0.7999999999999999
1344.7511946597383;1801.7072406162972;6;3;6_3;0.7410584163899901;8;6_3;SR_1_SM_0;0.7999999999999999
1338.407467672454;1801.7068218605068;6;3;6_3;0.7422800550127938;8;6_3;SR_1_SM_0;0.7999999999999999
1332.06374068517;1801.7064031047164;6;3;6_3;0.7435016936355976;8;6_3;SR_1_SM_0;0.7999999999999999
1325.7200136978856;1801.7059843489255;6;3;6_3;0.7447233322584014;8;6_3;SR_1_SM_0;0.7999999999999999
1319.3762867106016;1801.7055655931356;6;3;6_3;0.7459449708812051;8;6_3;SR_1_SM_0;0.7999999999999999
1313.0325597233173;1801.7051468373447;6;3;6_3;0.7471666095040089;8;6_3;SR_1_SM_0;0.7999999999999999
1306.6888327360332;1801.7047280815543;6;3;6_3;0.7483882481268127;8;6_3;SR_1_SM_0;0.7999999999999999
1300.345105748749;1801.704309325764;6;3;6_3;0.7496098867496165;8;6_3;SR_1_SM_0;0.7999999999999999
1294.0013787614648;1801.7038905699733;6;3;6_3;0.7508315253724201;8;6_3;SR_1_SM_0;0.7999999999999999
1287.6576517741803;1801.7034718141824;6;3;6_3;0.752053163995224;8;6_3;SR_1_SM_0;0.7999999999999999
1281.3139247868965;1801.703053058392;6;3;6_3;0.7532748026180277;8;6_3;SR_1_SM_0;0.7999999999999999
1274.9701977996122;1801.7026343026016;6;3;6_3;0.7544964412408316;8;6_3;SR_1_SM_0;0.7999999999999999
1268.626470812328;1801.7022155468112;6;3;6_3;0.7557180798636353;8;6_3;SR_1_SM_0;0.7999999999999999
1262.2827438250438;1801.7017967910208;6;3;6_3;0.756939718486439;8;6_3;SR_1_SM_0;0.7999999999999999
1255.9390168377597;1801.7013780352304;6;3;6_3;0.7581613571092428;8;6_3;SR_1_SM_0;0.7999999999999999
1249.5952898504754;1801.7009592794395;6;3;6_3;0.7593829957320466;8;6_3;SR_1_SM_0;0.7999999999999999
1243.251562863191;1801.700540523649;6;3;6_3;0.7606046343548503;8;6_3;SR_1_SM_0;0.7999999999999999
1236.9078358759073;1801.7001217678585;6;3;6_3;0.761826272977654;8;6_3;SR_1_SM_0;0.7999999999999999
1230.564108888623;1801.699703012068;6;3;6_3;0.7630479116004578;8;6_3;SR_1_SM_0;0.7999999999999999
1224.220381901339;1801.6992842562772;6;3;6_3;0.7642695502232616;8;6_3;SR_1_SM_0;0.7999999999999999
1217.8766549140546;1801.698865500487;6;3;6_3;0.7654911888460654;8;6_3;SR_1_SM_0;0.7999999999999999
1211.5329279267703;1801.6984467446964;6;3;6_3;0.7667128274688692;8;6_3;SR_1_SM_0;0.7999999999999999
1205.1892009394862;1801.698027988906;6;3;6_3;0.7679344660916729;8;6_3;SR_1_SM_0;0.7999999999999999
1198.8454739522022;1801.6976092331156;6;3;6_3;0.7691561047144767;8;6_3;SR_1_SM_0;0.7999999999999999
1192.501746964918;1801.697190477325;6;3;6_3;0.7703777433372805;8;6_3;SR_1_SM_0;0.7999999999999999
1186.1580199776338;1801.6967717215343;6;3;6_3;0.7715993819600843;8;6_3;SR_1_SM_0;0.7999999999999999
1179.8142929903497;1801.696352965744;6;3;6_3;0.772821020582888;8;6_3;SR_1_SM_0;0.7999999999999999
1173.4705660030654;1801.6959342099533;6;3;6_3;0.7740426592056918;8;6_3;SR_1_SM_0;0.7999999999999999
1167.1268390157811;1801.695515454163;6;3;6_3;0.7752642978284955;8;6_3;SR_1_SM_0;0.7999999999999999
1160.783112028497;1801.6950966983725;6;3;6_3;0.7764859364512993;8;6_3;SR_1_SM_0;0.7999999999999999
1154.4393850412127;1801.6946779425816;6;3;6_3;0.777707575074103;8;6_3;SR_1_SM_0;0.7999999999999999
1148.095658053929;1801.6942591867912;6;3;6_3;0.7789292136969068;8;6_3;SR_1_SM_0;0.7999999999999999
1141.7519310666444;1801.6938404310008;6;3;6_3;0.7801508523197106;8;6_3;SR_1_SM_0;0.7999999999999999
1135.4082040793603;1801.6934216752104;6;3;6_3;0.7813724909425144;8;6_3;SR_1_SM_0;0.7999999999999999
1129.064477092076;1801.69300291942;6;3;6_3;0.7825941295653182;8;6_3;SR_1_SM_0;0.7999999999999999
1122.720750104792;1801.692584163629;6;3;6_3;0.7838157681881219;8;6_3;SR_1_SM_0;0.7999999999999999
1116.3770231175076;1801.6921654078387;6;3;6_3;0.7850374068109257;8;6_3;SR_1_SM_0;0.7999999999999999
1110.0332961302236;1801.691746652048;6;3;6_3;0.7862590454337295;8;6_3;SR_1_SM_0;0.7999999999999999
1103.6895691429395;1801.6913278962577;6;3;6_3;0.7874806840565333;8;6_3;SR_1_SM_0;0.7999999999999999
1097.3458421556552;1801.690909140467;6;3;6_3;0.788702322679337;8;6_3;SR_1_SM_0;0.7999999999999999
1091.0021151683711;1801.6904903846769;6;3;6_3;0.7899239613021406;8;6_3;SR_1_SM_0;0.7999999999999999
1084.6583881810868;1801.690071628886;6;3;6_3;0.7911455999249444;8;6_3;SR_1_SM_0;0.7999999999999999
1078.3146611938027;1801.689652873096;6;3;6_3;0.7923672385477482;8;6_3;SR_1_SM_0;0.7999999999999999
1071.9709342065185;1801.689234117305;6;3;6_3;0.7935888771705519;8;6_3;SR_1_SM_0;0.7999999999999999
1065.6272072192344;1801.6888153615143;6;3;6_3;0.7948105157933557;8;6_3;SR_1_SM_0;0.7999999999999999
1059.28348023195;1801.688396605724;6;3;6_3;0.7960321544161594;8;6_3;SR_1_SM_0;0.7999999999999999
1052.939753244666;1801.6879778499333;6;3;6_3;0.7972537930389632;8;6_3;SR_1_SM_0;0.7999999999999999
1046.5960262573817;1801.687559094143;6;3;6_3;0.7984754316617669;8;6_3;SR_1_SM_0;0.7999999999999999
1040.2522992700976;1801.6871403383525;6;3;6_3;0.7996970702845709;8;6_3;SR_1_SM_0;0.7999999999999999
1033.908572282813;1801.6867215825616;6;3;6_3;0.8009187089073747;9;;brak;
1027.5648452955293;1801.6863028267717;6;3;6_3;0.8021403475301785;9;;brak;
1021.221118308245;1801.6858840709808;6;3;6_3;0.8033619861529823;9;;brak;
1014.8773913209608;1801.6854653151904;6;3;6_3;0.8045836247757859;9;;brak;
1008.5336643336766;1801.6850465594;6;3;6_3;0.8058052633985897;9;;brak;
1002.1899373463924;1801.6846278036087;6;3;6_3;0.8070269020213935;9;;brak;
995.8462103591082;1801.6842090478187;6;3;6_3;0.8082485406441973;9;;brak;
989.5024833718242;1801.6837902920283;6;3;6_3;0.8094701792670009;9;;brak;
983.15875638454;1801.6833715362377;6;3;6_3;0.8106918178898046;9;;brak;
976.8150293972558;1801.682952780447;6;3;6_3;0.8119134565126084;9;;brak;
970.4713024099716;1801.682534024657;6;3;6_3;0.8131350951354122;9;;brak;
964.1275754226874;1801.6821152688665;6;3;6_3;0.8143567337582159;9;;brak;
957.7838484354032;1801.681696513076;6;3;6_3;0.8155783723810197;9;;brak;
951.440121448119;1801.681277757285;6;3;6_3;0.8168000110038235;9;;brak;
945.096394460835;1801.6808590014944;6;3;6_3;0.8180216496266273;9;;brak;
938.7526674735508;1801.680440245704;6;3;6_3;0.819243288249431;9;;brak;
932.4089404862666;1801.680021489913;6;3;6_3;0.8204649268722348;9;;brak;
926.0652134989824;1801.679602734123;6;3;6_3;0.8216865654950386;9;;brak;
919.7214865116982;1801.6791839783325;6;3;6_3;0.8229082041178424;9;;brak;
913.377759524414;1801.6787652225416;6;3;6_3;0.8241298427406462;9;;brak;
907.03403253713;1801.6783464667517;6;3;6_3;0.8253514813634498;9;;brak;
900.6903055498456;1801.6779277109608;6;3;6_3;0.8265731199862536;9;;brak;
894.3465785625615;1801.6775089551704;6;3;6_3;0.8277947586090574;9;;brak;
888.0028515752772;1801.67709019938;6;3;6_3;0.8290163972318614;9;;brak;
881.6591245879931;1801.6766714435892;6;3;6_3;0.8302380358546652;9;;brak;
875.3153976007088;1801.6762526877988;6;3;6_3;0.8314596744774689;9;;brak;
868.9716706134247;1801.6758339320083;6;3;6_3;0.8326813131002727;9;;brak;
862.6279436261404;1801.6754151762177;6;3;6_3;0.8339029517230764;9;;brak;
856.2842166388564;1801.6749964204275;6;3;6_3;0.8351245903458802;9;;brak;
849.9404896515721;1801.674577664637;6;3;6_3;0.8363462289686839;9;;brak;
843.596762664288;1801.6741589088465;6;3;6_3;0.8375678675914877;9;;brak;
837.2530356770037;1801.673740153056;6;3;6_3;0.8387895062142915;9;;brak;
830.9093086897196;1801.6733213972648;6;3;6_3;0.8400111448370953;9;;brak;
824.5655817024356;1801.6729026414744;6;3;6_3;0.841232783459899;9;;brak;
818.2218547151513;1801.672483885684;6;3;6_3;0.8424544220827028;9;;brak;
811.8781277278672;1801.6720651298936;6;3;6_3;0.8436760607055066;9;;brak;
805.5344007405829;1801.6716463741031;6;3;6_3;0.8448976993283104;9;;brak;
799.1906737532988;1801.6712276183123;6;3;6_3;0.8461193379511142;9;;brak;
792.8469467660145;1801.670808862522;6;3;6_3;0.8473409765739179;9;;brak;
786.5032197787305;1801.6703901067317;6;3;6_3;0.8485626151967215;9;;brak;
780.1594927914462;1801.669971350941;6;3;6_3;0.8497842538195253;9;;brak;
773.8157658041619;1801.6695525951504;6;3;6_3;0.851005892442329;9;;brak;
767.4720388168778;1801.66913383936;6;3;6_3;0.8522275310651328;9;;brak;
761.1283118295937;1801.6687150835692;6;3;6_3;0.8534491696879366;9;;brak;
754.7845848423094;1801.668296327779;6;3;6_3;0.8546708083107403;9;;brak;
748.4408578550253;1801.6678775719884;6;3;6_3;0.855892446933544;9;;brak;
742.097130867741;1801.667458816198;6;3;6_3;0.8571140855563478;9;;brak;
735.753403880457;1801.6670400604075;6;3;6_3;0.8583357241791516;9;;brak;
729.4096768931727;1801.666621304617;6;3;6_3;0.8595573628019554;9;;brak;
723.0659499058886;1801.6662025488265;6;3;6_3;0.8607790014247592;9;;brak;
716.7222229186043;1801.665783793036;6;3;6_3;0.8620006400475629;9;;brak;
710.3784959313202;1801.6653650372448;6;3;6_3;0.8632222786703667;9;;brak;
704.0347689440359;1801.6649462814548;6;3;6_3;0.8644439172931705;9;;brak;
697.6910419567519;1801.664527525664;6;3;6_3;0.8656655559159743;9;;brak;
691.3473149694676;1801.6641087698736;6;3;6_3;0.866887194538778;9;;brak;
685.0035879821835;1801.6636900140832;6;3;6_3;0.8681088331615818;9;;brak;
678.6598609948992;1801.6632712582928;6;3;6_3;0.8693304717843855;9;;brak;
672.3161340076151;1801.662852502502;6;3;6_3;0.8705521104071893;9;;brak;
665.9724070203308;1801.662433746712;6;3;6_3;0.871773749029993;9;;brak;
659.6286800330467;1801.662014990921;6;3;6_3;0.8729953876527968;9;;brak;
653.2849530457624;1801.661596235131;6;3;6_3;0.8742170262756006;9;;brak;
646.9412260584784;1801.66117747934;6;3;6_3;0.8754386648984044;9;;brak;
640.5974990711941;1801.6607587235496;6;3;6_3;0.8766603035212082;9;;brak;
634.25377208391;1801.660339967759;6;3;6_3;0.8778819421440119;9;;brak;
627.9100450966259;1801.6599212119688;6;3;6_3;0.8791035807668157;9;;brak;
621.5663181093416;1801.659502456178;6;3;6_3;0.8803252193896195;9;;brak;
615.2225911220576;1801.659083700388;6;3;6_3;0.8815468580124233;9;;brak;
608.8788641347733;1801.658664944597;6;3;6_3;0.882768496635227;9;;brak;
602.5351371474892;1801.6582461888063;6;3;6_3;0.8839901352580307;9;;brak;
596.1914101602049;1801.657827433016;6;3;6_3;0.8852117738808345;9;;brak;
589.8476831729208;1801.6574086772252;6;3;6_3;0.8864334125036383;9;;brak;
583.5039561856365;1801.6569899214348;6;3;6_3;0.887655051126442;9;;brak;
577.1602291983525;1801.6565711656444;6;3;6_3;0.8888766897492458;9;;brak;
570.8165022110682;1801.6561524098536;6;3;6_3;0.8900983283720496;9;;brak;
564.4727752237841;1801.6557336540636;6;3;6_3;0.8913199669948534;9;;brak;
558.1290482364998;1801.6553148982728;6;3;6_3;0.8925416056176572;9;;brak;
551.7853212492157;1801.6548961424824;6;3;6_3;0.8937632442404609;9;;brak;
545.4415942619314;1801.654477386692;6;3;6_3;0.8949848828632647;9;;brak;
539.0978672746473;1801.654058630901;6;3;6_3;0.8962065214860685;9;;brak;
532.754140287363;1801.653639875111;6;3;6_3;0.8974281601088723;9;;brak;
526.410413300079;1801.6532211193205;6;3;6_3;0.8986497987316759;9;;brak;
520.0666863127947;1801.6528023635296;6;3;6_3;0.8998714373544797;9;;brak;
513.7229593255106;1801.6523836077392;6;3;6_3;0.9010930759772835;10;6_3;SR_0_SM_0;1.0
507.3792323382264;1801.6519648519488;6;3;6_3;0.9023147146000873;10;6_3;SR_0_SM_0;1.0
501.0355053509422;1801.6515460961584;6;3;6_3;0.903536353222891;10;6_3;SR_0_SM_0;1.0
494.6917783636581;1801.651127340368;6;3;6_3;0.9047579918456948;10;6_3;SR_0_SM_0;1.0
488.3480513763739;1801.6507085845767;6;3;6_3;0.9059796304684986;10;6_3;SR_0_SM_0;1.0
482.0043243890897;1801.6502898287863;6;3;6_3;0.9072012690913024;10;6_3;SR_0_SM_0;1.0
475.6605974018056;1801.649871072996;6;3;6_3;0.9084229077141062;10;6_3;SR_0_SM_0;1.0
469.31687041452136;1801.6494523172053;6;3;6_3;0.9096445463369099;10;6_3;SR_0_SM_0;1.0
462.9731434272372;1801.649033561415;6;3;6_3;0.9108661849597137;10;6_3;SR_0_SM_0;1.0
456.629416439953;1801.6486148056244;6;3;6_3;0.9120878235825175;10;6_3;SR_0_SM_0;1.0
450.2856894526688;1801.648196049834;6;3;6_3;0.9133094622053212;10;6_3;SR_0_SM_0;1.0
443.9419624653846;1801.6477772940436;6;3;6_3;0.9145311008281249;10;6_3;SR_0_SM_0;1.0
437.5982354781004;1801.6473585382528;6;3;6_3;0.9157527394509287;10;6_3;SR_0_SM_0;1.0
431.25450849081625;1801.6469397824624;6;3;6_3;0.9169743780737325;10;6_3;SR_0_SM_0;1.0
424.91078150353206;1801.646521026672;6;3;6_3;0.9181960166965363;10;6_3;SR_0_SM_0;1.0
418.5670545162479;1801.646102270881;6;3;6_3;0.91941765531934;10;6_3;SR_0_SM_0;1.0
412.2233275289637;1801.6456835150907;6;3;6_3;0.9206392939421438;10;6_3;SR_0_SM_0;1.0
405.8796005416795;1801.6452647593003;6;3;6_3;0.9218609325649476;10;6_3;SR_0_SM_0;1.0
399.5358735543953;1801.6448460035097;6;3;6_3;0.9230825711877514;10;6_3;SR_0_SM_0;1.0
393.1921465671112;1801.6444272477192;6;3;6_3;0.9243042098105552;10;6_3;SR_0_SM_0;1.0
386.84841957982695;1801.6440084919288;6;3;6_3;0.9255258484333589;10;6_3;SR_0_SM_0;1.0
380.5046925925428;1801.6435897361384;6;3;6_3;0.9267474870561625;10;6_3;SR_0_SM_0;1.0
374.1609656052586;1801.643170980348;6;3;6_3;0.9279691256789663;10;6_3;SR_0_SM_0;1.0
367.8172386179744;1801.6427522245567;6;3;6_3;0.9291907643017701;10;6_3;SR_0_SM_0;1.0
361.4735116306903;1801.6423334687663;6;3;6_3;0.9304124029245738;10;6_3;SR_0_SM_0;1.0
355.12978464340614;1801.641914712976;6;3;6_3;0.9316340415473776;10;6_3;SR_0_SM_0;1.0
348.78605765612195;1801.6414959571853;6;3;6_3;0.9328556801701814;10;6_3;SR_0_SM_0;1.0
342.44233066883777;1801.641077201395;6;3;6_3;0.9340773187929851;10;6_3;SR_0_SM_0;1.0
336.0986036815536;1801.6406584456045;6;3;6_3;0.9352989574157888;10;6_3;SR_0_SM_0;1.0
329.7548766942694;1801.640239689814;6;3;6_3;0.9365205960385926;10;6_3;SR_0_SM_0;1.0
323.4111497069852;1801.6398209340236;6;3;6_3;0.9377422346613964;10;6_3;SR_0_SM_0;1.0
317.067422719701;1801.639402178233;6;3;6_3;0.9389638732842002;10;6_3;SR_0_SM_0;1.0
310.72369573241684;1801.6389834224424;6;3;6_3;0.940185511907004;10;6_3;SR_0_SM_0;1.0
304.37996874513266;1801.638564666652;6;3;6_3;0.9414071505298077;10;6_3;SR_0_SM_0;1.0
298.0362417578485;1801.638145910861;6;3;6_3;0.9426287891526115;10;6_3;SR_0_SM_0;1.0
291.6925147705643;1801.637727155071;6;3;6_3;0.9438504277754153;10;6_3;SR_0_SM_0;1.0
285.3487877832801;1801.6373083992803;6;3;6_3;0.9450720663982191;10;6_3;SR_0_SM_0;1.0
279.0050607959959;1801.63688964349;6;3;6_3;0.946293705021023;10;6_3;SR_0_SM_0;1.0
272.66133380871173;1801.6364708876995;6;3;6_3;0.9475153436438267;10;6_3;SR_0_SM_0;1.0
266.31760682142755;1801.6360521319089;6;3;6_3;0.9487369822666305;10;6_3;SR_0_SM_0;1.0
259.97387983414336;1801.6356333761184;6;3;6_3;0.9499586208894343;10;6_3;SR_0_SM_0;1.0
253.63015284685923;1801.635214620328;6;3;6_3;0.9511802595122378;10;6_3;SR_0_SM_0;1.0
247.28642585957505;1801.6347958645367;6;3;6_3;0.9524018981350416;10;6_3;SR_0_SM_0;1.0
240.9426988722909;1801.6343771087468;6;3;6_3;0.9536235367578454;10;6_3;SR_0_SM_0;1.0
234.59897188500668;1801.633958352956;6;3;6_3;0.9548451753806492;10;6_3;SR_0_SM_0;1.0
228.2552448977225;1801.6335395971655;6;3;6_3;0.956066814003453;10;6_3;SR_0_SM_0;1.0
221.9115179104383;1801.633120841375;6;3;6_3;0.9572884526262567;10;6_3;SR_0_SM_0;1.0
215.5677909231541;1801.6327020855847;6;3;6_3;0.9585100912490605;10;6_3;SR_0_SM_0;1.0
209.22406393586996;1801.632283329794;6;3;6_3;0.9597317298718643;10;6_3;SR_0_SM_0;1.0
202.88033694858572;1801.631864574004;6;3;6_3;0.9609533684946681;10;6_3;SR_0_SM_0;1.0
196.5366099613016;1801.631445818213;6;3;6_3;0.9621750071174718;10;6_3;SR_0_SM_0;1.0
190.19288297401744;1801.6310270624224;6;3;6_3;0.9633966457402755;10;6_3;SR_0_SM_0;1.0
183.84915598673325;1801.630608306632;6;3;6_3;0.9646182843630793;10;6_3;SR_0_SM_0;1.0
177.50542899944907;1801.6301895508416;6;3;6_3;0.9658399229858831;10;6_3;SR_0_SM_0;1.0
171.16170201216488;1801.629770795051;6;3;6_3;0.9670615616086868;10;6_3;SR_0_SM_0;1.0
164.8179750248807;1801.6293520392603;6;3;6_3;0.9682832002314906;10;6_3;SR_0_SM_0;1.0
158.4742480375965;1801.62893328347;6;3;6_3;0.9695048388542944;10;6_3;SR_0_SM_0;1.0
152.13052105031232;1801.6285145276795;6;3;6_3;0.9707264774770982;10;6_3;SR_0_SM_0;1.0
145.78679406302814;1801.6280957718889;6;3;6_3;0.971948116099902;10;6_3;SR_0_SM_0;1.0
139.44306707574395;1801.6276770160985;6;3;6_3;0.9731697547227057;10;6_3;SR_0_SM_0;1.0
133.09934008845977;1801.627258260308;6;3;6_3;0.9743913933455095;10;6_3;SR_0_SM_0;1.0
126.75561310117558;1801.6268395045172;6;3;6_3;0.9756130319683133;10;6_3;SR_0_SM_0;1.0
120.41188611389146;1801.6264207487268;6;3;6_3;0.9768346705911171;10;6_3;SR_0_SM_0;1.0
114.06815912660728;1801.6260019929364;6;3;6_3;0.9780563092139207;10;6_3;SR_0_SM_0;1.0
107.72443213932308;1801.6255832371455;6;3;6_3;0.9792779478367245;10;6_3;SR_0_SM_0;1.0
101.3807051520389;1801.6251644813556;6;3;6_3;0.9804995864595283;10;6_3;SR_0_SM_0;1.0
95.03697816475471;1801.6247457255647;6;3;6_3;0.9817212250823321;10;6_3;SR_0_SM_0;1.0
88.69325117747053;1801.6243269697743;6;3;6_3;0.9829428637051358;10;6_3;SR_0_SM_0;1.0
82.34952419018634;1801.623908213984;6;3;6_3;0.9841645023279396;10;6_3;SR_0_SM_0;1.0
76.00579720290216;1801.6234894581933;6;3;6_3;0.9853861409507436;10;6_3;SR_0_SM_0;1.0
69.66207021561797;1801.6230707024024;6;3;6_3;0.9866077795735473;10;6_3;SR_0_SM_0;1.0
63.31834322833379;1801.622651946612;6;3;6_3;0.9878294181963511;10;6_3;SR_0_SM_0;1.0
56.97461624104966;1801.6222331908216;6;3;6_3;0.9890510568191547;10;6_3;SR_0_SM_0;1.0
50.630889253765474;1801.6218144350312;6;3;6_3;0.9902726954419585;10;6_3;SR_0_SM_0;1.0
44.28716226648129;1801.6213956792403;6;3;6_3;0.9914943340647623;10;6_3;SR_0_SM_0;1.0
37.943435279197104;1801.62097692345;6;3;6_3;0.992715972687566;10;6_3;SR_0_SM_0;1.0
31.59970829191292;1801.6205581676595;6;3;6_3;0.9939376113103697;10;6_3;SR_0_SM_0;1.0
25.255981304628733;1801.620139411869;6;3;6_3;0.9951592499331737;10;6_3;SR_0_SM_0;1.0
18.912254317344548;1801.6197206560785;6;3;6_3;0.9963808885559775;10;6_3;SR_0_SM_0;1.0
12.568527330060364;1801.619301900288;6;3;6_3;0.9976025271787813;10;6_3;SR_0_SM_0;1.0
6.224800342776206;1801.6188831444972;6;3;6_3;0.9988241658015851;10;6_3;SR_0_SM_0;1.0
0.1189266445079511;1801.618464388707;6;3;6_3;1.0;10;6_3;SR_0_SM_0;1.0
0.0;0.0;7;1;7_1;0.0;1;;brak;
6.345462410672866;0.0031940030332862;7;1;7_1;0.0018402097796634486;1;;brak;
12.690924821345703;0.0063880060665724;7;1;7_1;0.003680419559326889;1;;brak;
19.03638723201854;0.0095820090998586;7;1;7_1;0.005520629338990329;1;;brak;
25.38184964269132;0.0127760121331448;7;1;7_1;0.007360839118653754;1;;brak;
31.72731205336416;0.015970015166431;7;1;7_1;0.009201048898317193;1;;brak;
38.072774464037;0.0191640181997172;7;1;7_1;0.011041258677980635;1;;brak;
44.41823687470984;0.0223580212330034;7;1;7_1;0.012881468457644075;1;;brak;
50.76369928538267;0.0255520242662896;7;1;7_1;0.014721678237307514;1;;brak;
57.10916169605551;0.0287460272998032;7;1;7_1;0.016561888016970956;1;;brak;
63.45462410672829;0.0319400303330894;7;1;7_1;0.01840209779663438;1;;brak;
69.80008651740113;0.0351340333663756;7;1;7_1;0.02024230757629782;1;;brak;
76.14554892807396;0.0383280363996618;7;1;7_1;0.02208251735596126;1;;brak;
82.48781733571352;6.386984450105729;7;1;7_1;0.02468496698397289;1;;brak;
88.83327974638635;6.390178453139015;7;1;7_1;0.02652517676363633;1;;brak;
95.17554815402583;12.738834866845307;7;1;7_1;0.029127626391647992;1;;brak;
101.52101056469864;12.742028869878595;7;1;7_1;0.030967836171311422;1;;brak;
107.86647297537148;12.74522287291188;7;1;7_1;0.03280804595097486;1;;brak;
114.2119353860443;12.748416875945168;7;1;7_1;0.0346482557306383;1;;brak;
120.55739779671714;12.751610878978454;7;1;7_1;0.03648846551030174;1;;brak;
126.90286020738998;12.75480488201174;7;1;7_1;0.03832867528996518;1;;brak;
133.24832261806282;12.757998885045026;7;1;7_1;0.04016888506962862;1;;brak;
139.5937850287356;12.761192888078313;7;1;7_1;0.042009094849292036;1;;brak;
145.93924743940843;12.7643868911116;7;1;7_1;0.043849304628955484;1;;brak;
152.28470985008127;12.767580894144883;7;1;7_1;0.04568951440861892;1;;brak;
158.6301722607541;12.770774897178171;7;1;7_1;0.04752972418828236;1;;brak;
164.97563467142697;12.773968900211456;7;1;7_1;0.0493699339679458;1;;brak;
171.32109708209973;12.777162903244744;7;1;7_1;0.05121014374760921;1;;brak;
177.66655949277256;12.78035690627803;7;1;7_1;0.05305035352727265;1;;brak;
184.0120219034454;12.783550909311316;7;1;7_1;0.054890563306936084;1;;brak;
190.35748431411824;12.786744912344602;7;1;7_1;0.056730773086599524;1;;brak;
196.6997527217578;19.13540132605067;7;1;7_1;0.05933322271461118;1;;brak;
203.04521513243063;19.138595329083955;7;1;7_1;0.06117343249427462;1;;brak;
209.3906775431034;19.14178933211724;7;1;7_1;0.06301364227393805;1;;brak;
215.73613995377625;19.144983335150528;7;1;7_1;0.06485385205360147;1;;brak;
222.08160236444908;19.14817733818381;7;1;7_1;0.06669406183326491;1;;brak;
228.42387077208863;25.49683375188988;7;1;7_1;0.06929651146127655;1;;brak;
234.76933318276147;25.500027754923167;7;1;7_1;0.07113672124093998;1;;brak;
241.1147955934343;25.503221757956453;7;1;7_1;0.07297693102060342;1;;brak;
247.4602580041071;25.50641576098974;7;1;7_1;0.07481714080026686;1;;brak;
253.80572041477996;25.509609764023025;7;1;7_1;0.0766573505799303;1;;brak;
260.1511828254529;25.51280376705654;7;1;7_1;0.07849756035959378;1;;brak;
266.4966452361257;25.515997770089825;7;1;7_1;0.0803377701392572;1;;brak;
272.84210764679847;25.51919177312311;7;1;7_1;0.08217797991892063;1;;brak;
279.18757005747136;25.5223857761564;7;1;7_1;0.08401818969858409;1;;brak;
285.52983846511086;31.871042189862465;7;1;7_1;0.08662063932659571;1;;brak;
291.8753008757837;31.87423619289575;7;1;7_1;0.08846084910625915;1;;brak;
298.22076328645653;31.87743019592904;7;1;7_1;0.09030105888592257;1;;brak;
304.5662256971293;31.880624198962323;7;1;7_1;0.092141268665586;1;;brak;
310.9116881078022;31.88381820199561;7;1;7_1;0.09398147844524947;1;;brak;
317.257150518475;31.887012205028896;7;1;7_1;0.0958216882249129;1;;brak;
323.6026129291479;31.89020620806218;7;1;7_1;0.09766189800457636;1;;brak;
329.94488133678726;38.23886262176848;7;1;7_1;0.100264347632588;2;7_1;SR_0_SM_0;0.013936631865084443
336.29034374746016;38.24205662480176;7;1;7_1;0.10210455741225147;2;7_1;SR_0_SM_0;0.013936631865084443
342.63261215509965;44.59071303850783;7;1;7_1;0.10470700704026308;2;7_1;SR_0_SM_0;0.013936631865084443
348.97807456577243;44.59390704154112;7;1;7_1;0.10654721681992649;2;7_1;SR_0_SM_0;0.013936631865084443
355.3235369764453;44.5971010445744;7;1;7_1;0.10838742659958996;2;7_1;SR_0_SM_0;0.013936631865084443
361.6689993871181;44.60029504760769;7;1;7_1;0.11022763637925338;2;7_1;SR_0_SM_0;0.013936631865084443
368.014461797791;44.603489050640974;7;1;7_1;0.11206784615891684;2;7_1;SR_0_SM_0;0.013936631865084443
374.3599242084638;44.60668305367426;7;1;7_1;0.11390805593858026;2;7_1;SR_0_SM_0;0.013936631865084443
380.7021926161033;50.95533946738033;7;1;7_1;0.11651050556659188;2;7_1;SR_0_SM_0;0.013936631865084443
387.04765502677617;50.95853347041361;7;1;7_1;0.11835071534625534;2;7_1;SR_0_SM_0;0.013936631865084443
393.39311743744895;50.9617274734469;7;1;7_1;0.12019092512591877;2;7_1;SR_0_SM_0;0.013936631865084443
399.7385798481218;50.964921476480185;7;1;7_1;0.1220311349055822;2;7_1;SR_0_SM_0;0.013936631865084443
406.0840422587946;50.96811547951347;7;1;7_1;0.12387134468524565;2;7_1;SR_0_SM_0;0.013936631865084443
412.4295046694674;50.97130948254676;7;1;7_1;0.12571155446490906;2;7_1;SR_0_SM_0;0.013936631865084443
418.771773077107;57.319965896252825;7;1;7_1;0.1283140040929207;2;7_1;SR_0_SM_0;0.013936631865084443
425.1172354877798;57.32315989928611;7;1;7_1;0.13015421387258413;2;7_1;SR_0_SM_0;0.013936631865084443
431.4595038954194;63.67181631299218;7;1;7_1;0.13275666350059578;2;7_1;SR_0_SM_0;0.013936631865084443
437.8049663060922;63.67501031602546;7;1;7_1;0.1345968732802592;2;7_1;SR_0_SM_0;0.013936631865084443
444.1504287167651;63.67820431905875;7;1;7_1;0.1364370830599227;2;7_1;SR_0_SM_0;0.013936631865084443
450.49589112743786;63.68139832209204;7;1;7_1;0.13827729283958606;2;7_1;SR_0_SM_0;0.013936631865084443
456.83815953507735;70.03005473579833;7;1;7_1;0.14087974246759774;2;7_1;SR_0_SM_0;0.013936631865084443
463.1836219457503;70.03324873883184;7;1;7_1;0.14271995224726122;2;7_1;SR_0_SM_0;0.013936631865084443
469.529084356423;70.03644274186513;7;1;7_1;0.14456016202692462;2;7_1;SR_0_SM_0;0.013936631865084443
475.8713527640626;76.3850991555712;7;1;7_1;0.14716261165493627;2;7_1;SR_0_SM_0;0.013936631865084443
482.2168151747354;76.38829315860448;7;1;7_1;0.1490028214345997;2;7_1;SR_0_SM_0;0.013936631865084443
488.5622775854082;76.39148716163777;7;1;7_1;0.1508430312142631;2;7_1;SR_0_SM_0;0.013936631865084443
494.9045459930478;82.74014357534384;7;1;7_1;0.15344548084227475;2;7_1;SR_0_SM_0;0.013936631865084443
501.2500084037206;82.74333757837712;7;1;7_1;0.1552856906219382;2;7_1;SR_0_SM_0;0.013936631865084443
507.5922768113602;89.09199399208319;7;1;7_1;0.15788814024994982;2;7_1;SR_0_SM_0;0.013936631865084443
513.937739222033;89.09518799511648;7;1;7_1;0.15972835002961325;2;7_1;SR_0_SM_0;0.013936631865084443
520.2832016327059;89.09838199814976;7;1;7_1;0.1615685598092767;2;7_1;SR_0_SM_0;0.013936631865084443
526.6286640433786;89.10157600118305;7;1;7_1;0.1634087695889401;2;7_1;SR_0_SM_0;0.013936631865084443
532.9709324510181;95.45023241488911;7;1;7_1;0.16601121921695172;2;7_1;SR_0_SM_0;0.013936631865084443
539.316394861691;95.4534264179224;7;1;7_1;0.16785142899661515;2;7_1;SR_0_SM_0;0.013936631865084443
545.6586632693305;101.8020828316287;7;1;7_1;0.17045387862462685;2;7_1;SR_0_SM_0;0.013936631865084443
552.0041256800034;101.80527683466198;7;1;7_1;0.1722940884042903;2;7_1;SR_0_SM_0;0.013936631865084443
558.3463940876429;108.15393324836803;7;1;7_1;0.17489653803230193;2;7_1;SR_0_SM_0;0.013936631865084443
564.6918564983157;108.15712725140132;7;1;7_1;0.17673674781196536;2;7_1;SR_0_SM_0;0.013936631865084443
571.0341249059553;114.5057836651074;7;1;7_1;0.17933919743997698;2;7_1;SR_0_SM_0;0.013936631865084443
577.3795873166281;114.50897766814067;7;1;7_1;0.1811794072196404;2;7_1;SR_0_SM_0;0.013936631865084443
583.725049727301;114.51217167117396;7;1;7_1;0.18301961699930386;2;7_1;SR_0_SM_0;0.013936631865084443
590.0705121379738;114.51536567420726;7;1;7_1;0.18485982677896726;2;7_1;SR_0_SM_0;0.013936631865084443
596.4127805456133;120.86402208791333;7;1;7_1;0.18746227640697888;2;7_1;SR_0_SM_0;0.013936631865084443
602.7582429562862;120.8672160909466;7;1;7_1;0.18930248618664242;2;7_1;SR_0_SM_0;0.013936631865084443
609.1005113639256;127.21587250465268;7;1;7_1;0.19190493581465404;2;7_1;SR_0_SM_0;0.013936631865084443
615.4459737745985;127.21906650768597;7;1;7_1;0.19374514559431746;2;7_1;SR_0_SM_0;0.013936631865084443
621.7914361852713;127.22226051071924;7;1;7_1;0.1955853553739809;2;7_1;SR_0_SM_0;0.013936631865084443
628.1337045929109;133.57091692442555;7;1;7_1;0.19818780500199257;2;7_1;SR_0_SM_0;0.013936631865084443
634.4791670035837;133.57411092745883;7;1;7_1;0.20002801478165597;3;7_1;SR_0_SM_0;0.8764121925517872
640.8214354112231;139.9227673411649;7;1;7_1;0.20263046440966756;3;7_1;SR_0_SM_0;0.8764121925517872
647.166897821896;139.9259613441982;7;1;7_1;0.204470674189331;3;7_1;SR_0_SM_0;0.8764121925517872
653.5091662295355;146.27461775790425;7;1;7_1;0.20707312381734266;3;7_1;SR_0_SM_0;0.8764121925517872
659.8546286402084;146.27781176093754;7;1;7_1;0.20891333359700612;3;7_1;SR_0_SM_0;0.8764121925517872
666.2000910508812;146.28100576397105;7;1;7_1;0.21075354337666954;3;7_1;SR_0_SM_0;0.8764121925517872
672.5423594585207;152.62966217767712;7;1;7_1;0.21335599300468114;3;7_1;SR_0_SM_0;0.8764121925517872
678.8878218691935;152.6328561807104;7;1;7_1;0.2151962027843446;3;7_1;SR_0_SM_0;0.8764121925517872
685.230090276833;158.98151259441647;7;1;7_1;0.21779865241235621;3;7_1;SR_0_SM_0;0.8764121925517872
691.5755526875059;158.98470659744976;7;1;7_1;0.21963886219201964;3;7_1;SR_0_SM_0;0.8764121925517872
697.9178210951454;165.33336301115605;7;1;7_1;0.22224131182003132;3;7_1;SR_0_SM_0;0.8764121925517872
704.2632835058183;165.33655701418934;7;1;7_1;0.22408152159969488;3;7_1;SR_0_SM_0;0.8764121925517872
710.6055519134578;171.6852134278954;7;1;7_1;0.22668397122770648;3;7_1;SR_0_SM_0;0.8764121925517872
716.9510143241306;171.6884074309287;7;1;7_1;0.2285241810073699;3;7_1;SR_0_SM_0;0.8764121925517872
723.2932827317702;178.03706384463476;7;1;7_1;0.23112663063538155;3;7_1;SR_0_SM_0;0.8764121925517872
729.638745142443;178.04025784766804;7;1;7_1;0.23296684041504495;3;7_1;SR_0_SM_0;0.8764121925517872
735.9842075531159;178.04345185070133;7;1;7_1;0.2348070501947084;3;7_1;SR_0_SM_0;0.8764121925517872
742.3264759607554;184.3921082644074;7;1;7_1;0.23740949982272;3;7_1;SR_0_SM_0;0.8764121925517872
748.6719383714282;184.39530226744068;7;1;7_1;0.23924970960238343;3;7_1;SR_0_SM_0;0.8764121925517872
755.0142067790678;190.74395868114675;7;1;7_1;0.2418521592303951;3;7_1;SR_0_SM_0;0.8764121925517872
761.3596691897405;190.74715268418004;7;1;7_1;0.2436923690100585;3;7_1;SR_0_SM_0;0.8764121925517872
767.7019375973802;197.09580909788636;7;1;7_1;0.24629481863807018;3;7_1;SR_0_SM_0;0.8764121925517872
774.0474000080529;197.0990031009196;7;1;7_1;0.2481350284177336;3;7_1;SR_0_SM_0;0.8764121925517872
780.3896684156924;203.44765951462568;7;1;7_1;0.2507374780457452;3;7_1;SR_0_SM_0;0.8764121925517872
786.7351308263652;203.45085351765897;7;1;7_1;0.2525776878254086;3;7_1;SR_0_SM_0;0.8764121925517872
793.080593237038;203.45404752069223;7;1;7_1;0.25441789760507205;3;7_1;SR_0_SM_0;0.8764121925517872
799.4228616446775;209.80270393439832;7;1;7_1;0.25702034723308365;3;7_1;SR_0_SM_0;0.8764121925517872
805.7683240553505;209.8058979374316;7;1;7_1;0.25886055701274724;3;7_1;SR_0_SM_0;0.8764121925517872
812.11059246299;216.15455435113768;7;1;7_1;0.26146300664075883;3;7_1;SR_0_SM_0;0.8764121925517872
818.4560548736628;216.15774835417096;7;1;7_1;0.2633032164204223;3;7_1;SR_0_SM_0;0.8764121925517872
824.7983232813023;222.50640476787729;7;1;7_1;0.2659056660484339;3;7_1;SR_0_SM_0;0.8764121925517872
831.143785691975;222.50959877091051;7;1;7_1;0.2677458758280974;3;7_1;SR_0_SM_0;0.8764121925517872
837.4860540996148;228.8582551846166;7;1;7_1;0.27034832545610904;3;7_1;SR_0_SM_0;0.8764121925517872
843.8315165102875;228.8614491876499;7;1;7_1;0.27218853523577247;3;7_1;SR_0_SM_0;0.8764121925517872
850.173784917927;235.210105601356;7;1;7_1;0.27479098486378406;3;7_1;SR_0_SM_0;0.8764121925517872
856.5192473285998;235.21329960438925;7;1;7_1;0.2766311946434475;3;7_1;SR_0_SM_0;0.8764121925517872
862.8615157362393;241.5619560180953;7;1;7_1;0.2792336442714591;3;7_1;SR_0_SM_0;0.8764121925517872
869.2069781469123;241.56515002112883;7;1;7_1;0.28107385405112256;3;7_1;SR_0_SM_0;0.8764121925517872
875.5492465545518;247.9138064348349;7;1;7_1;0.2836763036791342;3;7_1;SR_0_SM_0;0.8764121925517872
881.8915149621913;254.2624628485412;7;1;7_1;0.28627875330714586;3;7_1;SR_0_SM_0;0.8764121925517872
888.2369773728641;254.26565685157448;7;1;7_1;0.2881189630868093;3;7_1;SR_0_SM_0;0.8764121925517872
894.5792457805036;260.61431326528054;7;1;7_1;0.2907214127148209;3;7_1;SR_0_SM_0;0.8764121925517872
900.9247081911766;260.61750726831383;7;1;7_1;0.29256162249448436;3;7_1;SR_0_SM_0;0.8764121925517872
907.266976598816;266.9661636820199;7;1;7_1;0.29516407212249607;3;7_1;SR_0_SM_0;0.8764121925517872
913.6124390094888;266.9693576850532;7;1;7_1;0.29700428190215944;3;7_1;SR_0_SM_0;0.8764121925517872
919.9547074171284;273.31801409875925;7;1;7_1;0.2996067315301711;3;7_1;SR_0_SM_0;0.8764121925517872
926.296975824768;279.6666705124653;7;1;7_1;0.30220918115818274;4;7_1;SR_0_SM_0;0.7502347417840376
932.6392442324076;286.0153269261716;7;1;7_1;0.30481163078619444;4;7_1;SR_0_SM_0;0.7502347417840376
938.9847066430804;286.0185209292049;7;1;7_1;0.3066518405658578;4;7_1;SR_0_SM_0;0.7502347417840376
945.32697505072;292.36717734291096;7;1;7_1;0.30925429019386946;4;7_1;SR_0_SM_0;0.7502347417840376
951.6692434583592;298.71583375661703;7;1;7_1;0.31185673982188106;4;7_1;SR_0_SM_0;0.7502347417840376
958.0115118659992;305.0644901703231;7;1;7_1;0.31445918944989276;4;7_1;SR_0_SM_0;0.7502347417840376
964.3569742766718;305.0676841733564;7;1;7_1;0.31629939922955613;4;7_1;SR_0_SM_0;0.7502347417840376
970.6992426843112;311.41634058706245;7;1;7_1;0.3189018488575677;4;7_1;SR_0_SM_0;0.7502347417840376
977.0415110919508;317.76499700076874;7;1;7_1;0.32150429848557943;4;7_1;SR_0_SM_0;0.7502347417840376
983.3869735026236;317.76819100380203;7;1;7_1;0.3233445082652428;4;7_1;SR_0_SM_0;0.7502347417840376
989.7292419102632;324.1168474175081;7;1;7_1;0.32594695789325445;4;7_1;SR_0_SM_0;0.7502347417840376
996.0715103179028;330.46550383121416;7;1;7_1;0.3285494075212661;4;7_1;SR_0_SM_0;0.7502347417840376
1002.4137787255424;336.81416024492023;7;1;7_1;0.33115185714927775;4;7_1;SR_0_SM_0;0.7502347417840376
1008.7592411362152;336.8173542479535;7;1;7_1;0.3329920669289412;4;7_1;SR_0_SM_0;0.7502347417840376
1015.1015095438546;343.1660106616596;7;1;7_1;0.3355945165569528;4;7_1;SR_0_SM_0;0.7502347417840376
1021.4469719545276;343.16920466469287;7;1;7_1;0.33743472633661625;4;7_1;SR_0_SM_0;0.7502347417840376
1027.789240362167;349.5178610783992;7;1;7_1;0.3400371759646279;4;7_1;SR_0_SM_0;0.7502347417840376
1027.7860463591337;355.86332348907195;7;1;7_1;0.3418773857442914;4;7_1;SR_0_SM_0;0.7502347417840376
1034.1283147667732;362.211979902778;7;1;7_1;0.3444798353723029;4;7_1;SR_0_SM_0;0.7502347417840376
1040.4705831744127;368.5606363164841;7;1;7_1;0.3470822850003145;4;7_1;SR_0_SM_0;0.7502347417840376
1046.8128515820522;374.90929273019015;7;1;7_1;0.34968473462832617;4;7_1;SR_0_SM_0;0.7502347417840376
1053.155119989692;381.2579491438965;7;1;7_1;0.3522871842563379;4;7_1;SR_0_SM_0;0.7502347417840376
1053.1519259866586;387.6034115545692;7;1;7_1;0.3541273940360014;4;7_1;SR_0_SM_0;0.7502347417840376
1059.494194394298;393.9520679682753;7;1;7_1;0.3567298436640129;4;7_1;SR_0_SM_0;0.7502347417840376
1065.8364628019374;400.30072438198135;7;1;7_1;0.35933229329202454;4;7_1;SR_0_SM_0;0.7502347417840376
1072.1787312095769;406.6493807956879;7;1;7_1;0.36193474292003625;4;7_1;SR_0_SM_0;0.7502347417840376
1078.5209996172164;412.99803720939394;7;1;7_1;0.36453719254804784;4;7_1;SR_0_SM_0;0.7502347417840376
1078.517805614183;419.3434996200667;7;1;7_1;0.3663774023277113;4;7_1;SR_0_SM_0;0.7502347417840376
1084.8600740218228;425.6921560337728;7;1;7_1;0.3689798519557229;4;7_1;SR_0_SM_0;0.7502347417840376
1091.2023424294623;432.04081244747886;7;1;7_1;0.37158230158373456;4;7_1;SR_0_SM_0;0.7502347417840376
1097.5446108371018;438.3894688611852;7;1;7_1;0.3741847512117462;4;7_1;SR_0_SM_0;0.7502347417840376
1097.5414168340683;444.73493127185793;7;1;7_1;0.3760249609914097;4;7_1;SR_0_SM_0;0.7502347417840376
1097.5382228310352;451.0803936825307;7;1;7_1;0.3778651707710731;4;7_1;SR_0_SM_0;0.7502347417840376
1103.8804912386747;457.4290500962368;7;1;7_1;0.3804676203990847;4;7_1;SR_0_SM_0;0.7502347417840376
1110.2227596463144;463.7777065099429;7;1;7_1;0.3830700700270964;4;7_1;SR_0_SM_0;0.7502347417840376
1110.2195656432812;470.1231689206159;7;1;7_1;0.38491027980675985;4;7_1;SR_0_SM_0;0.7502347417840376
1110.216371640248;476.46863133128863;7;1;7_1;0.38675048958642333;4;7_1;SR_0_SM_0;0.7502347417840376
1110.2131776372146;482.8140937419614;7;1;7_1;0.3885906993660867;4;7_1;SR_0_SM_0;0.7502347417840376
1110.2099836341813;489.1595561526342;7;1;7_1;0.39043090914575007;4;7_1;SR_0_SM_0;0.7502347417840376
1116.5522520418208;495.50821256634026;7;1;7_1;0.3930333587737617;4;7_1;SR_0_SM_0;0.7502347417840376
1122.8945204494603;501.85686898004656;7;1;7_1;0.39563580840177337;4;7_1;SR_0_SM_0;0.7502347417840376
1122.891326446427;508.20233139071934;7;1;7_1;0.3974760181814368;4;7_1;SR_0_SM_0;0.7502347417840376
1122.8881324433935;514.5477938013921;7;1;7_1;0.3993162279611002;4;7_1;SR_0_SM_0;0.7502347417840376
1129.2304008510332;520.8964502150982;7;1;7_1;0.4019186775891119;5;7_1;SR_1_SM_0;0.8651727677044132
1129.227206848;527.241912625771;7;1;7_1;0.40375888736877535;5;7_1;SR_1_SM_0;0.8651727677044132
1129.2240128449666;533.587375036444;7;1;7_1;0.4055990971484389;5;7_1;SR_1_SM_0;0.8651727677044132
1129.2208188419334;539.9328374471168;7;1;7_1;0.40743930692810226;5;7_1;SR_1_SM_0;0.8651727677044132
1129.2176248389;546.2782998577895;7;1;7_1;0.4092795167077657;5;7_1;SR_1_SM_0;0.8651727677044132
1129.2144308358668;552.6237622684623;7;1;7_1;0.4111197264874291;5;7_1;SR_1_SM_0;0.8651727677044132
1129.2112368328335;558.9692246791351;7;1;7_1;0.41295993626709254;5;7_1;SR_1_SM_0;0.8651727677044132
1129.2080428298002;565.3146870898081;7;1;7_1;0.414800146046756;5;7_1;SR_1_SM_0;0.8651727677044132
1129.204848826767;571.6601495004809;7;1;7_1;0.41664035582641945;5;7_1;SR_1_SM_0;0.8651727677044132
1135.5471172344064;578.008805914187;7;1;7_1;0.41924280545443104;5;7_1;SR_1_SM_0;0.8651727677044132
1135.5439232313731;584.3542683248597;7;1;7_1;0.4210830152340945;5;7_1;SR_1_SM_0;0.8651727677044132
1135.5407292283398;590.6997307355327;7;1;7_1;0.422923225013758;5;7_1;SR_1_SM_0;0.8651727677044132
1135.5375352253066;597.0451931462055;7;1;7_1;0.42476343479342143;5;7_1;SR_1_SM_0;0.8651727677044132
1135.534341222273;603.3906555568783;7;1;7_1;0.42660364457308486;5;7_1;SR_1_SM_0;0.8651727677044132
1135.5311472192398;609.7361179675511;7;1;7_1;0.42844385435274823;5;7_1;SR_1_SM_0;0.8651727677044132
1135.5279532162065;616.0815803782239;7;1;7_1;0.4302840641324116;5;7_1;SR_1_SM_0;0.8651727677044132
1135.5247592131732;622.4270427888969;7;1;7_1;0.43212427391207514;5;7_1;SR_1_SM_0;0.8651727677044132
1135.52156521014;628.7725051995697;7;1;7_1;0.4339644836917385;5;7_1;SR_1_SM_0;0.8651727677044132
1135.5183712071066;635.1179676102424;7;1;7_1;0.43580469347140205;5;7_1;SR_1_SM_0;0.8651727677044132
1129.1697147934003;641.4602360178819;7;1;7_1;0.43840714309941375;5;7_1;SR_1_SM_0;0.8651727677044132
1129.1665207903673;647.8056984285547;7;1;7_1;0.4402473528790771;5;7_1;SR_1_SM_0;0.8651727677044132
1129.163326787334;654.1511608392277;7;1;7_1;0.4420875626587406;5;7_1;SR_1_SM_0;0.8651727677044132
1129.160132784301;660.4966232499005;7;1;7_1;0.44392777243840403;5;7_1;SR_1_SM_0;0.8651727677044132
1129.1569387812674;666.8420856605733;7;1;7_1;0.4457679822180674;5;7_1;SR_1_SM_0;0.8651727677044132
1129.153744778234;673.187548071246;7;1;7_1;0.44760819199773083;5;7_1;SR_1_SM_0;0.8651727677044132
1129.1505507752008;679.5330104819188;7;1;7_1;0.44944840177739426;5;7_1;SR_1_SM_0;0.8651727677044132
1129.1473567721675;685.8784728925918;7;1;7_1;0.4512886115570578;5;7_1;SR_1_SM_0;0.8651727677044132
1129.1441627691345;692.2239353032646;7;1;7_1;0.45312882133672117;5;7_1;SR_1_SM_0;0.8651727677044132
1129.140968766101;698.5693977139374;7;1;7_1;0.4549690311163846;5;7_1;SR_1_SM_0;0.8651727677044132
1129.1377747630677;704.9148601246102;7;1;7_1;0.4568092408960481;5;7_1;SR_1_SM_0;0.8651727677044132
1122.7891183493616;711.2571285322497;7;1;7_1;0.4594116905240596;5;7_1;SR_1_SM_0;0.8651727677044132
1122.7859243463283;717.6025909429227;7;1;7_1;0.46125190030372315;5;7_1;SR_1_SM_0;0.8651727677044132
1122.782730343295;723.9480533535955;7;1;7_1;0.4630921100833865;5;7_1;SR_1_SM_0;0.8651727677044132
1122.7795363402618;730.2935157642682;7;1;7_1;0.4649323198630499;5;7_1;SR_1_SM_0;0.8651727677044132
1122.7763423372285;736.638978174941;7;1;7_1;0.4667725296427135;5;7_1;SR_1_SM_0;0.8651727677044132
1116.4276859235224;742.9812465825805;7;1;7_1;0.46937497927072513;5;7_1;SR_1_SM_0;0.8651727677044132
1116.4244919204891;749.3267089932535;7;1;7_1;0.47121518905038856;5;7_1;SR_1_SM_0;0.8651727677044132
1110.075835506783;755.668977400893;7;1;7_1;0.4738176386784002;5;7_1;SR_1_SM_0;0.8651727677044132
1110.0726415037498;762.0144398115658;7;1;7_1;0.4756578484580636;5;7_1;SR_1_SM_0;0.8651727677044132
1110.0694475007165;768.3599022222386;7;1;7_1;0.47749805823772695;5;7_1;SR_1_SM_0;0.8651727677044132
1110.0662534976832;774.7053646329116;7;1;7_1;0.4793382680173905;5;7_1;SR_1_SM_0;0.8651727677044132
1103.717597083977;781.0476330405511;7;1;7_1;0.4819407176454022;5;7_1;SR_1_SM_0;0.8651727677044132
1103.7144030809436;787.3930954512239;7;1;7_1;0.4837809274250656;5;7_1;SR_1_SM_0;0.8651727677044132
1097.3657466672375;793.7353638588634;7;1;7_1;0.48638337705307727;5;7_1;SR_1_SM_0;0.8651727677044132
1097.3625526642045;800.0808262695361;7;1;7_1;0.48822358683274064;5;7_1;SR_1_SM_0;0.8651727677044132
1097.3593586611707;806.4262886802092;7;1;7_1;0.4900637966124042;5;7_1;SR_1_SM_0;0.8651727677044132
1097.3561646581377;812.7717510908819;7;1;7_1;0.49190400639206755;5;7_1;SR_1_SM_0;0.8651727677044132
1091.0075082444314;819.1140194985214;7;1;7_1;0.49450645602007925;5;7_1;SR_1_SM_0;0.8651727677044132
1084.658851830725;825.4562879061609;7;1;7_1;0.4971089056480909;5;7_1;SR_1_SM_0;0.8651727677044132
1084.655657827692;831.8017503168337;7;1;7_1;0.4989491154277544;5;7_1;SR_1_SM_0;0.8651727677044132
1084.6524638246588;838.1472127275067;7;1;7_1;0.5007893252074178;6;7_1;SR_0_SM_0;0.8700089297104222
1084.6492698216257;844.4926751381795;7;1;7_1;0.5026295349870813;6;7_1;SR_0_SM_0;0.8700089297104222
1078.3006134079192;850.834943545819;7;1;7_1;0.505231984615093;6;7_1;SR_0_SM_0;0.8700089297104222
1071.951956994213;857.1772119534585;7;1;7_1;0.5078344342431046;6;7_1;SR_0_SM_0;0.8700089297104222
1071.9487629911798;863.5226743641313;7;1;7_1;0.509674644022768;6;7_1;SR_0_SM_0;0.8700089297104222
1071.9455689881463;869.8681367748043;7;1;7_1;0.5115148538024314;6;7_1;SR_0_SM_0;0.8700089297104222
1065.5969125744405;876.2104051824435;7;1;7_1;0.5141173034304429;6;7_1;SR_0_SM_0;0.8700089297104222
1065.5937185714072;882.5558675931163;7;1;7_1;0.5159575132101064;6;7_1;SR_0_SM_0;0.8700089297104222
1059.245062157701;888.8981360007558;7;1;7_1;0.518559962838118;6;7_1;SR_0_SM_0;0.8700089297104222
1052.896405743995;895.2404044083953;7;1;7_1;0.5211624124661297;6;7_1;SR_0_SM_0;0.8700089297104222
1052.8932117409618;901.5858668190684;7;1;7_1;0.5230026222457932;6;7_1;SR_0_SM_0;0.8700089297104222
1052.8900177379285;907.9313292297412;7;1;7_1;0.5248428320254566;6;7_1;SR_0_SM_0;0.8700089297104222
1046.5413613242222;914.2735976373808;7;1;7_1;0.5274452816534683;6;7_1;SR_0_SM_0;0.8700089297104222
1046.538167321189;920.6190600480536;7;1;7_1;0.5292854914331317;6;7_1;SR_0_SM_0;0.8700089297104222
1040.1895109074828;926.9613284556932;7;1;7_1;0.5318879410611433;6;7_1;SR_0_SM_0;0.8700089297104222
1033.8408544937768;933.3035968633326;7;1;7_1;0.5344903906891549;6;7_1;SR_0_SM_0;0.8700089297104222
1033.8376604907437;939.6490592740056;7;1;7_1;0.5363306004688184;6;7_1;SR_0_SM_0;0.8700089297104222
1033.8344664877102;945.9945216846784;7;1;7_1;0.5381708102484818;6;7_1;SR_0_SM_0;0.8700089297104222
1033.831272484677;952.3399840953512;7;1;7_1;0.5400110200281453;6;7_1;SR_0_SM_0;0.8700089297104222
1027.4826160709708;958.6822525029908;7;1;7_1;0.542613469656157;6;7_1;SR_0_SM_0;0.8700089297104222
1021.1339596572648;965.02452091063;7;1;7_1;0.5452159192841686;6;7_1;SR_0_SM_0;0.8700089297104222
1021.1307656542316;971.369983321303;7;1;7_1;0.547056129063832;6;7_1;SR_0_SM_0;0.8700089297104222
1021.1275716511984;977.7154457319758;7;1;7_1;0.5488963388434954;6;7_1;SR_0_SM_0;0.8700089297104222
1014.778915237492;984.0577141396152;7;1;7_1;0.5514987884715071;6;7_1;SR_0_SM_0;0.8700089297104222
1008.430258823786;990.3999825472548;7;1;7_1;0.5541012380995187;6;7_1;SR_0_SM_0;0.8700089297104222
1002.08160241008;996.7422509548944;7;1;7_1;0.5567036877275304;6;7_1;SR_0_SM_0;0.8700089297104222
1002.0784084070466;1003.0877133655672;7;1;7_1;0.5585438975071937;6;7_1;SR_0_SM_0;0.8700089297104222
995.7297519933404;1009.4299817732068;7;1;7_1;0.5611463471352055;6;7_1;SR_0_SM_0;0.8700089297104222
995.726557990307;1015.7754441838796;7;1;7_1;0.5629865569148688;6;7_1;SR_0_SM_0;0.8700089297104222
995.7233639872736;1022.1209065945524;7;1;7_1;0.5648267666945322;6;7_1;SR_0_SM_0;0.8700089297104222
995.7201699842404;1028.4663690052253;7;1;7_1;0.5666669764741957;6;7_1;SR_0_SM_0;0.8700089297104222
989.3715135705344;1034.8086374128648;7;1;7_1;0.5692694261022073;6;7_1;SR_0_SM_0;0.8700089297104222
983.022857156828;1041.1509058205042;7;1;7_1;0.571871875730219;6;7_1;SR_0_SM_0;0.8700089297104222
976.674200743122;1047.4931742281435;7;1;7_1;0.5744743253582306;6;7_1;SR_0_SM_0;0.8700089297104222
976.6710067400888;1053.8386366388168;7;1;7_1;0.5763145351378941;6;7_1;SR_0_SM_0;0.8700089297104222
976.6678127370554;1060.1840990494895;7;1;7_1;0.5781547449175576;6;7_1;SR_0_SM_0;0.8700089297104222
970.3191563233494;1066.526367457129;7;1;7_1;0.5807571945455692;6;7_1;SR_0_SM_0;0.8700089297104222
963.9704999096432;1072.8686358647687;7;1;7_1;0.5833596441735809;6;7_1;SR_0_SM_0;0.8700089297104222
957.6218434959372;1079.2109042724082;7;1;7_1;0.5859620938015924;6;7_1;SR_0_SM_0;0.8700089297104222
957.618649492904;1085.5563666830808;7;1;7_1;0.5878023035812557;6;7_1;SR_0_SM_0;0.8700089297104222
957.6154554898708;1091.9018290937538;7;1;7_1;0.5896425133609193;6;7_1;SR_0_SM_0;0.8700089297104222
951.2667990761644;1098.2440975013933;7;1;7_1;0.592244962988931;6;7_1;SR_0_SM_0;0.8700089297104222
951.2636050731312;1104.5895599120663;7;1;7_1;0.5940851727685946;6;7_1;SR_0_SM_0;0.8700089297104222
951.2604110700978;1110.9350223227389;7;1;7_1;0.5959253825482579;6;7_1;SR_0_SM_0;0.8700089297104222
944.9117546563916;1117.2772907303784;7;1;7_1;0.5985278321762694;6;7_1;SR_0_SM_0;0.8700089297104222
944.9085606533584;1123.6227531410514;7;1;7_1;0.600368041955933;7;7_1;SR_1_SM_0;0.9231701510626326
938.5599042396524;1129.9650215486909;7;1;7_1;0.6029704915839444;7;7_1;SR_1_SM_0;0.9231701510626326
938.5567102366192;1136.310483959364;7;1;7_1;0.604810701363608;7;7_1;SR_1_SM_0;0.9231701510626326
932.208053822913;1142.6527523670034;7;1;7_1;0.6074131509916199;7;7_1;SR_1_SM_0;0.9231701510626326
932.2048598198796;1148.998214777676;7;1;7_1;0.6092533607712831;7;7_1;SR_1_SM_0;0.9231701510626326
932.2016658168463;1155.343677188349;7;1;7_1;0.6110935705509467;7;7_1;SR_1_SM_0;0.9231701510626326
925.8530094031404;1161.6859455959884;7;1;7_1;0.6136960201789583;7;7_1;SR_1_SM_0;0.9231701510626326
919.504352989434;1168.028214003628;7;1;7_1;0.61629846980697;7;7_1;SR_1_SM_0;0.9231701510626326
919.5011589864008;1174.373676414301;7;1;7_1;0.6181386795866334;7;7_1;SR_1_SM_0;0.9231701510626326
919.4979649833676;1180.7191388249737;7;1;7_1;0.619978889366297;7;7_1;SR_1_SM_0;0.9231701510626326
919.4947709803342;1187.0646012356465;7;1;7_1;0.6218190991459602;7;7_1;SR_1_SM_0;0.9231701510626326
919.491576977301;1193.4100636463193;7;1;7_1;0.6236593089256238;7;7_1;SR_1_SM_0;0.9231701510626326
913.1429205635948;1199.7523320539588;7;1;7_1;0.6262617585536353;7;7_1;SR_1_SM_0;0.9231701510626326
906.7942641498888;1206.0946004615982;7;1;7_1;0.628864208181647;7;7_1;SR_1_SM_0;0.9231701510626326
906.7910701468552;1212.440062872271;7;1;7_1;0.6307044179613104;7;7_1;SR_1_SM_0;0.9231701510626326
906.787876143822;1218.785525282944;7;1;7_1;0.6325446277409739;7;7_1;SR_1_SM_0;0.9231701510626326
906.7846821407888;1225.1309876936166;7;1;7_1;0.6343848375206373;7;7_1;SR_1_SM_0;0.9231701510626326
906.7814881377554;1231.4764501042896;7;1;7_1;0.6362250473003006;7;7_1;SR_1_SM_0;0.9231701510626326
900.4328317240494;1237.818718511929;7;1;7_1;0.6388274969283124;7;7_1;SR_1_SM_0;0.9231701510626326
900.4296377210161;1244.164180922602;7;1;7_1;0.6406677067079757;7;7_1;SR_1_SM_0;0.9231701510626326
900.4264437179828;1250.5096433332749;7;1;7_1;0.6425079164876392;7;7_1;SR_1_SM_0;0.9231701510626326
900.4232497149495;1256.8551057439477;7;1;7_1;0.6443481262673026;7;7_1;SR_1_SM_0;0.9231701510626326
900.4200557119162;1263.2005681546204;7;1;7_1;0.6461883360469659;7;7_1;SR_1_SM_0;0.9231701510626326
900.416861708883;1269.5460305652932;7;1;7_1;0.6480285458266294;7;7_1;SR_1_SM_0;0.9231701510626326
900.4136677058497;1275.8914929759662;7;1;7_1;0.6498687556062928;7;7_1;SR_1_SM_0;0.9231701510626326
900.4104737028164;1282.2369553866388;7;1;7_1;0.6517089653859562;7;7_1;SR_1_SM_0;0.9231701510626326
900.4072796997831;1288.5824177973118;7;1;7_1;0.6535491751656197;7;7_1;SR_1_SM_0;0.9231701510626326
900.4040856967498;1294.9278802079846;7;1;7_1;0.6553893849452833;7;7_1;SR_1_SM_0;0.9231701510626326
900.4008916937165;1301.2733426186574;7;1;7_1;0.6572295947249466;7;7_1;SR_1_SM_0;0.9231701510626326
900.3976976906832;1307.6188050293304;7;1;7_1;0.6590698045046102;7;7_1;SR_1_SM_0;0.9231701510626326
900.39450368765;1313.964267440003;7;1;7_1;0.6609100142842734;7;7_1;SR_1_SM_0;0.9231701510626326
900.3913096846167;1320.309729850676;7;1;7_1;0.6627502240639369;7;7_1;SR_1_SM_0;0.9231701510626326
900.3881156815834;1326.6551922613487;7;1;7_1;0.6645904338436004;7;7_1;SR_1_SM_0;0.9231701510626326
900.3849216785501;1333.0006546720217;7;1;7_1;0.6664306436232638;7;7_1;SR_1_SM_0;0.9231701510626326
900.3817276755168;1339.3461170826945;7;1;7_1;0.6682708534029272;7;7_1;SR_1_SM_0;0.9231701510626326
900.3785336724835;1345.691579493367;7;1;7_1;0.6701110631825907;7;7_1;SR_1_SM_0;0.9231701510626326
900.3753396694502;1352.03704190404;7;1;7_1;0.6719512729622541;7;7_1;SR_1_SM_0;0.9231701510626326
900.3721456664169;1358.3825043147128;7;1;7_1;0.6737914827419176;7;7_1;SR_1_SM_0;0.9231701510626326
900.3689516633837;1364.7279667253856;7;1;7_1;0.6756316925215811;7;7_1;SR_1_SM_0;0.9231701510626326
900.3657576603504;1371.0734291360586;7;1;7_1;0.6774719023012444;7;7_1;SR_1_SM_0;0.9231701510626326
900.3625636573171;1377.4188915467312;7;1;7_1;0.6793121120809078;7;7_1;SR_1_SM_0;0.9231701510626326
900.3593696542838;1383.7643539574042;7;1;7_1;0.6811523218605712;7;7_1;SR_1_SM_0;0.9231701510626326
900.3561756512505;1390.109816368077;7;1;7_1;0.6829925316402347;7;7_1;SR_1_SM_0;0.9231701510626326
900.3529816482172;1396.4552787787495;7;1;7_1;0.6848327414198981;7;7_1;SR_1_SM_0;0.9231701510626326
906.6952500558568;1402.8039351924558;7;1;7_1;0.6874351910479097;7;7_1;SR_1_SM_0;0.9231701510626326
906.6920560528234;1409.1493976031288;7;1;7_1;0.6892754008275732;7;7_1;SR_1_SM_0;0.9231701510626326
906.68886204979;1415.4948600138016;7;1;7_1;0.6911156106072367;7;7_1;SR_1_SM_0;0.9231701510626326
906.6856680467566;1421.8403224244744;7;1;7_1;0.6929558203869001;7;7_1;SR_1_SM_0;0.9231701510626326
906.6824740437232;1428.1857848351474;7;1;7_1;0.6947960301665635;7;7_1;SR_1_SM_0;0.9231701510626326
913.0247424513628;1434.5344412488537;7;1;7_1;0.6973984797945751;7;7_1;SR_1_SM_0;0.9231701510626326
919.3670108590024;1440.8830976625595;7;1;7_1;0.7000009294225868;8;7_1;SR_0_SM_0;0.867154509927348
925.709279266642;1447.2317540762656;7;1;7_1;0.7026033790505987;8;7_1;SR_0_SM_0;0.867154509927348
925.7060852636088;1453.5772164869386;7;1;7_1;0.704443588830262;8;7_1;SR_0_SM_0;0.867154509927348
932.0483536712484;1459.925872900645;7;1;7_1;0.7070460384582739;8;7_1;SR_0_SM_0;0.867154509927348
938.3906220788878;1466.2745293143507;7;1;7_1;0.7096484880862853;8;7_1;SR_0_SM_0;0.867154509927348
944.7360844895604;1466.277723317384;7;1;7_1;0.7114886978659487;8;7_1;SR_0_SM_0;0.867154509927348
951.0783528972;1472.62637973109;7;1;7_1;0.7140911474939603;8;7_1;SR_0_SM_0;0.867154509927348
957.4206213048398;1478.9750361447964;7;1;7_1;0.7166935971219721;8;7_1;SR_0_SM_0;0.867154509927348
963.7660837155124;1478.9782301478294;7;1;7_1;0.7185338069016354;8;7_1;SR_0_SM_0;0.867154509927348
970.108352123152;1485.3268865615355;7;1;7_1;0.7211362565296471;8;7_1;SR_0_SM_0;0.867154509927348
976.4506205307916;1491.6755429752418;7;1;7_1;0.7237387061576588;8;7_1;SR_0_SM_0;0.867154509927348
982.792888938431;1498.024199388948;7;1;7_1;0.7263411557856705;8;7_1;SR_0_SM_0;0.867154509927348
989.1351573460709;1504.372855802654;7;1;7_1;0.7289436054136821;8;7_1;SR_0_SM_0;0.867154509927348
995.4806197567436;1504.3760498056872;7;1;7_1;0.7307838151933455;8;7_1;SR_0_SM_0;0.867154509927348
1001.822888164383;1510.7247062193935;7;1;7_1;0.7333862648213572;8;7_1;SR_0_SM_0;0.867154509927348
1008.1683505750558;1510.7279002224268;7;1;7_1;0.7352264746010205;8;7_1;SR_0_SM_0;0.867154509927348
1014.5106189826952;1517.0765566361329;7;1;7_1;0.7378289242290321;8;7_1;SR_0_SM_0;0.867154509927348
1020.852887390335;1523.425213049839;7;1;7_1;0.7404313738570438;8;7_1;SR_0_SM_0;0.867154509927348
1027.1951557979744;1529.773869463545;7;1;7_1;0.7430338234850554;8;7_1;SR_0_SM_0;0.867154509927348
1033.5406182086472;1529.7770634665785;7;1;7_1;0.7448740332647189;8;7_1;SR_0_SM_0;0.867154509927348
1039.882886616287;1536.1257198802846;7;1;7_1;0.7474764828927305;8;7_1;SR_0_SM_0;0.867154509927348
1046.2283490269594;1536.128913883318;7;1;7_1;0.7493166926723939;8;7_1;SR_0_SM_0;0.867154509927348
1052.5706174345992;1542.477570297024;7;1;7_1;0.7519191423004055;8;7_1;SR_0_SM_0;0.867154509927348
1058.912885842239;1548.82622671073;7;1;7_1;0.7545215919284172;8;7_1;SR_0_SM_0;0.867154509927348
1065.2551542498782;1555.1748831244363;7;1;7_1;0.7571240415564288;8;7_1;SR_0_SM_0;0.867154509927348
1071.5974226575177;1561.5235395381424;7;1;7_1;0.7597264911844405;8;7_1;SR_0_SM_0;0.867154509927348
1077.9428850681904;1561.5267335411756;7;1;7_1;0.7615667009641038;8;7_1;SR_0_SM_0;0.867154509927348
1084.2851534758302;1567.8753899548817;7;1;7_1;0.7641691505921155;8;7_1;SR_0_SM_0;0.867154509927348
1090.630615886503;1567.878583957915;7;1;7_1;0.766009360371779;8;7_1;SR_0_SM_0;0.867154509927348
1096.9728842941424;1574.227240371621;7;1;7_1;0.7686118099997905;8;7_1;SR_0_SM_0;0.867154509927348
1103.315152701782;1580.5758967853271;7;1;7_1;0.7712142596278021;8;7_1;SR_0_SM_0;0.867154509927348
1109.660615112455;1580.5790907883606;7;1;7_1;0.7730544694074656;8;7_1;SR_0_SM_0;0.867154509927348
1116.0028835200944;1586.9277472020667;7;1;7_1;0.7756569190354772;8;7_1;SR_0_SM_0;0.867154509927348
1122.345151927734;1593.2764036157728;7;1;7_1;0.7782593686634889;8;7_1;SR_0_SM_0;0.867154509927348
1128.6906143384067;1593.279597618806;7;1;7_1;0.7800995784431524;8;7_1;SR_0_SM_0;0.867154509927348
1135.0328827460462;1599.628254032512;7;1;7_1;0.782702028071164;8;7_1;SR_0_SM_0;0.867154509927348
1141.3783451567192;1599.6314480355454;7;1;7_1;0.7845422378508273;8;7_1;SR_0_SM_0;0.867154509927348
1147.7206135643587;1605.9801044492517;7;1;7_1;0.787144687478839;8;7_1;SR_0_SM_0;0.867154509927348
1154.0660759750317;1605.983298452285;7;1;7_1;0.7889848972585026;8;7_1;SR_0_SM_0;0.867154509927348
1160.408344382671;1612.331954865991;7;1;7_1;0.7915873468865141;8;7_1;SR_0_SM_0;0.867154509927348
1166.7506127903102;1618.6806112796971;7;1;7_1;0.7941897965145257;8;7_1;SR_0_SM_0;0.867154509927348
1173.0960752009833;1618.6838052827304;7;1;7_1;0.7960300062941891;8;7_1;SR_0_SM_0;0.867154509927348
1179.4383436086227;1625.0324616964365;7;1;7_1;0.7986324559222008;8;7_1;SR_0_SM_0;0.867154509927348
1185.7838060192955;1625.0356556994698;7;1;7_1;0.800472665701864;9;7_1;SR_0_SM_0;0.7296365914786966
1192.126074426935;1631.3843121131758;7;1;7_1;0.8030751153298759;9;7_1;SR_0_SM_0;0.7296365914786966
1198.4715368376078;1631.3875061162094;7;1;7_1;0.8049153251095391;9;7_1;SR_0_SM_0;0.7296365914786966
1204.8138052452475;1637.7361625299154;7;1;7_1;0.8075177747375509;9;7_1;SR_0_SM_0;0.7296365914786966
1211.1592676559203;1637.7393565329487;7;1;7_1;0.8093579845172142;9;7_1;SR_0_SM_0;0.7296365914786966
1217.5015360635598;1644.0880129466548;7;1;7_1;0.8119604341452258;9;7_1;SR_0_SM_0;0.7296365914786966
1223.8469984742326;1644.091206949688;7;1;7_1;0.8138006439248895;9;7_1;SR_0_SM_0;0.7296365914786966
1230.189266881872;1650.439863363394;7;1;7_1;0.816403093552901;9;7_1;SR_0_SM_0;0.7296365914786966
1236.534729292545;1650.4430573664274;7;1;7_1;0.8182433033325645;9;7_1;SR_0_SM_0;0.7296365914786966
1242.880191703218;1650.4462513694607;7;1;7_1;0.820083513112228;9;7_1;SR_0_SM_0;0.7296365914786966
1249.2224601108574;1656.794907783167;7;1;7_1;0.8226859627402395;9;7_1;SR_0_SM_0;0.7296365914786966
1255.56792252153;1656.7981017862005;7;1;7_1;0.824526172519903;9;7_1;SR_0_SM_0;0.7296365914786966
1261.9101909291696;1663.1467581999063;7;1;7_1;0.8271286221479146;9;7_1;SR_0_SM_0;0.7296365914786966
1268.2524593368094;1669.4954146136124;7;1;7_1;0.8297310717759262;9;7_1;SR_0_SM_0;0.7296365914786966
1274.597921747482;1669.4986086166457;7;1;7_1;0.8315712815555896;9;7_1;SR_0_SM_0;0.7296365914786966
1280.9401901551216;1675.8472650303518;7;1;7_1;0.8341737311836012;9;7_1;SR_0_SM_0;0.7296365914786966
1287.2856525657944;1675.850459033385;7;1;7_1;0.8360139409632646;9;7_1;SR_0_SM_0;0.7296365914786966
1293.627920973434;1682.1991154470911;7;1;7_1;0.8386163905912764;9;7_1;SR_0_SM_0;0.7296365914786966
1299.973383384107;1682.2023094501246;7;1;7_1;0.8404566003709397;9;7_1;SR_0_SM_0;0.7296365914786966
1306.3156517917464;1688.5509658638307;7;1;7_1;0.8430590499989514;9;7_1;SR_0_SM_0;0.7296365914786966
1312.6611142024192;1688.554159866864;7;1;7_1;0.8448992597786148;9;7_1;SR_0_SM_0;0.7296365914786966
1319.006576613092;1688.5573538698973;7;1;7_1;0.8467394695582783;9;7_1;SR_0_SM_0;0.7296365914786966
1325.3488450207317;1694.906010283603;7;1;7_1;0.8493419191862899;9;7_1;SR_0_SM_0;0.7296365914786966
1331.6943074314045;1694.9092042866366;7;1;7_1;0.8511821289659534;9;7_1;SR_0_SM_0;0.7296365914786966
1338.036575839044;1701.257860700343;7;1;7_1;0.8537845785939651;9;7_1;SR_0_SM_0;0.7296365914786966
1344.3820382497167;1701.2610547033762;7;1;7_1;0.8556247883736284;9;7_1;SR_0_SM_0;0.7296365914786966
1350.7275006603895;1701.2642487064095;7;1;7_1;0.8574649981532918;9;7_1;SR_0_SM_0;0.7296365914786966
1357.0697690680292;1707.6129051201156;7;1;7_1;0.8600674477813035;9;7_1;SR_0_SM_0;0.7296365914786966
1363.415231478702;1707.6160991231488;7;1;7_1;0.8619076575609669;9;7_1;SR_0_SM_0;0.7296365914786966
1369.7574998863415;1713.964755536855;7;1;7_1;0.8645101071889785;9;7_1;SR_0_SM_0;0.7296365914786966
1376.1029622970143;1713.9679495398882;7;1;7_1;0.866350316968642;9;7_1;SR_0_SM_0;0.7296365914786966
1382.4452307046538;1720.3166059535945;7;1;7_1;0.8689527665966535;9;7_1;SR_0_SM_0;0.7296365914786966
1388.7906931153268;1720.3197999566278;7;1;7_1;0.870792976376317;9;7_1;SR_0_SM_0;0.7296365914786966
1395.1329615229663;1726.6684563703338;7;1;7_1;0.8733954260043287;9;7_1;SR_0_SM_0;0.7296365914786966
1401.478423933639;1726.6716503733671;7;1;7_1;0.8752356357839921;9;7_1;SR_0_SM_0;0.7296365914786966
1407.823886344312;1726.6748443764004;7;1;7_1;0.8770758455636556;9;7_1;SR_0_SM_0;0.7296365914786966
1414.1661547519514;1733.0235007901065;7;1;7_1;0.8796782951916672;9;7_1;SR_0_SM_0;0.7296365914786966
1420.5116171626244;1733.0266947931398;7;1;7_1;0.8815185049713307;9;7_1;SR_0_SM_0;0.7296365914786966
1426.8570795732971;1733.029888796173;7;1;7_1;0.8833587147509941;9;7_1;SR_0_SM_0;0.7296365914786966
1433.1993479809366;1739.3785452098791;7;1;7_1;0.8859611643790056;9;7_1;SR_0_SM_0;0.7296365914786966
1439.5448103916094;1739.3817392129124;7;1;7_1;0.8878013741586692;9;7_1;SR_0_SM_0;0.7296365914786966
1445.8902728022822;1739.3849332159457;7;1;7_1;0.8896415839383325;9;7_1;SR_0_SM_0;0.7296365914786966
1452.232541209922;1745.733589629652;7;1;7_1;0.8922440335663443;9;7_1;SR_0_SM_0;0.7296365914786966
1458.5780036205947;1745.7367836326853;7;1;7_1;0.8940842433460076;9;7_1;SR_0_SM_0;0.7296365914786966
1464.9234660312677;1745.7399776357186;7;1;7_1;0.8959244531256711;9;7_1;SR_0_SM_0;0.7296365914786966
1471.2689284419405;1745.7431716387518;7;1;7_1;0.8977646629053345;9;7_1;SR_0_SM_0;0.7296365914786966
1477.61119684958;1752.091828052458;7;1;7_1;0.9003671125333462;10;7_1;SR_0_SM_0;1.0
1483.9566592602528;1752.0950220554912;7;1;7_1;0.9022073223130096;10;7_1;SR_0_SM_0;1.0
1490.2989276678925;1758.4436784691973;7;1;7_1;0.9048097719410214;10;7_1;SR_0_SM_0;1.0
1496.644390078565;1758.4468724722306;7;1;7_1;0.9066499817206847;10;7_1;SR_0_SM_0;1.0
1502.9898524892378;1758.4500664752638;7;1;7_1;0.908490191500348;10;7_1;SR_0_SM_0;1.0
1509.3353148999108;1758.4532604782971;7;1;7_1;0.9103304012800115;10;7_1;SR_0_SM_0;1.0
1515.6807773105836;1758.4564544813304;7;1;7_1;0.9121706110596749;10;7_1;SR_0_SM_0;1.0
1522.023045718223;1764.8051108950367;7;1;7_1;0.9147730606876867;10;7_1;SR_0_SM_0;1.0
1528.368508128896;1764.80830489807;7;1;7_1;0.9166132704673502;10;7_1;SR_0_SM_0;1.0
1534.713970539569;1764.8114989011033;7;1;7_1;0.9184534802470136;10;7_1;SR_0_SM_0;1.0
1541.0562389472084;1771.1601553148091;7;1;7_1;0.921055929875025;10;7_1;SR_0_SM_0;1.0
1547.4017013578812;1771.1633493178426;7;1;7_1;0.9228961396546886;10;7_1;SR_0_SM_0;1.0
1553.747163768554;1771.166543320876;7;1;7_1;0.9247363494343519;10;7_1;SR_0_SM_0;1.0
1560.0926261792267;1771.1697373239092;7;1;7_1;0.9265765592140154;10;7_1;SR_0_SM_0;1.0
1566.4380885898995;1771.1729313269425;7;1;7_1;0.9284167689936789;10;7_1;SR_0_SM_0;1.0
1572.7835510005723;1771.1761253299758;7;1;7_1;0.9302569787733421;10;7_1;SR_0_SM_0;1.0
1579.125819408212;1777.5247817436818;7;1;7_1;0.9328594284013539;10;7_1;SR_0_SM_0;1.0
1585.4712818188848;1777.5279757467151;7;1;7_1;0.9346996381810174;10;7_1;SR_0_SM_0;1.0
1591.8135502265245;1783.8766321604212;7;1;7_1;0.937302087809029;10;7_1;SR_0_SM_0;1.0
1598.159012637197;1783.8798261634547;7;1;7_1;0.9391422975886924;10;7_1;SR_0_SM_0;1.0
1604.50447504787;1783.883020166488;7;1;7_1;0.9409825073683559;10;7_1;SR_0_SM_0;1.0
1610.8499374585429;1783.8862141695213;7;1;7_1;0.9428227171480192;10;7_1;SR_0_SM_0;1.0
1617.1953998692156;1783.8894081725546;7;1;7_1;0.9446629269276828;10;7_1;SR_0_SM_0;1.0
1623.5408622798884;1783.892602175588;7;1;7_1;0.9465031367073461;10;7_1;SR_0_SM_0;1.0
1629.8863246905612;1783.8957961786211;7;1;7_1;0.9483433464870097;10;7_1;SR_0_SM_0;1.0
1636.2317871012342;1783.8989901816544;7;1;7_1;0.9501835562666732;10;7_1;SR_0_SM_0;1.0
1642.577249511907;1783.9021841846877;7;1;7_1;0.9520237660463365;10;7_1;SR_0_SM_0;1.0
1648.9195179195465;1790.2508405983938;7;1;7_1;0.9546262156743481;10;7_1;SR_0_SM_0;1.0
1655.2649803302193;1790.254034601427;7;1;7_1;0.9564664254540115;10;7_1;SR_0_SM_0;1.0
1661.6104427408925;1790.2572286044604;7;1;7_1;0.9583066352336751;10;7_1;SR_0_SM_0;1.0
1667.955905151565;1790.2604226074936;7;1;7_1;0.9601468450133385;10;7_1;SR_0_SM_0;1.0
1674.3013675622378;1790.263616610527;7;1;7_1;0.9619870547930018;10;7_1;SR_0_SM_0;1.0
1680.643635969877;1796.612273024233;7;1;7_1;0.9645895044210134;10;7_1;SR_0_SM_0;1.0
1686.98909838055;1796.6154670272665;7;1;7_1;0.9664297142006769;10;7_1;SR_0_SM_0;1.0
1693.334560791223;1796.6186610302996;7;1;7_1;0.9682699239803404;10;7_1;SR_0_SM_0;1.0
1699.680023201896;1796.6218550333328;7;1;7_1;0.9701101337600039;10;7_1;SR_0_SM_0;1.0
1706.025485612569;1796.6250490363664;7;1;7_1;0.9719503435396672;10;7_1;SR_0_SM_0;1.0
1712.3709480232417;1796.6282430393994;7;1;7_1;0.9737905533193307;10;7_1;SR_0_SM_0;1.0
1718.7164104339142;1796.631437042433;7;1;7_1;0.9756307630989941;10;7_1;SR_0_SM_0;1.0
1725.0618728445872;1796.6346310454662;7;1;7_1;0.9774709728786575;10;7_1;SR_0_SM_0;1.0
1731.40733525526;1796.6378250484995;7;1;7_1;0.9793111826583212;10;7_1;SR_0_SM_0;1.0
1737.7496036628995;1802.9864814622056;7;1;7_1;0.9819136322863328;10;7_1;SR_0_SM_0;1.0
1744.0982600766056;1796.644213054566;7;1;7_1;0.9845160819143444;10;7_1;SR_0_SM_0;1.0
1750.4437224872784;1796.6474070575994;7;1;7_1;0.9863562916940078;10;7_1;SR_0_SM_0;1.0
1756.7891848979514;1796.6506010606329;7;1;7_1;0.9881965014736712;10;7_1;SR_0_SM_0;1.0
1763.1346473086242;1796.653795063666;7;1;7_1;0.9900367112533347;10;7_1;SR_0_SM_0;1.0
1769.480109719297;1796.6569890666992;7;1;7_1;0.9918769210329981;10;7_1;SR_0_SM_0;1.0
1775.8223781269364;1803.0056454804053;7;1;7_1;0.9944793706610097;10;7_1;SR_0_SM_0;1.0
1782.1678405376092;1803.0088394834384;7;1;7_1;0.9963195804406731;10;7_1;SR_0_SM_0;1.0
1788.5133029482822;1803.012033486472;7;1;7_1;0.9981597902203365;10;7_1;SR_0_SM_0;1.0
1794.858765358955;1803.0152274895047;7;1;7_1;1.0;10;7_1;SR_0_SM_0;1.0
0.0;0.0;7;2;7_2;0.0;1;;brak;
6.345462410672866;0.0031940030332862;7;2;7_2;0.0018861310321396543;1;;brak;
12.690924821345703;0.0063880060665724;7;2;7_2;0.0037722620642793004;1;;brak;
19.03638723201854;0.0095820090998586;7;2;7_2;0.005658393096418946;1;;brak;
25.38184964269132;0.0127760121331448;7;2;7_2;0.007544524128558575;1;;brak;
31.72731205336416;0.015970015166431;7;2;7_2;0.009430655160698222;1;;brak;
38.072774464037;0.0191640181997172;7;2;7_2;0.011316786192837868;1;;brak;
44.41823687470984;0.0223580212330034;7;2;7_2;0.013202917224977514;1;;brak;
50.76369928538267;0.0255520242662896;7;2;7_2;0.015089048257117158;1;;brak;
57.10916169605551;0.0287460272998032;7;2;7_2;0.016975179289256806;1;;brak;
63.45462410672829;0.0319400303330894;7;2;7_2;0.018861310321396433;1;;brak;
69.80008651740113;0.0351340333663756;7;2;7_2;0.020747441353536077;1;;brak;
76.14554892807396;0.0383280363996618;7;2;7_2;0.022633572385675725;1;;brak;
82.48781733571352;6.386984450105729;7;2;7_2;0.02530096447174036;1;;brak;
88.83327974638635;6.390178453139015;7;2;7_2;0.02718709550388001;1;;brak;
95.17554815402583;12.738834866845307;7;2;7_2;0.02985448758994468;1;;brak;
101.52101056469864;12.742028869878595;7;2;7_2;0.03174061862208432;1;;brak;
107.86647297537148;12.74522287291188;7;2;7_2;0.033626749654223964;1;;brak;
114.2119353860443;12.748416875945168;7;2;7_2;0.03551288068636361;1;;brak;
120.55739779671714;12.751610878978454;7;2;7_2;0.03739901171850325;1;;brak;
126.90286020738998;12.75480488201174;7;2;7_2;0.0392851427506429;1;;brak;
133.24832261806282;12.757998885045026;7;2;7_2;0.04117127378278254;1;;brak;
139.5937850287356;12.761192888078313;7;2;7_2;0.043057404814922165;1;;brak;
145.93924743940843;12.7643868911116;7;2;7_2;0.044943535847061816;1;;brak;
152.28470985008127;12.767580894144883;7;2;7_2;0.04682966687920146;1;;brak;
158.6301722607541;12.770774897178171;7;2;7_2;0.0487157979113411;1;;brak;
164.97563467142697;12.773968900211456;7;2;7_2;0.05060192894348075;1;;brak;
171.32109708209973;12.777162903244744;7;2;7_2;0.052488059975620366;1;;brak;
177.66655949277256;12.78035690627803;7;2;7_2;0.05437419100776001;1;;brak;
184.0120219034454;12.783550909311316;7;2;7_2;0.05626032203989965;1;;brak;
190.35748431411824;12.786744912344602;7;2;7_2;0.05814645307203929;1;;brak;
196.6997527217578;19.13540132605067;7;2;7_2;0.060813845158103966;1;;brak;
203.04521513243063;19.138595329083955;7;2;7_2;0.0626999761902436;1;;brak;
209.3906775431034;19.14178933211724;7;2;7_2;0.06458610722238323;1;;brak;
215.73613995377625;19.144983335150528;7;2;7_2;0.06647223825452288;1;;brak;
222.08160236444908;19.14817733818381;7;2;7_2;0.06835836928666252;1;;brak;
228.42387077208863;25.49683375188988;7;2;7_2;0.07102576137272715;1;;brak;
234.76933318276147;25.500027754923167;7;2;7_2;0.0729118924048668;1;;brak;
241.1147955934343;25.503221757956453;7;2;7_2;0.07479802343700644;1;;brak;
247.4602580041071;25.50641576098974;7;2;7_2;0.07668415446914607;1;;brak;
253.80572041477996;25.509609764023025;7;2;7_2;0.07857028550128572;1;;brak;
260.1511828254529;25.51280376705654;7;2;7_2;0.08045641653342542;1;;brak;
266.4966452361257;25.515997770089825;7;2;7_2;0.08234254756556504;1;;brak;
272.84210764679847;25.51919177312311;7;2;7_2;0.08422867859770468;1;;brak;
279.18757005747136;25.5223857761564;7;2;7_2;0.08611480962984434;1;;brak;
285.52983846511086;31.871042189862465;7;2;7_2;0.08878220171590896;1;;brak;
291.8753008757837;31.87423619289575;7;2;7_2;0.09066833274804861;1;;brak;
298.22076328645653;31.87743019592904;7;2;7_2;0.09255446378018825;1;;brak;
304.5662256971293;31.880624198962323;7;2;7_2;0.09444059481232789;1;;brak;
310.9116881078022;31.88381820199561;7;2;7_2;0.09632672584446755;1;;brak;
317.257150518475;31.887012205028896;7;2;7_2;0.09821285687660719;1;;brak;
323.6026129291479;31.89020620806218;7;2;7_2;0.10009898790874686;2;7_2;SR_0_SM_0;0.5832937693093875
329.94488133678726;38.23886262176848;7;2;7_2;0.10276637999481152;2;7_2;SR_0_SM_0;0.5832937693093875
336.29034374746016;38.24205662480176;7;2;7_2;0.10465251102695118;2;7_2;SR_0_SM_0;0.5832937693093875
342.63261215509965;44.59071303850783;7;2;7_2;0.1073199031130158;2;7_2;SR_0_SM_0;0.5832937693093875
348.97807456577243;44.59390704154112;7;2;7_2;0.10920603414515541;2;7_2;SR_0_SM_0;0.5832937693093875
355.3235369764453;44.5971010445744;7;2;7_2;0.11109216517729509;2;7_2;SR_0_SM_0;0.5832937693093875
361.6689993871181;44.60029504760769;7;2;7_2;0.11297829620943471;2;7_2;SR_0_SM_0;0.5832937693093875
368.014461797791;44.603489050640974;7;2;7_2;0.11486442724157438;2;7_2;SR_0_SM_0;0.5832937693093875
374.3599242084638;44.60668305367426;7;2;7_2;0.11675055827371401;2;7_2;SR_0_SM_0;0.5832937693093875
380.7021926161033;50.95533946738033;7;2;7_2;0.11941795035977863;2;7_2;SR_0_SM_0;0.5832937693093875
387.04765502677617;50.95853347041361;7;2;7_2;0.1213040813919183;2;7_2;SR_0_SM_0;0.5832937693093875
393.39311743744895;50.9617274734469;7;2;7_2;0.12319021242405793;2;7_2;SR_0_SM_0;0.5832937693093875
399.7385798481218;50.964921476480185;7;2;7_2;0.12507634345619756;2;7_2;SR_0_SM_0;0.5832937693093875
406.0840422587946;50.96811547951347;7;2;7_2;0.12696247448833722;2;7_2;SR_0_SM_0;0.5832937693093875
412.4295046694674;50.97130948254676;7;2;7_2;0.12884860552047686;2;7_2;SR_0_SM_0;0.5832937693093875
418.771773077107;57.319965896252825;7;2;7_2;0.1315159976065415;2;7_2;SR_0_SM_0;0.5832937693093875
425.1172354877798;57.32315989928611;7;2;7_2;0.13340212863868114;2;7_2;SR_0_SM_0;0.5832937693093875
431.4595038954194;63.67181631299218;7;2;7_2;0.1360695207247458;2;7_2;SR_0_SM_0;0.5832937693093875
437.8049663060922;63.67501031602546;7;2;7_2;0.13795565175688543;2;7_2;SR_0_SM_0;0.5832937693093875
444.1504287167651;63.67820431905875;7;2;7_2;0.1398417827890251;2;7_2;SR_0_SM_0;0.5832937693093875
450.49589112743786;63.68139832209204;7;2;7_2;0.1417279138211647;2;7_2;SR_0_SM_0;0.5832937693093875
456.83815953507735;70.03005473579833;7;2;7_2;0.14439530590722938;2;7_2;SR_0_SM_0;0.5832937693093875
463.1836219457503;70.03324873883184;7;2;7_2;0.14628143693936904;2;7_2;SR_0_SM_0;0.5832937693093875
469.52589035338974;76.38190515253791;7;2;7_2;0.1489488290254337;2;7_2;SR_0_SM_0;0.5832937693093875
475.8713527640626;76.3850991555712;7;2;7_2;0.15083496005757333;2;7_2;SR_0_SM_0;0.5832937693093875
482.2168151747354;76.38829315860448;7;2;7_2;0.152721091089713;2;7_2;SR_0_SM_0;0.5832937693093875
488.5590835823749;82.73694957231055;7;2;7_2;0.1553884831757776;2;7_2;SR_0_SM_0;0.5832937693093875
494.9045459930478;82.74014357534384;7;2;7_2;0.15727461420791725;2;7_2;SR_0_SM_0;0.5832937693093875
501.2500084037206;82.74333757837712;7;2;7_2;0.15916074524005686;2;7_2;SR_0_SM_0;0.5832937693093875
507.5922768113602;89.09199399208319;7;2;7_2;0.16182813732612153;2;7_2;SR_0_SM_0;0.5832937693093875
513.937739222033;89.09518799511648;7;2;7_2;0.16371426835826114;2;7_2;SR_0_SM_0;0.5832937693093875
520.2800076296726;95.44384440882254;7;2;7_2;0.16638166044432579;2;7_2;SR_0_SM_0;0.5832937693093875
526.6222760373121;101.79250082252884;7;2;7_2;0.1690490525303905;2;7_2;SR_0_SM_0;0.5832937693093875
532.9677384479849;101.79569482556212;7;2;7_2;0.1709351835625301;2;7_2;SR_0_SM_0;0.5832937693093875
539.3100068556245;108.1443512392682;7;2;7_2;0.17360257564859474;2;7_2;SR_0_SM_0;0.5832937693093875
545.6554692662972;108.14754524230148;7;2;7_2;0.17548870668073438;2;7_2;SR_0_SM_0;0.5832937693093875
551.9977376739369;114.49620165600754;7;2;7_2;0.17815609876679905;2;7_2;SR_0_SM_0;0.5832937693093875
558.3400060815763;120.8448580697136;7;2;7_2;0.18082349085286367;2;7_2;SR_0_SM_0;0.5832937693093875
564.6822744892158;127.19351448341968;7;2;7_2;0.1834908829389283;2;7_2;SR_0_SM_0;0.5832937693093875
571.0277368998887;127.19670848645296;7;2;7_2;0.18537701397106796;2;7_2;SR_0_SM_0;0.5832937693093875
577.3700053075282;133.54536490015926;7;2;7_2;0.18804440605713263;2;7_2;SR_0_SM_0;0.5832937693093875
583.7154677182011;133.54855890319254;7;2;7_2;0.1899305370892723;2;7_2;SR_0_SM_0;0.5832937693093875
590.0577361258405;139.8972153168986;7;2;7_2;0.19259792917533688;2;7_2;SR_0_SM_0;0.5832937693093875
596.40000453348;146.24587173060468;7;2;7_2;0.1952653212614015;2;7_2;SR_0_SM_0;0.5832937693093875
602.7422729411196;152.59452814431074;7;2;7_2;0.19793271334746618;2;7_2;SR_0_SM_0;0.5832937693093875
609.0877353517924;152.59772214734403;7;2;7_2;0.19981884437960581;2;7_2;SR_0_SM_0;0.5832937693093875
615.430003759432;158.9463785610501;7;2;7_2;0.20248623646567046;3;7_2;SR_1_SM_0;0.45633543379445013
621.7754661701048;158.94957256408338;7;2;7_2;0.20437236749781007;3;7_2;SR_1_SM_0;0.45633543379445013
628.1177345777444;165.29822897778968;7;2;7_2;0.20703975958387477;3;7_2;SR_1_SM_0;0.45633543379445013
634.4600029853839;171.64688539149574;7;2;7_2;0.2097071516699394;3;7_2;SR_1_SM_0;0.45633543379445013
640.8022713930234;177.9955418052018;7;2;7_2;0.212374543756004;3;7_2;SR_1_SM_0;0.45633543379445013
640.7990773899901;184.3410042158746;7;2;7_2;0.21426067478814362;3;7_2;SR_1_SM_0;0.45633543379445013
640.7958833869568;190.68646662654737;7;2;7_2;0.2161468058202833;3;7_2;SR_1_SM_0;0.45633543379445013
647.1381517945964;197.0351230402537;7;2;7_2;0.21881419790634798;3;7_2;SR_1_SM_0;0.45633543379445013
653.4804202022359;203.38377945395973;7;2;7_2;0.2214815899924126;3;7_2;SR_1_SM_0;0.45633543379445013
659.8226886098755;209.7324358676658;7;2;7_2;0.22414898207847728;3;7_2;SR_1_SM_0;0.45633543379445013
666.164957017515;216.0810922813721;7;2;7_2;0.22681637416454195;3;7_2;SR_1_SM_0;0.45633543379445013
666.1617630144817;222.4265546920451;7;2;7_2;0.22870250519668164;3;7_2;SR_1_SM_0;0.45633543379445013
666.1585690114484;228.77201710271788;7;2;7_2;0.23058863622882125;3;7_2;SR_1_SM_0;0.45633543379445013
672.5008374190879;235.12067351642395;7;2;7_2;0.23325602831488587;3;7_2;SR_1_SM_0;0.45633543379445013
678.8431058267274;241.46932993013;7;2;7_2;0.23592342040095055;3;7_2;SR_1_SM_0;0.45633543379445013
685.1853742343669;247.81798634383608;7;2;7_2;0.23859081248701516;3;7_2;SR_1_SM_0;0.45633543379445013
685.1821802313336;254.1634487545091;7;2;7_2;0.24047694351915483;3;7_2;SR_1_SM_0;0.45633543379445013
685.1789862283003;260.50891116518187;7;2;7_2;0.24236307455129447;3;7_2;SR_1_SM_0;0.45633543379445013
685.1757922252671;266.85437357585465;7;2;7_2;0.24424920558343408;3;7_2;SR_1_SM_0;0.45633543379445013
685.1725982222338;273.19983598652743;7;2;7_2;0.24613533661557369;3;7_2;SR_1_SM_0;0.45633543379445013
685.1694042192005;279.5452983972002;7;2;7_2;0.2480214676477133;3;7_2;SR_1_SM_0;0.45633543379445013
685.1662102161672;285.8907608078732;7;2;7_2;0.249907598679853;3;7_2;SR_1_SM_0;0.45633543379445013
685.1630162131339;292.236223218546;7;2;7_2;0.2517937297119927;3;7_2;SR_1_SM_0;0.45633543379445013
685.1598222101006;298.5816856292188;7;2;7_2;0.25367986074413235;3;7_2;SR_1_SM_0;0.45633543379445013
685.1566282070673;304.9271480398916;7;2;7_2;0.255565991776272;3;7_2;SR_1_SM_0;0.45633543379445013
685.153434204034;311.27261045056434;7;2;7_2;0.2574521228084116;3;7_2;SR_1_SM_0;0.45633543379445013
685.1502402010008;317.6180728612373;7;2;7_2;0.25933825384055126;3;7_2;SR_1_SM_0;0.45633543379445013
691.4925086086404;323.9667292749434;7;2;7_2;0.26200564592661596;3;7_2;SR_1_SM_0;0.45633543379445013
691.4893146056071;330.3121916856162;7;2;7_2;0.26389177695875554;3;7_2;SR_1_SM_0;0.45633543379445013
691.4861206025738;336.657654096289;7;2;7_2;0.2657779079908952;3;7_2;SR_1_SM_0;0.45633543379445013
691.4829265995405;343.00311650696176;7;2;7_2;0.2676640390230348;3;7_2;SR_1_SM_0;0.45633543379445013
691.4797325965071;349.3485789176348;7;2;7_2;0.2695501700551745;3;7_2;SR_1_SM_0;0.45633543379445013
691.4765385934738;355.69404132830755;7;2;7_2;0.27143630108731415;3;7_2;SR_1_SM_0;0.45633543379445013
691.4733445904405;362.03950373898033;7;2;7_2;0.2733224321194538;3;7_2;SR_1_SM_0;0.45633543379445013
691.4701505874073;368.3849661496531;7;2;7_2;0.2752085631515934;3;7_2;SR_1_SM_0;0.45633543379445013
691.466956584374;374.7304285603259;7;2;7_2;0.27709469418373306;3;7_2;SR_1_SM_0;0.45633543379445013
691.4637625813407;381.0758909709989;7;2;7_2;0.27898082521587275;3;7_2;SR_1_SM_0;0.45633543379445013
685.1151061676345;387.4181593786384;7;2;7_2;0.2816482173019374;3;7_2;SR_1_SM_0;0.45633543379445013
685.1119121646012;393.7636217893112;7;2;7_2;0.28353434833407704;3;7_2;SR_1_SM_0;0.45633543379445013
685.1087181615679;400.109084199984;7;2;7_2;0.2854204793662167;3;7_2;SR_1_SM_0;0.45633543379445013
685.1055241585346;406.45454661065696;7;2;7_2;0.28730661039835637;3;7_2;SR_1_SM_0;0.45633543379445013
685.1023301555014;412.80000902132974;7;2;7_2;0.289192741430496;3;7_2;SR_1_SM_0;0.45633543379445013
685.0991361524681;419.1454714320025;7;2;7_2;0.2910788724626356;3;7_2;SR_1_SM_0;0.45633543379445013
685.0959421494348;425.4909338426753;7;2;7_2;0.2929650034947752;3;7_2;SR_1_SM_0;0.45633543379445013
685.0927481464015;431.8363962533481;7;2;7_2;0.2948511345269148;3;7_2;SR_1_SM_0;0.45633543379445013
685.0895541433682;438.1818586640211;7;2;7_2;0.2967372655590545;3;7_2;SR_1_SM_0;0.45633543379445013
678.7408977296622;444.5241270716606;7;2;7_2;0.29940465764511914;3;7_2;SR_1_SM_0;0.45633543379445013
678.7377037266288;450.86958948233337;7;2;7_2;0.30129078867725884;4;7_2;SR_0_SM_0;0.7442713316022049
678.7345097235955;457.21505189300615;7;2;7_2;0.3031769197093984;4;7_2;SR_0_SM_0;0.7442713316022049
678.7313157205622;463.5605143036789;7;2;7_2;0.30506305074153806;4;7_2;SR_0_SM_0;0.7442713316022049
672.382659306856;469.90278271131865;7;2;7_2;0.30773044282760276;4;7_2;SR_0_SM_0;0.7442713316022049
666.0340028931499;476.2450511189581;7;2;7_2;0.31039783491366735;4;7_2;SR_0_SM_0;0.7442713316022049
666.0308088901166;482.5905135296309;7;2;7_2;0.312283965945807;4;7_2;SR_0_SM_0;0.7442713316022049
666.0276148870834;488.9359759403037;7;2;7_2;0.3141700969779467;4;7_2;SR_0_SM_0;0.7442713316022049
666.0244208840501;495.2814383509765;7;2;7_2;0.3160562280100863;4;7_2;SR_0_SM_0;0.7442713316022049
659.675764470344;501.623706758616;7;2;7_2;0.3187236200961509;4;7_2;SR_0_SM_0;0.7442713316022049
653.3271080566378;507.9659751662555;7;2;7_2;0.32139101218221555;4;7_2;SR_0_SM_0;0.7442713316022049
653.3239140536045;514.3114375769283;7;2;7_2;0.3232771432143552;4;7_2;SR_0_SM_0;0.7442713316022049
653.3207200505713;520.656899987601;7;2;7_2;0.32516327424649477;4;7_2;SR_0_SM_0;0.7442713316022049
646.9720636368652;526.9991683952405;7;2;7_2;0.3278306663325594;4;7_2;SR_0_SM_0;0.7442713316022049
646.9688696338319;533.3446308059135;7;2;7_2;0.3297167973646991;4;7_2;SR_0_SM_0;0.7442713316022049
640.6202132201257;539.686899213553;7;2;7_2;0.33238418945076376;4;7_2;SR_0_SM_0;0.7442713316022049
640.6170192170924;546.0323616242258;7;2;7_2;0.3342703204829034;4;7_2;SR_0_SM_0;0.7442713316022049
634.2683628033863;552.3746300318653;7;2;7_2;0.33693771256896804;4;7_2;SR_0_SM_0;0.7442713316022049
634.265168800353;558.7200924425381;7;2;7_2;0.3388238436011077;4;7_2;SR_0_SM_0;0.7442713316022049
634.2619747973197;565.0655548532111;7;2;7_2;0.34070997463324737;4;7_2;SR_0_SM_0;0.7442713316022049
627.9133183836136;571.4078232608506;7;2;7_2;0.343377366719312;4;7_2;SR_0_SM_0;0.7442713316022049
621.5646619699074;577.7500916684901;7;2;7_2;0.34604475880537666;4;7_2;SR_0_SM_0;0.7442713316022049
621.5614679668741;584.0955540791629;7;2;7_2;0.3479308898375163;4;7_2;SR_0_SM_0;0.7442713316022049
615.2128115531681;590.4378224868026;7;2;7_2;0.35059828192358095;4;7_2;SR_0_SM_0;0.7442713316022049
608.8641551394619;596.7800908944421;7;2;7_2;0.35326567400964565;4;7_2;SR_0_SM_0;0.7442713316022049
608.8609611364286;603.1255533051149;7;2;7_2;0.3551518050417853;4;7_2;SR_0_SM_0;0.7442713316022049
602.5123047227225;609.4678217127544;7;2;7_2;0.35781919712784993;4;7_2;SR_0_SM_0;0.7442713316022049
596.1636483090164;615.8100901203939;7;2;7_2;0.3604865892139146;4;7_2;SR_0_SM_0;0.7442713316022049
596.1604543059831;622.1555525310669;7;2;7_2;0.3623727202460542;4;7_2;SR_0_SM_0;0.7442713316022049
589.811797892277;628.4978209387064;7;2;7_2;0.36504011233211886;4;7_2;SR_0_SM_0;0.7442713316022049
589.8086038892437;634.8432833493791;7;2;7_2;0.3669262433642585;4;7_2;SR_0_SM_0;0.7442713316022049
589.8054098862104;641.1887457600519;7;2;7_2;0.3688123743963981;4;7_2;SR_0_SM_0;0.7442713316022049
583.4567534725044;647.5310141676914;7;2;7_2;0.3714797664824628;4;7_2;SR_0_SM_0;0.7442713316022049
577.1080970587981;653.8732825753311;7;2;7_2;0.3741471585685275;4;7_2;SR_0_SM_0;0.7442713316022049
570.759440645092;660.2155509829706;7;2;7_2;0.37681455065459213;4;7_2;SR_0_SM_0;0.7442713316022049
564.4107842313858;666.5578193906101;7;2;7_2;0.37948194274065683;4;7_2;SR_0_SM_0;0.7442713316022049
564.4075902283525;672.9032818012829;7;2;7_2;0.3813680737727964;4;7_2;SR_0_SM_0;0.7442713316022049
564.4043962253193;679.2487442119557;7;2;7_2;0.383254204804936;4;7_2;SR_0_SM_0;0.7442713316022049
564.401202222286;685.5942066226287;7;2;7_2;0.3851403358370757;4;7_2;SR_0_SM_0;0.7442713316022049
558.0525458085799;691.9364750302682;7;2;7_2;0.3878077279231403;4;7_2;SR_0_SM_0;0.7442713316022049
551.7038893948738;698.2787434379077;7;2;7_2;0.3904751200092049;4;7_2;SR_0_SM_0;0.7442713316022049
545.3552329811677;704.6210118455472;7;2;7_2;0.39314251209526957;4;7_2;SR_0_SM_0;0.7442713316022049
545.3520389781344;710.96647425622;7;2;7_2;0.39502864312740926;4;7_2;SR_0_SM_0;0.7442713316022049
545.3488449751011;717.311936666893;7;2;7_2;0.3969147741595489;4;7_2;SR_0_SM_0;0.7442713316022049
539.000188561395;723.6542050745325;7;2;7_2;0.39958216624561355;4;7_2;SR_0_SM_0;0.7442713316022049
532.6515321476888;729.996473482172;7;2;7_2;0.4022495583316782;5;7_2;SR_0_SM_0;0.7462589928057554
532.6483381446556;736.3419358928447;7;2;7_2;0.40413568936381783;5;7_2;SR_0_SM_0;0.7462589928057554
532.6451441416223;742.6873983035175;7;2;7_2;0.4060218203959574;5;7_2;SR_0_SM_0;0.7462589928057554
526.2964877279162;749.0296667111572;7;2;7_2;0.40868921248202217;5;7_2;SR_0_SM_0;0.7462589928057554
519.94783131421;755.3719351187967;7;2;7_2;0.4113566045680868;5;7_2;SR_0_SM_0;0.7462589928057554
519.9446373111767;761.7173975294695;7;2;7_2;0.41324273560022645;5;7_2;SR_0_SM_0;0.7462589928057554
519.9414433081434;768.0628599401423;7;2;7_2;0.4151288666323661;5;7_2;SR_0_SM_0;0.7462589928057554
513.5927868944373;774.405128347782;7;2;7_2;0.4177962587184308;5;7_2;SR_0_SM_0;0.7462589928057554
507.2441304807312;780.7473967554215;7;2;7_2;0.42046365080449544;5;7_2;SR_0_SM_0;0.7462589928057554
500.895474067025;787.089665163061;7;2;7_2;0.4231310428905601;5;7_2;SR_0_SM_0;0.7462589928057554
494.54681765331895;793.4319335707005;7;2;7_2;0.4257984349766247;5;7_2;SR_0_SM_0;0.7462589928057554
494.54362365028567;799.7773959813733;7;2;7_2;0.42768456600876426;5;7_2;SR_0_SM_0;0.7462589928057554
488.1949672365795;806.119664389013;7;2;7_2;0.43035195809482896;5;7_2;SR_0_SM_0;0.7462589928057554
488.1917732335462;812.4651267996858;7;2;7_2;0.43223808912696854;5;7_2;SR_0_SM_0;0.7462589928057554
488.1885792305129;818.8105892103586;7;2;7_2;0.4341242201591082;5;7_2;SR_0_SM_0;0.7462589928057554
488.1853852274796;825.1560516210313;7;2;7_2;0.43601035119124787;5;7_2;SR_0_SM_0;0.7462589928057554
481.8367288137736;831.4983200286708;7;2;7_2;0.43867774327731246;5;7_2;SR_0_SM_0;0.7462589928057554
475.4880724000675;837.8405884363106;7;2;7_2;0.44134513536337716;5;7_2;SR_0_SM_0;0.7462589928057554
475.4848783970342;844.1860508469833;7;2;7_2;0.44323126639551674;5;7_2;SR_0_SM_0;0.7462589928057554
475.4816843940009;850.5315132576561;7;2;7_2;0.44511739742765644;5;7_2;SR_0_SM_0;0.7462589928057554
469.1330279802946;856.8737816652956;7;2;7_2;0.44778478951372114;5;7_2;SR_0_SM_0;0.7462589928057554
469.1298339772613;863.2192440759684;7;2;7_2;0.4496709205458608;5;7_2;SR_0_SM_0;0.7462589928057554
462.7811775635553;869.5615124836081;7;2;7_2;0.4523383126319254;5;7_2;SR_0_SM_0;0.7462589928057554
462.777983560522;875.9069748942809;7;2;7_2;0.45422444366406506;5;7_2;SR_0_SM_0;0.7462589928057554
462.7747895574887;882.2524373049537;7;2;7_2;0.45611057469620464;5;7_2;SR_0_SM_0;0.7462589928057554
462.7715955544554;888.5978997156265;7;2;7_2;0.4579967057283442;5;7_2;SR_0_SM_0;0.7462589928057554
462.7684015514221;894.9433621262992;7;2;7_2;0.4598828367604839;5;7_2;SR_0_SM_0;0.7462589928057554
456.419745137716;901.2856305339388;7;2;7_2;0.46255022884654856;5;7_2;SR_0_SM_0;0.7462589928057554
456.41655113468266;907.6310929446116;7;2;7_2;0.4644363598786882;5;7_2;SR_0_SM_0;0.7462589928057554
456.4133571316494;913.9765553552844;7;2;7_2;0.46632249091082784;5;7_2;SR_0_SM_0;0.7462589928057554
456.4101631286161;920.3220177659572;7;2;7_2;0.4682086219429674;5;7_2;SR_0_SM_0;0.7462589928057554
456.4069691255828;926.66748017663;7;2;7_2;0.470094752975107;5;7_2;SR_0_SM_0;0.7462589928057554
456.4037751225495;933.0129425873027;7;2;7_2;0.47198088400724664;5;7_2;SR_0_SM_0;0.7462589928057554
456.4005811195162;939.3584049979758;7;2;7_2;0.47386701503938633;5;7_2;SR_0_SM_0;0.7462589928057554
450.05192470581017;945.7006734056152;7;2;7_2;0.476534407125451;5;7_2;SR_0_SM_0;0.7462589928057554
450.0487307027769;952.046135816288;7;2;7_2;0.47842053815759067;5;7_2;SR_0_SM_0;0.7462589928057554
450.0455366997435;958.3915982269608;7;2;7_2;0.48030666918973025;5;7_2;SR_0_SM_0;0.7462589928057554
450.0423426967102;964.7370606376336;7;2;7_2;0.48219280022186994;5;7_2;SR_0_SM_0;0.7462589928057554
456.3846111043497;971.08571705134;7;2;7_2;0.4848601923079346;5;7_2;SR_0_SM_0;0.7462589928057554
456.3814171013164;977.4311794620128;7;2;7_2;0.4867463233400742;5;7_2;SR_0_SM_0;0.7462589928057554
456.3782230982831;983.7766418726856;7;2;7_2;0.48863245437221386;5;7_2;SR_0_SM_0;0.7462589928057554
456.3750290952498;990.1221042833585;7;2;7_2;0.4905185854043535;5;7_2;SR_0_SM_0;0.7462589928057554
456.3718350922165;996.4675666940312;7;2;7_2;0.4924047164364931;5;7_2;SR_0_SM_0;0.7462589928057554
456.36864108918326;1002.813029104704;7;2;7_2;0.49429084746863283;5;7_2;SR_0_SM_0;0.7462589928057554
462.71090949682286;1009.16168551841;7;2;7_2;0.4969582395546974;5;7_2;SR_0_SM_0;0.7462589928057554
462.7077154937896;1015.507147929083;7;2;7_2;0.4988443705868371;5;7_2;SR_0_SM_0;0.7462589928057554
462.7045214907563;1021.8526103397558;7;2;7_2;0.5007305016189767;6;7_2;SR_0_SM_0;0.6000187251805724
462.701327487723;1028.1980727504288;7;2;7_2;0.5026166326511164;6;7_2;SR_0_SM_0;0.6000187251805724
462.6981334846897;1034.543535161101;7;2;7_2;0.5045027636832559;6;7_2;SR_0_SM_0;0.6000187251805724
469.0404018923292;1040.8921915748074;7;2;7_2;0.5071701557693206;6;7_2;SR_0_SM_0;0.6000187251805724
469.0372078892959;1047.2376539854804;7;2;7_2;0.5090562868014602;6;7_2;SR_0_SM_0;0.6000187251805724
469.0340138862626;1053.5831163961532;7;2;7_2;0.5109424178336;6;7_2;SR_0_SM_0;0.6000187251805724
475.3762822939021;1059.9317728098597;7;2;7_2;0.5136098099196647;6;7_2;SR_0_SM_0;0.6000187251805724
481.7185507015416;1066.2804292235655;7;2;7_2;0.5162772020057292;6;7_2;SR_0_SM_0;0.6000187251805724
488.0608191091811;1072.6290856372716;7;2;7_2;0.5189445940917938;6;7_2;SR_0_SM_0;0.6000187251805724
488.05762510614784;1078.9745480479444;7;2;7_2;0.5208307251239335;6;7_2;SR_0_SM_0;0.6000187251805724
494.39989351378745;1085.3232044616504;7;2;7_2;0.5234981172099982;6;7_2;SR_0_SM_0;0.6000187251805724
500.7421619214269;1091.6718608753567;7;2;7_2;0.5261655092960629;6;7_2;SR_0_SM_0;0.6000187251805724
507.08443032906655;1098.0205172890628;7;2;7_2;0.5288329013821275;6;7_2;SR_0_SM_0;0.6000187251805724
513.426698736706;1104.3691737027689;7;2;7_2;0.5315002934681922;6;7_2;SR_0_SM_0;0.6000187251805724
519.7689671443457;1110.717830116475;7;2;7_2;0.5341676855542568;6;7_2;SR_0_SM_0;0.6000187251805724
526.1112355519851;1117.066486530181;7;2;7_2;0.5368350776403215;6;7_2;SR_0_SM_0;0.6000187251805724
532.4535039596246;1123.4151429438873;7;2;7_2;0.539502469726386;6;7_2;SR_0_SM_0;0.6000187251805724
538.7957723672642;1129.7637993575934;7;2;7_2;0.5421698618124507;6;7_2;SR_0_SM_0;0.6000187251805724
545.1380407749037;1136.1124557712997;7;2;7_2;0.5448372538985155;6;7_2;SR_0_SM_0;0.6000187251805724
551.4803091825434;1142.4611121850055;7;2;7_2;0.54750464598458;6;7_2;SR_0_SM_0;0.6000187251805724
557.8225775901828;1148.8097685987118;7;2;7_2;0.5501720380706447;6;7_2;SR_0_SM_0;0.6000187251805724
564.1648459978223;1155.158425012418;7;2;7_2;0.5528394301567093;6;7_2;SR_0_SM_0;0.6000187251805724
570.5071144054618;1161.507081426124;7;2;7_2;0.5555068222427739;6;7_2;SR_0_SM_0;0.6000187251805724
576.8493828131013;1167.85573783983;7;2;7_2;0.5581742143288385;6;7_2;SR_0_SM_0;0.6000187251805724
583.1916512207409;1174.204394253536;7;2;7_2;0.5608416064149032;6;7_2;SR_0_SM_0;0.6000187251805724
589.5339196283804;1180.5530506672424;7;2;7_2;0.5635089985009678;6;7_2;SR_0_SM_0;0.6000187251805724
595.8761880360199;1186.9017070809484;7;2;7_2;0.5661763905870325;6;7_2;SR_0_SM_0;0.6000187251805724
602.2184564436595;1193.2503634946545;7;2;7_2;0.5688437826730972;6;7_2;SR_0_SM_0;0.6000187251805724
608.560724851299;1199.5990199083608;7;2;7_2;0.5715111747591618;6;7_2;SR_0_SM_0;0.6000187251805724
614.9029932589386;1205.9476763220669;7;2;7_2;0.5741785668452265;6;7_2;SR_0_SM_0;0.6000187251805724
621.2452616665781;1212.296332735773;7;2;7_2;0.5768459589312911;6;7_2;SR_0_SM_0;0.6000187251805724
627.590724077251;1212.2995267388064;7;2;7_2;0.5787320899634308;6;7_2;SR_0_SM_0;0.6000187251805724
633.9329924848905;1218.6481831525125;7;2;7_2;0.5813994820494953;6;7_2;SR_0_SM_0;0.6000187251805724
640.27526089253;1224.9968395662186;7;2;7_2;0.5840668741355599;6;7_2;SR_0_SM_0;0.6000187251805724
646.6175293001696;1231.3454959799246;7;2;7_2;0.5867342662216246;6;7_2;SR_0_SM_0;0.6000187251805724
652.9597977078091;1237.6941523936307;7;2;7_2;0.5894016583076893;6;7_2;SR_0_SM_0;0.6000187251805724
659.305260118482;1237.697346396664;7;2;7_2;0.591287789339829;6;7_2;SR_0_SM_0;0.6000187251805724
665.6475285261215;1244.0460028103705;7;2;7_2;0.5939551814258938;6;7_2;SR_0_SM_0;0.6000187251805724
671.989796933761;1250.3946592240763;7;2;7_2;0.5966225735119584;6;7_2;SR_0_SM_0;0.6000187251805724
678.3320653414006;1256.7433156377824;7;2;7_2;0.599289965598023;6;7_2;SR_0_SM_0;0.6000187251805724
684.67433374904;1263.0919720514885;7;2;7_2;0.6019573576840875;7;7_2;SR_0_SM_0;0.7054665185655348
691.0166021566796;1269.4406284651943;7;2;7_2;0.6046247497701521;7;7_2;SR_0_SM_0;0.7054665185655348
697.3588705643191;1275.7892848789006;7;2;7_2;0.6072921418562168;7;7_2;SR_0_SM_0;0.7054665185655348
703.7011389719587;1282.137941292607;7;2;7_2;0.6099595339422815;7;7_2;SR_0_SM_0;0.7054665185655348
710.0434073795982;1288.486597706313;7;2;7_2;0.6126269260283461;7;7_2;SR_0_SM_0;0.7054665185655348
716.3856757872377;1294.8352541200193;7;2;7_2;0.6152943181144108;7;7_2;SR_0_SM_0;0.7054665185655348
722.7279441948773;1301.183910533725;7;2;7_2;0.6179617102004755;7;7_2;SR_0_SM_0;0.7054665185655348
729.0702126025168;1307.5325669474314;7;2;7_2;0.6206291022865401;7;7_2;SR_0_SM_0;0.7054665185655348
735.4156750131897;1307.5357609504647;7;2;7_2;0.6225152333186798;7;7_2;SR_0_SM_0;0.7054665185655348
741.7579434208292;1313.8844173641708;7;2;7_2;0.6251826254047445;7;7_2;SR_0_SM_0;0.7054665185655348
748.1002118284687;1320.233073777877;7;2;7_2;0.627850017490809;7;7_2;SR_0_SM_0;0.7054665185655348
754.4456742391416;1320.23626778091;7;2;7_2;0.6297361485229488;7;7_2;SR_0_SM_0;0.7054665185655348
760.7879426467811;1326.5849241946162;7;2;7_2;0.6324035406090134;7;7_2;SR_0_SM_0;0.7054665185655348
767.1302110544207;1332.9335806083222;7;2;7_2;0.6350709326950779;7;7_2;SR_0_SM_0;0.7054665185655348
773.4724794620603;1339.2822370220283;7;2;7_2;0.6377383247811427;7;7_2;SR_0_SM_0;0.7054665185655348
779.8147478696998;1345.6308934357346;7;2;7_2;0.6404057168672073;7;7_2;SR_0_SM_0;0.7054665185655348
786.1570162773393;1351.979549849441;7;2;7_2;0.643073108953272;7;7_2;SR_0_SM_0;0.7054665185655348
792.4992846849788;1358.328206263147;7;2;7_2;0.6457405010393366;7;7_2;SR_0_SM_0;0.7054665185655348
798.8447470956515;1358.33140026618;7;2;7_2;0.6476266320714763;7;7_2;SR_0_SM_0;0.7054665185655348
805.1870155032913;1364.6800566798863;7;2;7_2;0.650294024157541;7;7_2;SR_0_SM_0;0.7054665185655348
811.532477913964;1364.6832506829196;7;2;7_2;0.6521801551896806;7;7_2;SR_0_SM_0;0.7054665185655348
817.8747463216035;1371.0319070966257;7;2;7_2;0.6548475472757451;7;7_2;SR_0_SM_0;0.7054665185655348
824.217014729243;1377.3805635103315;7;2;7_2;0.6575149393618098;7;7_2;SR_0_SM_0;0.7054665185655348
830.5592831368825;1383.729219924038;7;2;7_2;0.6601823314478744;7;7_2;SR_0_SM_0;0.7054665185655348
836.9015515445222;1390.077876337744;7;2;7_2;0.6628497235339392;7;7_2;SR_0_SM_0;0.7054665185655348
843.247013955195;1390.0810703407774;7;2;7_2;0.6647358545660788;7;7_2;SR_0_SM_0;0.7054665185655348
849.5892823628345;1396.4297267544837;7;2;7_2;0.6674032466521436;7;7_2;SR_0_SM_0;0.7054665185655348
855.931550770474;1402.7783831681895;7;2;7_2;0.670070638738208;7;7_2;SR_0_SM_0;0.7054665185655348
862.2738191781135;1409.1270395818956;7;2;7_2;0.6727380308242727;7;7_2;SR_0_SM_0;0.7054665185655348
868.6192815887865;1409.130233584929;7;2;7_2;0.6746241618564124;7;7_2;SR_0_SM_0;0.7054665185655348
874.9615499964258;1415.4788899986352;7;2;7_2;0.677291553942477;7;7_2;SR_0_SM_0;0.7054665185655348
881.3038184040653;1421.8275464123412;7;2;7_2;0.6799589460285417;7;7_2;SR_0_SM_0;0.7054665185655348
887.6460868117048;1428.1762028260473;7;2;7_2;0.6826263381146062;7;7_2;SR_0_SM_0;0.7054665185655348
893.9915492223776;1428.1793968290808;7;2;7_2;0.6845124691467459;7;7_2;SR_0_SM_0;0.7054665185655348
900.3338176300173;1434.5280532427869;7;2;7_2;0.6871798612328105;7;7_2;SR_0_SM_0;0.7054665185655348
906.6760860376568;1440.876709656493;7;2;7_2;0.6898472533188752;7;7_2;SR_0_SM_0;0.7054665185655348
913.0183544452964;1447.225366070199;7;2;7_2;0.6925146454049398;7;7_2;SR_0_SM_0;0.7054665185655348
919.3606228529358;1453.574022483905;7;2;7_2;0.6951820374910045;7;7_2;SR_0_SM_0;0.7054665185655348
925.7060852636088;1453.5772164869386;7;2;7_2;0.6970681685231441;7;7_2;SR_0_SM_0;0.7054665185655348
932.0483536712484;1459.925872900645;7;2;7_2;0.6997355606092089;7;7_2;SR_0_SM_0;0.7054665185655348
938.3906220788878;1466.2745293143507;7;2;7_2;0.7024029526952734;8;7_2;SR_0_SM_0;0.6804991844630732
944.7360844895604;1466.277723317384;7;2;7_2;0.704289083727413;8;7_2;SR_0_SM_0;0.6804991844630732
951.0783528972;1472.62637973109;7;2;7_2;0.7069564758134776;8;7_2;SR_0_SM_0;0.6804991844630732
957.4206213048398;1478.9750361447964;7;2;7_2;0.7096238678995423;8;7_2;SR_0_SM_0;0.6804991844630732
963.7660837155124;1478.9782301478294;7;2;7_2;0.7115099989316819;8;7_2;SR_0_SM_0;0.6804991844630732
970.108352123152;1485.3268865615355;7;2;7_2;0.7141773910177466;8;7_2;SR_0_SM_0;0.6804991844630732
976.4506205307916;1491.6755429752418;7;2;7_2;0.7168447831038112;8;7_2;SR_0_SM_0;0.6804991844630732
982.792888938431;1498.024199388948;7;2;7_2;0.7195121751898759;8;7_2;SR_0_SM_0;0.6804991844630732
989.1351573460709;1504.372855802654;7;2;7_2;0.7221795672759406;8;7_2;SR_0_SM_0;0.6804991844630732
995.4806197567436;1504.3760498056872;7;2;7_2;0.7240656983080802;8;7_2;SR_0_SM_0;0.6804991844630732
1001.822888164383;1510.7247062193935;7;2;7_2;0.7267330903941448;8;7_2;SR_0_SM_0;0.6804991844630732
1008.1683505750558;1510.7279002224268;7;2;7_2;0.7286192214262844;8;7_2;SR_0_SM_0;0.6804991844630732
1014.5106189826952;1517.0765566361329;7;2;7_2;0.731286613512349;8;7_2;SR_0_SM_0;0.6804991844630732
1020.852887390335;1523.425213049839;7;2;7_2;0.7339540055984138;8;7_2;SR_0_SM_0;0.6804991844630732
1027.1951557979744;1529.773869463545;7;2;7_2;0.7366213976844783;8;7_2;SR_0_SM_0;0.6804991844630732
1033.5406182086472;1529.7770634665785;7;2;7_2;0.738507528716618;8;7_2;SR_0_SM_0;0.6804991844630732
1039.882886616287;1536.1257198802846;7;2;7_2;0.7411749208026827;8;7_2;SR_0_SM_0;0.6804991844630732
1046.2283490269594;1536.128913883318;7;2;7_2;0.7430610518348223;8;7_2;SR_0_SM_0;0.6804991844630732
1052.5706174345992;1542.477570297024;7;2;7_2;0.7457284439208869;8;7_2;SR_0_SM_0;0.6804991844630732
1058.912885842239;1548.82622671073;7;2;7_2;0.7483958360069516;8;7_2;SR_0_SM_0;0.6804991844630732
1065.2551542498782;1555.1748831244363;7;2;7_2;0.7510632280930163;8;7_2;SR_0_SM_0;0.6804991844630732
1071.5974226575177;1561.5235395381424;7;2;7_2;0.7537306201790808;8;7_2;SR_0_SM_0;0.6804991844630732
1077.9428850681904;1561.5267335411756;7;2;7_2;0.7556167512112204;8;7_2;SR_0_SM_0;0.6804991844630732
1084.2851534758302;1567.8753899548817;7;2;7_2;0.7582841432972851;8;7_2;SR_0_SM_0;0.6804991844630732
1090.630615886503;1567.878583957915;7;2;7_2;0.7601702743294247;8;7_2;SR_0_SM_0;0.6804991844630732
1096.9728842941424;1574.227240371621;7;2;7_2;0.7628376664154893;8;7_2;SR_0_SM_0;0.6804991844630732
1103.315152701782;1580.5758967853271;7;2;7_2;0.765505058501554;8;7_2;SR_0_SM_0;0.6804991844630732
1109.660615112455;1580.5790907883606;7;2;7_2;0.7673911895336937;8;7_2;SR_0_SM_0;0.6804991844630732
1116.0028835200944;1586.9277472020667;7;2;7_2;0.7700585816197584;8;7_2;SR_0_SM_0;0.6804991844630732
1122.345151927734;1593.2764036157728;7;2;7_2;0.772725973705823;8;7_2;SR_0_SM_0;0.6804991844630732
1128.6906143384067;1593.279597618806;7;2;7_2;0.7746121047379625;8;7_2;SR_0_SM_0;0.6804991844630732
1135.0328827460462;1599.628254032512;7;2;7_2;0.7772794968240272;8;7_2;SR_0_SM_0;0.6804991844630732
1141.3783451567192;1599.6314480355454;7;2;7_2;0.7791656278561668;8;7_2;SR_0_SM_0;0.6804991844630732
1147.7206135643587;1605.9801044492517;7;2;7_2;0.7818330199422316;8;7_2;SR_0_SM_0;0.6804991844630732
1154.0660759750317;1605.983298452285;7;2;7_2;0.7837191509743713;8;7_2;SR_0_SM_0;0.6804991844630732
1160.408344382671;1612.331954865991;7;2;7_2;0.7863865430604358;8;7_2;SR_0_SM_0;0.6804991844630732
1166.7506127903102;1618.6806112796971;7;2;7_2;0.7890539351465005;8;7_2;SR_0_SM_0;0.6804991844630732
1173.0960752009833;1618.6838052827304;7;2;7_2;0.7909400661786402;8;7_2;SR_0_SM_0;0.6804991844630732
1179.4383436086227;1625.0324616964365;7;2;7_2;0.7936074582647047;8;7_2;SR_0_SM_0;0.6804991844630732
1185.7838060192955;1625.0356556994698;7;2;7_2;0.7954935892968445;8;7_2;SR_0_SM_0;0.6804991844630732
1192.126074426935;1631.3843121131758;7;2;7_2;0.798160981382909;8;7_2;SR_0_SM_0;0.6804991844630732
1198.4715368376078;1631.3875061162094;7;2;7_2;0.8000471124150487;9;7_2;SR_0_SM_0;0.8955357142857143
1204.8138052452475;1637.7361625299154;7;2;7_2;0.8027145045011134;9;7_2;SR_0_SM_0;0.8955357142857143
1211.1592676559203;1637.7393565329487;7;2;7_2;0.804600635533253;9;7_2;SR_0_SM_0;0.8955357142857143
1217.5015360635598;1644.0880129466548;7;2;7_2;0.8072680276193176;9;7_2;SR_0_SM_0;0.8955357142857143
1223.8469984742326;1644.091206949688;7;2;7_2;0.8091541586514572;9;7_2;SR_0_SM_0;0.8955357142857143
1230.189266881872;1650.439863363394;7;2;7_2;0.8118215507375219;9;7_2;SR_0_SM_0;0.8955357142857143
1236.534729292545;1650.4430573664274;7;2;7_2;0.8137076817696615;9;7_2;SR_0_SM_0;0.8955357142857143
1242.880191703218;1650.4462513694607;7;2;7_2;0.8155938128018012;9;7_2;SR_0_SM_0;0.8955357142857143
1249.2224601108574;1656.794907783167;7;2;7_2;0.8182612048878658;9;7_2;SR_0_SM_0;0.8955357142857143
1255.56792252153;1656.7981017862005;7;2;7_2;0.8201473359200054;9;7_2;SR_0_SM_0;0.8955357142857143
1261.9101909291696;1663.1467581999063;7;2;7_2;0.82281472800607;9;7_2;SR_0_SM_0;0.8955357142857143
1268.2524593368094;1669.4954146136124;7;2;7_2;0.8254821200921347;9;7_2;SR_0_SM_0;0.8955357142857143
1274.597921747482;1669.4986086166457;7;2;7_2;0.8273682511242741;9;7_2;SR_0_SM_0;0.8955357142857143
1280.9401901551216;1675.8472650303518;7;2;7_2;0.8300356432103388;9;7_2;SR_0_SM_0;0.8955357142857143
1287.2856525657944;1675.850459033385;7;2;7_2;0.8319217742424784;9;7_2;SR_0_SM_0;0.8955357142857143
1293.627920973434;1682.1991154470911;7;2;7_2;0.8345891663285431;9;7_2;SR_0_SM_0;0.8955357142857143
1299.973383384107;1682.2023094501246;7;2;7_2;0.8364752973606827;9;7_2;SR_0_SM_0;0.8955357142857143
1306.3156517917464;1688.5509658638307;7;2;7_2;0.8391426894467474;9;7_2;SR_0_SM_0;0.8955357142857143
1312.6611142024192;1688.554159866864;7;2;7_2;0.841028820478887;9;7_2;SR_0_SM_0;0.8955357142857143
1319.006576613092;1688.5573538698973;7;2;7_2;0.8429149515110267;9;7_2;SR_0_SM_0;0.8955357142857143
1325.3488450207317;1694.906010283603;7;2;7_2;0.8455823435970913;9;7_2;SR_0_SM_0;0.8955357142857143
1331.6943074314045;1694.9092042866366;7;2;7_2;0.8474684746292308;9;7_2;SR_0_SM_0;0.8955357142857143
1338.036575839044;1701.257860700343;7;2;7_2;0.8501358667152956;9;7_2;SR_0_SM_0;0.8955357142857143
1344.3820382497167;1701.2610547033762;7;2;7_2;0.8520219977474351;9;7_2;SR_0_SM_0;0.8955357142857143
1350.7275006603895;1701.2642487064095;7;2;7_2;0.8539081287795748;9;7_2;SR_0_SM_0;0.8955357142857143
1357.0697690680292;1707.6129051201156;7;2;7_2;0.8565755208656395;9;7_2;SR_0_SM_0;0.8955357142857143
1363.415231478702;1707.6160991231488;7;2;7_2;0.8584616518977791;9;7_2;SR_0_SM_0;0.8955357142857143
1369.7574998863415;1713.964755536855;7;2;7_2;0.8611290439838437;9;7_2;SR_0_SM_0;0.8955357142857143
1376.1029622970143;1713.9679495398882;7;2;7_2;0.8630151750159836;9;7_2;SR_0_SM_0;0.8955357142857143
1382.4452307046538;1720.3166059535945;7;2;7_2;0.8656825671020482;9;7_2;SR_0_SM_0;0.8955357142857143
1388.7906931153268;1720.3197999566278;7;2;7_2;0.8675686981341878;9;7_2;SR_0_SM_0;0.8955357142857143
1395.1329615229663;1726.6684563703338;7;2;7_2;0.8702360902202525;9;7_2;SR_0_SM_0;0.8955357142857143
1401.478423933639;1726.6716503733671;7;2;7_2;0.8721222212523921;9;7_2;SR_0_SM_0;0.8955357142857143
1407.823886344312;1726.6748443764004;7;2;7_2;0.8740083522845318;9;7_2;SR_0_SM_0;0.8955357142857143
1414.1661547519514;1733.0235007901065;7;2;7_2;0.8766757443705965;9;7_2;SR_0_SM_0;0.8955357142857143
1420.5116171626244;1733.0266947931398;7;2;7_2;0.8785618754027361;9;7_2;SR_0_SM_0;0.8955357142857143
1426.8570795732971;1733.029888796173;7;2;7_2;0.8804480064348758;9;7_2;SR_0_SM_0;0.8955357142857143
1433.1993479809366;1739.3785452098791;7;2;7_2;0.8831153985209402;9;7_2;SR_0_SM_0;0.8955357142857143
1439.5448103916094;1739.3817392129124;7;2;7_2;0.88500152955308;9;7_2;SR_0_SM_0;0.8955357142857143
1445.8902728022822;1739.3849332159457;7;2;7_2;0.8868876605852196;9;7_2;SR_0_SM_0;0.8955357142857143
1452.232541209922;1745.733589629652;7;2;7_2;0.8895550526712843;9;7_2;SR_0_SM_0;0.8955357142857143
1458.5780036205947;1745.7367836326853;7;2;7_2;0.8914411837034238;9;7_2;SR_0_SM_0;0.8955357142857143
1464.9234660312677;1745.7399776357186;7;2;7_2;0.8933273147355637;9;7_2;SR_0_SM_0;0.8955357142857143
1471.2689284419405;1745.7431716387518;7;2;7_2;0.8952134457677032;9;7_2;SR_0_SM_0;0.8955357142857143
1477.61119684958;1752.091828052458;7;2;7_2;0.8978808378537678;9;7_2;SR_0_SM_0;0.8955357142857143
1483.9566592602528;1752.0950220554912;7;2;7_2;0.8997669688859075;9;7_2;SR_0_SM_0;0.8955357142857143
1490.2989276678925;1758.4436784691973;7;2;7_2;0.9024343609719722;10;7_2;SR_0_SM_0;1.0
1496.644390078565;1758.4468724722306;7;2;7_2;0.9043204920041118;10;7_2;SR_0_SM_0;1.0
1502.9898524892378;1758.4500664752638;7;2;7_2;0.9062066230362513;10;7_2;SR_0_SM_0;1.0
1509.3353148999108;1758.4532604782971;7;2;7_2;0.9080927540683911;10;7_2;SR_0_SM_0;1.0
1515.6807773105836;1758.4564544813304;7;2;7_2;0.9099788851005306;10;7_2;SR_0_SM_0;1.0
1522.023045718223;1764.8051108950367;7;2;7_2;0.9126462771865954;10;7_2;SR_0_SM_0;1.0
1528.368508128896;1764.80830489807;7;2;7_2;0.914532408218735;10;7_2;SR_0_SM_0;1.0
1534.713970539569;1764.8114989011033;7;2;7_2;0.9164185392508747;10;7_2;SR_0_SM_0;1.0
1541.0562389472084;1771.1601553148091;7;2;7_2;0.9190859313369393;10;7_2;SR_0_SM_0;1.0
1547.4017013578812;1771.1633493178426;7;2;7_2;0.9209720623690789;10;7_2;SR_0_SM_0;1.0
1553.747163768554;1771.166543320876;7;2;7_2;0.9228581934012186;10;7_2;SR_0_SM_0;1.0
1560.0926261792267;1771.1697373239092;7;2;7_2;0.9247443244333581;10;7_2;SR_0_SM_0;1.0
1566.4380885898995;1771.1729313269425;7;2;7_2;0.9266304554654977;10;7_2;SR_0_SM_0;1.0
1572.7835510005723;1771.1761253299758;7;2;7_2;0.9285165864976374;10;7_2;SR_0_SM_0;1.0
1579.125819408212;1777.5247817436818;7;2;7_2;0.9311839785837022;10;7_2;SR_0_SM_0;1.0
1585.4712818188848;1777.5279757467151;7;2;7_2;0.9330701096158418;10;7_2;SR_0_SM_0;1.0
1591.8135502265245;1783.8766321604212;7;2;7_2;0.9357375017019064;10;7_2;SR_0_SM_0;1.0
1598.159012637197;1783.8798261634547;7;2;7_2;0.9376236327340459;10;7_2;SR_0_SM_0;1.0
1604.50447504787;1783.883020166488;7;2;7_2;0.9395097637661858;10;7_2;SR_0_SM_0;1.0
1610.8499374585429;1783.8862141695213;7;2;7_2;0.9413958947983253;10;7_2;SR_0_SM_0;1.0
1617.1953998692156;1783.8894081725546;7;2;7_2;0.9432820258304649;10;7_2;SR_0_SM_0;1.0
1623.5408622798884;1783.892602175588;7;2;7_2;0.9451681568626046;10;7_2;SR_0_SM_0;1.0
1629.8863246905612;1783.8957961786211;7;2;7_2;0.9470542878947443;10;7_2;SR_0_SM_0;1.0
1636.2317871012342;1783.8989901816544;7;2;7_2;0.948940418926884;10;7_2;SR_0_SM_0;1.0
1642.577249511907;1783.9021841846877;7;2;7_2;0.9508265499590236;10;7_2;SR_0_SM_0;1.0
1648.9195179195465;1790.2508405983938;7;2;7_2;0.9534939420450882;10;7_2;SR_0_SM_0;1.0
1655.2649803302193;1790.254034601427;7;2;7_2;0.9553800730772278;10;7_2;SR_0_SM_0;1.0
1661.6104427408925;1790.2572286044604;7;2;7_2;0.9572662041093676;10;7_2;SR_0_SM_0;1.0
1667.955905151565;1790.2604226074936;7;2;7_2;0.9591523351415071;10;7_2;SR_0_SM_0;1.0
1674.3013675622378;1790.263616610527;7;2;7_2;0.9610384661736467;10;7_2;SR_0_SM_0;1.0
1680.643635969877;1796.612273024233;7;2;7_2;0.9637058582597113;10;7_2;SR_0_SM_0;1.0
1686.98909838055;1796.6154670272665;7;2;7_2;0.965591989291851;10;7_2;SR_0_SM_0;1.0
1693.334560791223;1796.6186610302996;7;2;7_2;0.9674781203239906;10;7_2;SR_0_SM_0;1.0
1699.680023201896;1796.6218550333328;7;2;7_2;0.9693642513561302;10;7_2;SR_0_SM_0;1.0
1706.025485612569;1796.6250490363664;7;2;7_2;0.9712503823882699;10;7_2;SR_0_SM_0;1.0
1712.3709480232417;1796.6282430393994;7;2;7_2;0.9731365134204095;10;7_2;SR_0_SM_0;1.0
1718.7164104339142;1796.631437042433;7;2;7_2;0.9750226444525492;10;7_2;SR_0_SM_0;1.0
1725.0618728445872;1796.6346310454662;7;2;7_2;0.9769087754846888;10;7_2;SR_0_SM_0;1.0
1731.40733525526;1796.6378250484995;7;2;7_2;0.9787949065168284;10;7_2;SR_0_SM_0;1.0
1737.7496036628995;1802.9864814622056;7;2;7_2;0.9814622986028931;10;7_2;SR_0_SM_0;1.0
1744.0982600766056;1796.644213054566;7;2;7_2;0.9841296906889578;10;7_2;SR_0_SM_0;1.0
1750.4437224872784;1796.6474070575994;7;2;7_2;0.9860158217210975;10;7_2;SR_0_SM_0;1.0
1756.7891848979514;1796.6506010606329;7;2;7_2;0.9879019527532371;10;7_2;SR_0_SM_0;1.0
1763.1346473086242;1796.653795063666;7;2;7_2;0.9897880837853767;10;7_2;SR_0_SM_0;1.0
1769.480109719297;1796.6569890666992;7;2;7_2;0.9916742148175164;10;7_2;SR_0_SM_0;1.0
1775.8223781269364;1803.0056454804053;7;2;7_2;0.9943416069035809;10;7_2;SR_0_SM_0;1.0
1782.1678405376092;1803.0088394834384;7;2;7_2;0.9962277379357207;10;7_2;SR_0_SM_0;1.0
1788.5133029482822;1803.012033486472;7;2;7_2;0.9981138689678605;10;7_2;SR_0_SM_0;1.0
1794.858765358955;1803.0152274895047;7;2;7_2;1.0;10;7_2;SR_0_SM_0;1.0
